score,fresh,session,zone_type,atr_ratio,is_accuracy,trend,rsi,htf_trend,rvol,adx,touch_count,base_quality,departure_strength,liquidity_distance,liquidity_spread,liquidity_distance_score,liquidity_spread_score,return_strength,outcome
90,10,1,1,0.76,0,0,40.01,0,0.0,53.12,1,100,50.0,1.9,8.0,96.2,8.0,100.0,0
85,14,0,1,0.97,0,0,45.88,0,0.0,31.44,1,100,50.0,1.5,5.2,97.0,5.2,57.67,0
80,12,1,1,0.93,1,1,42.86,0,0.0,12.46,1,0,22.42,0.9,3.7,98.2,3.7,43.19,0
80,261,2,1,0.65,1,1,65.59,0,0.0,32.39,1,100,54.05,1.0,16.3,98.0,16.3,100.0,1
75,20,1,1,0.77,0,1,54.66,0,0.0,21.36,1,0,23.41,0.3,7.8,99.4,7.8,51.97,0
90,98,1,0,0.77,0,0,38.26,1,0.0,23.02,1,0,37.78,2.2,7.2,95.6,7.2,36.67,0
90,47,2,1,0.55,0,0,63.63,1,0.0,25.0,1,0,37.45,7.8,16.9,84.4,16.9,46.04,0
95,18,2,1,1.32,0,0,58.56,1,0.0,14.52,1,100,35.09,0.3,15.4,99.4,15.4,100.0,0
95,57,2,0,0.34,0,0,32.94,1,0.0,38.03,1,100,43.33,0.8,14.0,98.4,14.0,50.0,0
90,38,2,1,1.35,0,0,61.18,1,0.0,19.75,1,100,50.0,2.2,13.3,95.6,13.3,100.0,0
70,74,2,1,0.6,0,1,69.2,1,0.0,33.64,1,100,50.0,2.6,19.2,94.8,19.2,100.0,0
90,11,2,0,0.58,0,1,63.34,1,0.0,20.23,1,100,50.04,3.7,6.0,92.6,6.0,47.43,0
95,7,1,0,0.73,0,1,52.89,1,0.0,29.83,1,100,48.19,3.9,8.5,92.2,8.5,100.0,0
70,16,0,0,0.69,0,0,41.91,1,0.0,27.85,1,0,27.14,1.6,4.6,96.8,4.6,48.03,0
85,10,2,0,0.88,0,1,50.71,1,0.0,18.15,1,0,50.0,0.2,5.6,99.6,5.6,30.37,0
100,11,1,1,0.62,1,0,43.03,0,0.0,40.47,1,100,56.72,7.9,6.7,84.2,6.7,36.67,0
95,10,1,0,0.77,0,1,63.11,1,0.0,41.18,1,100,47.06,3.5,4.7,93.0,4.7,62.67,0
85,7,0,1,0.46,0,0,55.02,0,0.0,11.48,1,0,50.0,0.2,3.1,99.6,3.1,47.6,1
95,56,1,0,0.97,1,1,39.31,0,0.0,16.6,1,0,35.57,0.5,7.5,99.0,7.5,100.0,1
90,10,2,1,0.74,0,0,51.76,0,0.0,15.0,1,100,60.62,4.7,3.1,90.6,3.1,42.92,1
95,7,1,0,1.34,0,1,63.56,0,0.0,33.34,1,0,35.9,1.6,4.6,96.8,4.6,100.0,0
75,17,2,1,1.12,0,1,56.96,0,0.0,22.34,1,100,34.63,5.8,3.4,88.4,3.4,69.56,0
70,8,2,1,0.43,0,1,58.28,0,0.0,28.18,1,100,33.94,2.8,0.8,94.4,0.8,36.67,0
95,12,1,0,0.85,0,1,58.14,0,0.0,30.76,1,100,38.49,3.3,5.2,93.4,5.2,53.33,0
95,14,1,1,0.22,1,0,52.93,0,0.0,17.92,1,100,34.38,1.1,3.0,97.8,3.0,100.0,0
95,10,2,1,0.82,1,0,28.66,0,0.0,36.8,1,0,32.67,0.7,8.1,98.6,8.1,100.0,1
100,130,2,0,0.12,1,0,36.02,0,0.0,24.85,1,0,30.38,2.3,6.2,95.4,6.2,100.0,0
95,190,1,1,1.73,0,1,73.53,0,0.0,40.92,1,100,49.23,1.4,15.5,97.2,15.5,100.0,0
95,61,2,0,0.63,0,1,35.54,1,0.0,24.65,1,100,48.79,2.5,14.1,95.0,14.1,100.0,1
95,246,1,1,0.67,1,1,57.3,0,0.0,22.96,1,100,40.26,3.7,3.8,92.6,3.8,100.0,1
95,106,1,0,0.6,1,0,36.21,1,0.0,28.26,1,100,52.04,0.9,10.2,98.2,10.2,100.0,0
90,257,2,1,0.71,0,1,57.2,0,0.0,28.11,1,0,25.09,2.6,5.9,94.8,5.9,100.0,0
100,12,2,1,1.02,1,0,45.52,0,0.0,12.05,1,100,27.13,0.8,7.6,98.4,7.6,49.11,0
90,13,2,0,0.92,0,1,53.33,1,0.0,22.71,1,0,50.0,1.5,16.9,97.0,16.9,100.0,1
75,27,1,1,0.63,1,1,54.06,1,0.0,21.07,1,0,25.79,1.7,2.9,96.6,2.9,49.73,1
95,15,2,0,0.98,0,1,46.32,1,0.0,19.29,1,100,36.03,0.3,8.6,99.4,8.6,62.32,0
70,7,1,1,0.69,0,0,31.28,1,0.0,22.43,1,0,20.36,3.0,2.9,94.0,2.9,36.67,0
90,53,0,1,1.12,0,0,66.54,0,0.0,25.85,1,100,55.82,0.1,3.0,99.8,3.0,37.61,0
80,7,2,0,0.31,1,0,32.52,0,0.0,46.58,1,100,35.04,3.1,1.3,93.8,1.3,26.67,0
85,85,1,0,0.6,0,1,39.6,1,0.0,15.31,1,0,50.0,2.5,4.1,95.0,4.1,36.67,0
90,13,2,1,0.86,0,0,48.96,1,0.0,13.84,1,100,35.56,3.9,4.4,92.2,4.4,33.33,0
100,160,0,0,0.48,1,0,26.35,1,0.0,22.72,1,100,50.0,0.9,3.0,98.2,3.0,50.0,0
80,6,1,0,0.8,1,0,43.97,1,0.0,19.86,1,0,31.13,0.2,3.8,99.6,3.8,100.0,0
95,18,2,1,1.06,0,0,53.7,0,0.0,26.59,1,100,62.95,3.6,5.9,92.8,5.9,45.6,0
70,153,2,1,0.38,0,1,74.81,1,0.0,49.02,1,100,30.86,1.8,3.9,96.4,3.9,100.0,1
90,35,0,1,0.44,0,0,56.12,1,0.0,28.12,1,100,35.19,0.4,2.8,99.2,2.8,43.79,0
90,11,1,1,0.85,0,0,51.02,1,0.0,22.99,1,0,29.12,3.8,3.1,92.4,3.1,58.33,0
95,62,1,0,0.54,1,1,41.46,1,0.0,19.69,1,100,42.86,1.8,6.7,96.4,6.7,25.32,0
90,19,0,1,0.43,0,0,33.18,1,0.0,28.88,1,100,49.13,0.2,8.7,99.6,8.7,36.67,0
75,48,0,1,0.78,1,1,54.79,0,0.0,26.34,1,0,28.47,0.4,4.9,99.2,4.9,70.56,0
90,65,0,0,0.66,0,1,56.26,1,0.0,17.99,1,100,53.53,0.7,3.7,98.6,3.7,53.33,1
70,9,2,1,0.4,0,1,51.68,0,0.0,17.6,1,100,50.0,0.5,2.5,99.0,2.5,100.0,1
90,72,2,0,0.51,0,0,42.06,0,0.0,30.93,1,100,37.5,3.3,5.0,93.4,5.0,100.0,0
95,18,2,1,0.71,1,0,54.91,0,0.0,19.79,1,100,53.81,5.7,7.1,88.6,7.1,36.67,1
90,22,2,0,0.68,0,0,47.72,0,0.0,23.57,1,100,50.0,2.4,4.2,95.2,4.2,70.24,0
70,10,0,1,0.84,0,0,38.33,0,0.0,27.63,1,100,48.23,1.6,4.1,96.8,4.1,26.67,0
95,7,1,1,0.8,1,0,40.04,0,0.0,31.38,1,0,50.0,0.5,7.0,99.0,7.0,100.0,0
75,5,2,1,2.11,0,1,63.6,0,0.0,31.62,1,0,17.61,0.9,4.7,98.2,4.7,100.0,0
95,12,1,1,1.06,1,0,36.65,0,0.0,42.17,1,0,32.5,2.6,4.1,94.8,4.1,100.0,0
100,226,1,0,0.38,1,0,37.71,1,0.0,25.86,1,100,30.37,1.2,10.5,97.6,10.5,54.93,0
95,14,0,0,0.21,1,1,56.37,1,0.0,48.14,1,100,54.39,10.0,2.3,80.0,2.3,46.04,1
95,79,2,0,1.15,1,1,73.42,1,0.0,25.31,1,100,39.68,1.5,20.0,97.0,20.0,100.0,0
90,12,0,0,0.81,0,1,46.96,1,0.0,12.71,1,100,48.64,2.2,2.4,95.6,2.4,56.44,1
95,24,0,1,0.91,1,0,58.91,1,0.0,20.59,1,100,37.25,1.3,3.5,97.4,3.5,80.12,0
85,19,2,1,0.8,0,0,52.62,1,0.0,32.08,1,100,50.0,2.6,7.1,94.8,7.1,100.0,1
80,13,1,0,0.55,1,0,44.58,0,0.0,32.67,1,100,46.14,1.2,4.9,97.6,4.9,56.31,1
95,55,0,1,0.36,1,0,57.67,0,0.0,30.57,1,100,43.16,4.9,4.5,90.2,4.5,26.67,0
85,28,0,1,0.43,0,0,55.2,0,0.0,32.31,1,100,50.0,0.9,3.0,98.2,3.0,36.67,0
95,191,1,1,0.74,0,1,62.12,0,0.0,39.21,1,100,54.17,3.5,4.5,93.0,4.5,45.61,1
80,17,1,0,0.17,1,0,39.5,0,0.0,23.63,1,100,51.06,2.8,7.2,94.4,7.2,100.0,1
90,73,1,0,1.27,0,1,43.97,1,0.0,27.66,1,100,62.09,0.5,9.5,99.0,9.5,100.0,0
90,9,0,0,0.63,0,1,55.75,1,0.0,10.92,1,100,52.38,0.3,2.1,99.4,2.1,100.0,0
70,9,2,0,0.55,0,0,50.82,1,0.0,31.56,1,100,50.0,2.3,6.0,95.4,6.0,55.24,1
90,103,1,0,0.27,0,0,37.03,1,0.0,24.99,1,100,55.48,2.3,7.7,95.4,7.7,57.64,0
75,60,2,1,1.09,0,0,32.04,1,0.0,14.69,1,100,36.31,1.1,6.2,97.8,6.2,50.0,1
65,9,2,0,0.62,0,0,53.68,1,0.0,11.89,1,100,50.0,1.3,2.2,97.4,2.2,48.73,1
95,20,2,1,1.19,0,0,52.04,0,0.0,39.51,1,100,57.14,5.2,2.5,89.6,2.5,100.0,1
90,52,0,1,0.71,0,0,60.69,0,0.0,23.64,1,100,53.57,0.8,3.3,98.4,3.3,30.95,0
100,17,2,1,0.86,1,0,58.0,0,0.0,14.45,1,100,45.77,9.6,3.4,80.8,3.4,35.78,1
90,40,0,1,0.47,0,0,63.73,0,0.0,29.13,1,0,31.09,4.2,5.8,91.6,5.8,31.88,0
95,9,1,1,0.75,0,0,57.16,0,0.0,20.47,1,100,49.48,2.1,5.7,95.8,5.7,45.99,0
90,15,0,1,0.44,0,0,43.59,0,0.0,19.51,1,0,38.19,1.8,2.2,96.4,2.2,38.21,1
95,20,2,1,1.22,0,0,43.52,0,0.0,23.54,1,100,50.98,0.6,9.7,98.8,9.7,50.67,0
90,10,2,0,0.83,0,1,53.81,0,0.0,20.72,1,100,49.88,0.7,3.5,98.6,3.5,45.49,0
90,17,1,0,0.97,0,1,44.68,1,0.0,21.93,1,100,38.7,6.2,3.0,87.6,3.0,100.0,0
85,38,1,0,1.41,0,1,36.74,0,0.0,29.46,1,100,50.0,2.8,3.4,94.4,3.4,39.23,0
95,37,0,0,0.37,1,0,40.29,0,0.0,26.4,1,100,43.86,1.5,4.6,97.0,4.6,26.67,1
70,9,2,0,1.17,0,0,42.23,0,0.0,36.46,1,0,19.23,2.7,7.3,94.6,7.3,50.0,0
85,12,2,1,0.56,0,0,49.22,0,0.0,23.75,1,0,50.0,4.1,3.0,91.8,3.0,36.67,0
85,20,0,0,0.56,0,1,54.35,0,0.0,38.77,1,100,50.0,0.1,3.5,99.8,3.5,26.88,0
90,45,2,1,0.81,0,0,53.22,0,0.0,20.3,1,0,50.0,4.6,3.4,90.8,3.4,100.0,0
70,6,0,1,0.71,0,1,44.77,0,0.0,29.4,1,100,50.4,0.5,2.7,99.0,2.7,100.0,0
90,14,1,0,0.66,0,1,46.95,0,0.0,21.11,1,0,40.45,0.2,3.7,99.6,3.7,50.0,0
95,128,2,0,0.85,1,1,43.19,0,0.0,19.59,1,0,28.1,1.0,2.7,98.0,2.7,100.0,1
90,27,2,1,0.45,0,0,43.78,0,0.0,25.79,1,0,50.0,1.1,10.4,97.8,10.4,50.0,0
95,29,2,0,0.56,0,1,40.88,1,0.0,33.65,1,100,56.13,4.0,11.6,92.0,11.6,100.0,0
100,43,2,0,0.4,1,0,30.98,0,0.0,32.17,1,100,53.98,2.5,3.3,95.0,3.3,100.0,0
95,16,1,1,0.63,0,0,42.18,0,0.0,12.58,1,100,42.95,4.8,6.8,90.4,6.8,26.67,0
80,10,1,0,0.51,1,0,53.89,0,0.0,21.29,1,100,38.3,1.3,2.7,97.4,2.7,50.0,0
95,11,2,1,0.4,0,0,35.57,0,0.0,35.86,1,100,53.48,2.0,11.2,96.0,11.2,50.0,1
90,89,1,1,0.7,0,0,62.59,0,0.0,22.14,1,0,34.17,5.1,10.4,89.8,10.4,43.69,0
95,9,2,1,0.82,1,0,47.2,0,0.0,7.94,1,100,39.4,0.5,4.1,99.0,4.1,100.0,0
70,32,1,1,0.37,0,1,52.4,0,0.0,26.9,1,100,46.91,1.5,1.8,97.0,1.8,26.54,0
90,18,1,0,0.95,0,1,47.05,1,0.0,11.71,1,100,50.0,1.3,9.1,97.4,9.1,30.95,0
80,7,2,0,0.39,1,0,41.9,1,0.0,30.82,1,100,50.0,0.3,4.4,99.4,4.4,50.0,0
95,48,1,0,0.55,1,1,40.69,1,0.0,18.79,1,100,46.11,2.8,3.7,94.4,3.7,29.76,0
65,26,2,0,0.68,0,0,40.16,0,0.0,28.39,1,100,50.0,0.3,6.9,99.4,6.9,100.0,0
90,45,1,1,0.94,0,1,60.1,0,0.0,32.87,1,100,34.55,0.7,5.1,98.6,5.1,50.0,0
100,36,2,1,1.21,1,0,65.38,0,0.0,28.14,1,100,39.53,9.4,10.6,81.2,10.6,52.92,1
70,6,2,1,0.65,0,1,51.55,1,0.0,24.45,1,100,50.0,0.9,5.8,98.2,5.8,53.94,0
75,12,1,0,1.15,1,0,48.93,1,0.0,15.88,1,100,35.73,0.6,6.2,98.8,6.2,60.48,1
70,13,0,0,0.9,0,0,39.96,1,0.0,31.9,1,0,32.25,0.4,2.0,99.2,2.0,100.0,0
95,72,2,1,0.86,0,0,65.09,0,0.0,15.64,1,100,37.2,4.8,3.0,90.4,3.0,60.42,0
90,14,2,1,0.76,0,0,46.04,0,0.0,30.1,1,100,56.75,2.8,8.6,94.4,8.6,43.05,0
95,48,2,0,0.6,0,1,37.8,1,0.0,31.84,1,0,30.17,2.2,8.5,95.6,8.5,100.0,0
85,6,0,0,0.85,0,1,59.81,1,0.0,24.87,1,100,50.0,0.5,3.3,99.0,3.3,100.0,0
65,8,2,0,1.2,0,0,52.6,1,0.0,24.41,1,100,50.0,0.7,4.3,98.6,4.3,50.0,0
75,31,2,0,0.55,1,0,40.69,1,0.0,16.57,1,100,37.14,1.3,1.8,97.4,1.8,36.67,0
95,125,2,1,0.82,0,1,71.59,1,0.0,28.62,1,100,41.45,5.7,16.3,88.6,16.3,27.51,1
100,7,1,1,1.39,1,0,43.19,1,0.0,19.77,1,0,22.3,2.0,3.0,96.0,3.0,38.99,1
90,30,2,0,0.71,0,1,49.32,1,0.0,14.35,1,0,20.89,0.2,0.7,99.6,0.7,50.0,0
90,17,2,1,0.74,0,0,46.31,1,0.0,42.08,1,100,42.06,1.2,7.1,97.6,7.1,50.0,0
75,22,2,1,0.84,0,1,60.3,1,0.0,24.94,1,100,40.8,1.5,7.0,97.0,7.0,39.11,0
85,11,0,1,0.9,0,0,43.73,1,0.0,28.2,1,100,50.0,0.2,2.0,99.6,2.0,30.18,0
95,31,0,0,1.39,1,1,45.91,1,0.0,31.92,1,100,52.01,0.3,4.4,99.4,4.4,37.15,0
95,8,1,1,0.52,1,0,45.72,1,0.0,12.73,1,100,57.81,1.7,2.6,96.6,2.6,51.88,0
95,22,2,1,1.36,0,0,49.36,1,0.0,12.33,1,100,47.94,2.7,3.0,94.6,3.0,25.93,0
70,6,2,0,0.83,0,0,35.16,1,0.0,50.34,1,100,43.48,0.1,0.7,99.8,0.7,100.0,0
95,35,2,0,0.78,0,1,38.1,1,0.0,31.54,1,100,49.3,3.4,24.3,93.2,24.3,100.0,1
100,10,1,0,1.0,1,1,51.19,0,0.0,16.45,1,100,54.21,1.8,4.6,96.4,4.6,100.0,0
75,6,2,1,0.82,1,1,47.63,0,0.0,21.52,1,100,29.77,0.1,2.3,99.8,2.3,100.0,1
75,22,1,0,0.9,1,1,53.69,0,0.0,20.29,1,100,41.67,2.5,1.8,95.0,1.8,41.97,0
100,17,1,1,0.73,1,0,52.59,0,0.0,29.8,1,100,44.88,2.4,4.4,95.2,4.4,36.67,0
90,37,0,0,1.37,0,1,40.63,1,0.0,20.74,1,100,51.47,0.4,2.1,99.2,2.1,50.0,0
90,10,2,0,0.77,0,1,64.9,1,0.0,50.66,1,100,53.29,0.8,2.9,98.4,2.9,100.0,0
90,7,2,0,0.87,0,1,58.75,1,0.0,15.41,1,100,50.0,0.9,3.9,98.2,3.9,100.0,0
90,12,2,1,0.72,0,0,47.32,0,0.0,36.78,1,100,50.0,3.7,7.7,92.6,7.7,45.76,0
95,8,2,1,0.38,1,0,37.7,0,0.0,12.05,1,100,50.0,3.5,5.0,93.0,5.0,50.0,0
95,74,1,1,0.98,1,1,62.54,0,0.0,20.62,1,100,49.85,1.7,2.8,96.6,2.8,36.67,0
95,13,2,1,0.48,1,0,46.18,0,0.0,11.72,1,0,32.27,0.8,4.3,98.4,4.3,100.0,1
70,8,2,0,0.97,0,0,46.23,0,0.0,23.14,1,100,50.0,4.5,3.2,91.0,3.2,100.0,0
90,21,1,0,0.64,0,1,48.97,0,0.0,21.89,1,0,27.42,0.7,3.4,98.6,3.4,50.0,1
70,27,2,1,0.89,0,1,62.03,0,0.0,18.48,1,100,34.44,4.3,3.3,91.4,3.3,34.56,0
80,27,2,1,0.61,1,1,53.59,0,0.0,14.87,1,0,35.95,0.9,11.3,98.2,11.3,33.97,1
90,40,2,1,0.4,0,0,62.14,0,0.0,36.31,1,100,46.68,3.3,2.7,93.4,2.7,59.8,0
95,34,2,0,0.95,0,1,36.55,1,0.0,29.49,1,100,36.91,1.8,3.7,96.4,3.7,62.18,0
65,6,2,1,0.66,0,1,35.36,1,0.0,22.44,1,100,50.0,0.2,5.2,99.6,5.2,50.0,1
80,65,2,0,1.17,1,0,35.77,1,0.0,18.21,1,100,41.12,1.8,4.0,96.4,4.0,25.93,0
80,12,2,1,1.06,1,1,49.31,1,0.0,16.63,1,100,55.35,2.2,4.2,95.6,4.2,100.0,0
90,150,2,1,0.18,0,1,59.86,1,0.0,25.76,1,100,44.35,1.6,2.9,96.8,2.9,100.0,0
90,14,2,0,0.55,0,1,55.5,1,0.0,24.16,1,100,50.0,2.3,2.4,95.4,2.4,25.2,0
90,8,2,0,0.91,0,1,58.36,1,0.0,19.22,1,100,38.78,0.9,3.4,98.2,3.4,50.0,1
75,5,2,1,0.59,1,1,58.0,1,0.0,26.83,1,0,27.1,1.7,1.8,96.6,1.8,45.0,1
95,9,0,0,0.85,1,1,56.56,1,0.0,10.22,1,0,36.73,0.7,1.8,98.6,1.8,26.67,0
75,33,2,0,1.0,0,0,40.1,1,0.0,12.39,1,0,30.32,0.8,0.4,98.4,0.4,100.0,0
100,15,2,0,0.51,1,1,53.42,1,0.0,22.51,1,100,50.0,0.7,5.5,98.6,5.5,100.0,1
95,11,1,1,0.55,0,0,39.72,0,0.0,50.15,1,100,47.18,3.0,3.4,94.0,3.4,64.42,0
75,11,2,1,0.38,1,1,51.36,0,0.0,12.08,1,100,50.0,0.6,7.2,98.8,7.2,68.67,1
100,211,1,1,1.08,1,1,63.24,0,0.0,28.58,1,100,54.42,2.2,4.0,95.6,4.0,46.89,1
90,12,2,0,0.3,0,1,53.33,0,0.0,24.39,1,100,50.0,1.2,2.5,97.6,2.5,54.17,0
95,13,2,1,0.95,1,0,50.59,0,0.0,16.96,1,100,31.25,0.1,2.3,99.8,2.3,67.92,0
90,6,2,0,0.57,0,1,79.72,0,0.0,47.16,1,0,50.0,0.2,7.4,99.6,7.4,50.0,0
90,8,1,0,0.76,0,1,58.32,1,0.0,15.91,1,100,50.0,0.3,1.4,99.4,1.4,66.78,0
100,13,1,1,0.47,1,0,43.17,1,0.0,22.1,1,0,35.12,2.8,3.3,94.4,3.3,31.67,0
90,12,0,0,0.66,0,1,55.79,1,0.0,16.34,1,0,28.89,0.9,1.4,98.2,1.4,36.67,0
95,30,2,1,1.19,0,0,53.63,0,0.0,39.1,1,100,44.92,0.9,3.0,98.2,3.0,100.0,0
90,17,0,1,0.51,0,0,43.24,0,0.0,12.44,1,100,55.16,0.4,2.1,99.2,2.1,100.0,1
95,8,1,1,0.96,0,0,24.92,0,0.0,68.62,1,0,21.27,3.3,4.3,93.4,4.3,39.61,0
95,37,2,1,1.01,0,0,51.97,0,0.0,22.53,1,0,35.33,1.1,9.9,97.8,9.9,100.0,0
95,8,2,0,1.49,0,1,53.72,0,0.0,15.66,1,100,41.53,0.9,4.8,98.2,4.8,100.0,1
90,18,1,0,0.88,0,1,49.29,0,0.0,26.35,1,100,50.0,2.2,3.9,95.6,3.9,59.39,0
95,12,2,1,0.77,0,0,45.99,0,0.0,28.5,1,100,43.78,4.9,4.0,90.2,4.0,65.5,0
95,48,1,0,1.33,0,1,39.71,1,0.0,17.08,1,100,62.16,3.0,3.5,94.0,3.5,100.0,0
95,18,1,0,0.79,0,1,44.6,1,0.0,29.68,1,100,58.19,5.0,5.9,90.0,5.9,54.72,0
75,26,2,1,0.58,0,1,56.4,0,0.0,20.68,1,100,47.22,3.5,3.1,93.0,3.1,51.21,0
100,18,1,1,0.61,1,0,47.53,0,0.0,33.67,1,100,37.58,0.2,5.3,99.6,5.3,100.0,0
85,11,2,0,0.59,0,1,43.17,1,0.0,22.13,1,100,50.0,2.0,1.8,96.0,1.8,26.67,0
95,10,2,1,1.11,0,0,46.92,1,0.0,15.1,1,100,42.72,1.6,5.9,96.8,5.9,100.0,0
90,13,2,0,0.6,0,1,50.34,1,0.0,27.53,1,0,32.11,3.2,4.3,93.6,4.3,66.08,1
90,9,2,0,0.67,0,1,61.16,1,0.0,26.36,1,100,41.2,2.1,3.6,95.8,3.6,100.0,0
90,6,2,0,0.76,0,1,64.6,1,0.0,24.64,1,100,50.0,0.2,0.9,99.6,0.9,100.0,0
90,68,1,1,0.77,0,0,60.82,0,0.0,15.41,1,100,39.48,0.1,2.5,99.8,2.5,100.0,0
75,28,1,1,0.45,1,1,52.1,1,0.0,41.7,1,100,50.0,0.2,0.9,99.6,0.9,49.36,1
75,7,2,1,0.27,1,0,47.17,1,0.0,27.3,1,0,50.0,0.2,11.6,99.6,11.6,50.0,0
90,6,1,1,0.84,0,0,46.59,0,0.0,23.8,1,100,40.86,0.1,5.3,99.8,5.3,50.0,0
95,8,1,1,0.72,0,0,45.08,0,0.0,13.63,1,0,26.06,0.9,2.8,98.2,2.8,100.0,1
70,8,2,0,1.18,0,0,53.61,0,0.0,34.37,1,100,54.14,1.6,5.4,96.8,5.4,63.59,0
65,4,1,1,0.9,0,1,63.23,0,0.0,34.87,1,0,50.0,0.5,0.5,99.0,0.5,100.0,0
95,15,1,1,0.82,0,0,43.34,0,0.0,13.28,1,100,48.45,1.9,2.6,96.2,2.6,100.0,1
80,8,2,1,0.49,1,1,40.66,0,0.0,14.3,1,100,50.0,0.1,1.5,99.8,1.5,100.0,1
90,31,0,1,1.0,0,0,53.92,0,0.0,25.34,1,100,47.73,0.3,2.4,99.4,2.4,100.0,1
90,14,1,1,0.89,0,0,36.95,0,0.0,33.25,1,0,38.28,1.3,3.5,97.4,3.5,56.67,1
90,11,0,0,0.83,0,1,56.58,1,0.0,9.51,1,100,44.79,0.4,1.8,99.2,1.8,100.0,0
90,23,1,1,0.66,0,1,56.96,0,0.0,30.66,1,0,20.85,2.9,3.6,94.2,3.6,79.39,1
90,13,2,1,0.67,0,0,40.6,0,0.0,31.02,1,100,54.63,0.2,5.6,99.6,5.6,50.0,0
80,185,0,0,1.19,1,0,30.32,0,0.0,38.08,1,0,34.27,0.8,17.3,98.4,17.3,50.0,0
80,63,2,1,0.6,1,1,63.16,1,0.0,26.38,1,100,42.12,1.1,8.3,97.8,8.3,50.0,1
75,7,1,1,0.67,1,1,50.26,1,0.0,21.8,1,0,32.07,1.1,0.2,97.8,0.2,48.47,0
100,9,2,0,0.56,1,1,56.23,1,0.0,20.32,1,100,32.35,0.6,6.6,98.8,6.6,50.0,1
95,16,2,1,1.22,1,0,52.28,0,0.0,21.05,1,100,38.9,2.8,7.2,94.4,7.2,75.3,1
100,78,2,1,0.41,1,1,63.28,1,0.0,18.32,1,100,36.77,0.2,2.4,99.6,2.4,100.0,1
85,11,1,1,1.62,0,0,37.89,0,0.0,27.29,1,100,50.0,0.2,2.3,99.6,2.3,26.67,0
85,107,0,1,0.52,0,0,61.67,0,0.0,32.73,1,100,50.0,1.2,1.5,97.6,1.5,32.58,0
75,263,2,0,0.91,0,0,26.5,0,0.0,47.54,1,100,62.87,6.9,13.5,86.2,13.5,100.0,0
95,7,2,0,0.64,0,1,62.66,1,0.0,52.24,1,100,54.34,0.7,5.3,98.6,5.3,100.0,0
100,41,2,0,1.58,1,0,43.4,1,0.0,16.81,1,100,49.49,1.0,4.1,98.0,4.1,100.0,1
75,4,2,0,0.77,1,0,33.0,1,0.0,36.18,1,100,50.0,1.2,0.9,97.6,0.9,50.0,0
75,26,0,0,0.67,1,1,48.49,1,0.0,25.21,1,100,45.71,1.1,4.4,97.8,4.4,50.0,1
70,11,2,0,0.67,0,0,41.92,1,0.0,17.0,1,100,43.02,5.3,2.3,89.4,2.3,100.0,0
100,26,2,0,1.98,1,1,48.16,1,0.0,33.47,1,100,61.71,1.6,16.4,96.8,16.4,100.0,0
85,13,1,0,0.87,0,1,47.26,1,0.0,13.73,1,0,50.0,0.9,3.6,98.2,3.6,100.0,0
65,9,1,0,1.12,0,0,52.94,1,0.0,32.6,1,100,50.0,2.6,4.2,94.8,4.2,54.67,0
90,56,0,1,1.12,0,0,49.5,0,0.0,20.56,1,100,48.61,0.5,8.1,99.0,8.1,50.32,0
95,13,0,1,0.67,1,0,38.02,0,0.0,36.21,1,100,50.0,0.4,2.3,99.2,2.3,49.17,0
65,141,2,1,0.21,0,1,65.68,0,0.0,34.74,1,100,50.0,1.2,2.1,97.6,2.1,53.21,1
75,42,2,1,0.71,0,1,52.86,0,0.0,15.74,1,100,44.1,0.2,4.9,99.6,4.9,100.0,0
95,6,1,0,0.78,0,1,59.43,1,0.0,12.36,1,100,29.24,0.1,2.8,99.8,2.8,100.0,0
90,85,0,0,0.4,0,1,37.06,1,0.0,21.71,1,100,51.71,4.2,9.8,91.6,9.8,69.28,0
90,7,2,0,0.89,0,1,50.22,1,0.0,12.84,1,100,42.81,0.3,5.4,99.4,5.4,36.67,0
100,267,2,0,0.42,1,0,26.15,1,0.0,32.22,1,100,58.65,1.3,5.0,97.4,5.0,38.54,0
80,25,2,1,0.48,1,1,62.11,1,0.0,28.72,1,100,50.0,3.6,5.4,92.8,5.4,77.58,0
90,6,2,0,0.61,0,1,61.19,1,0.0,17.65,1,100,52.11,0.7,2.5,98.6,2.5,100.0,1
95,47,2,0,0.43,0,1,51.19,1,0.0,21.63,1,100,44.03,1.4,12.7,97.2,12.7,100.0,0
90,13,2,0,0.65,0,1,54.82,1,0.0,31.69,1,0,50.0,4.0,4.1,92.0,4.1,83.1,0
95,80,2,0,0.69,0,0,31.87,1,0.0,35.77,1,100,46.53,1.8,17.1,96.4,17.1,49.28,0
95,6,2,1,0.75,0,0,40.94,0,0.0,27.83,1,100,32.06,0.7,6.3,98.6,6.3,50.0,1
90,33,1,1,0.32,0,0,55.22,0,0.0,13.89,1,100,42.4,0.3,8.9,99.4,8.9,60.58,0
75,20,2,1,0.82,0,0,41.93,0,0.0,15.17,1,0,34.92,1.4,5.8,97.2,5.8,100.0,1
90,7,0,1,1.47,0,0,58.78,0,0.0,29.47,1,100,37.68,0.2,3.5,99.6,3.5,100.0,1
90,16,2,1,0.79,0,0,47.84,0,0.0,28.86,1,100,50.0,4.0,6.0,92.0,6.0,40.67,0
95,205,1,1,0.59,0,1,66.06,0,0.0,29.13,1,0,20.41,6.0,3.9,88.0,3.9,36.67,1
95,16,2,1,0.53,0,0,56.66,0,0.0,15.67,1,100,58.8,3.9,3.6,92.2,3.6,48.58,1
95,8,1,1,0.39,0,0,42.95,0,0.0,27.06,1,100,40.12,0.7,2.2,98.6,2.2,45.93,1
95,43,2,1,0.35,0,0,62.9,0,0.0,24.51,1,100,30.04,0.2,2.0,99.6,2.0,46.35,0
95,15,2,0,0.31,1,1,60.02,0,0.0,40.77,1,0,25.3,4.3,2.2,91.4,2.2,27.78,1
75,56,1,1,0.75,1,1,58.63,0,0.0,28.84,1,100,43.01,0.1,5.4,99.8,5.4,27.27,0
90,8,2,1,0.57,0,0,34.99,0,0.0,48.58,1,100,48.94,0.3,2.2,99.4,2.2,54.31,1
80,10,2,1,0.39,1,1,49.39,1,0.0,12.01,1,100,50.0,0.5,5.0,99.0,5.0,43.33,0
65,4,2,1,0.45,0,1,64.29,1,0.0,43.26,1,100,50.0,0.1,0.8,99.8,0.8,100.0,1
100,8,1,1,0.65,1,0,51.02,0,0.0,16.75,1,100,41.95,1.9,14.6,96.2,14.6,100.0,0
75,5,2,0,0.45,1,0,28.59,0,0.0,51.55,1,100,59.21,1.1,4.6,97.8,4.6,100.0,1
65,5,2,0,0.53,0,0,56.85,0,0.0,21.8,1,100,50.0,0.5,4.8,99.0,4.8,100.0,1
95,49,2,1,0.91,0,0,65.37,0,0.0,30.86,1,100,43.63,2.4,9.7,95.2,9.7,50.0,1
90,9,2,0,0.92,0,1,50.7,0,0.0,11.54,1,0,50.0,1.8,5.4,96.4,5.4,31.84,0
95,125,0,0,0.65,1,0,39.78,0,0.0,22.32,1,0,50.0,1.2,10.9,97.6,10.9,42.38,0
100,53,2,1,1.32,1,0,63.92,0,0.0,18.92,1,100,42.48,0.8,15.5,98.4,15.5,100.0,0
100,28,2,1,1.21,1,0,49.7,0,0.0,17.23,1,100,54.56,3.8,10.3,92.4,10.3,50.0,0
95,21,2,0,0.5,0,1,47.81,1,0.0,32.15,1,100,40.66,9.0,15.1,82.0,15.1,100.0,0
100,8,1,1,0.44,1,0,45.81,1,0.0,12.23,1,100,46.43,0.8,4.6,98.4,4.6,100.0,0
90,60,0,1,0.74,0,0,63.65,0,0.0,17.65,1,100,41.61,3.8,9.2,92.4,9.2,100.0,0
95,21,1,1,0.67,0,0,53.71,0,0.0,28.48,1,100,48.95,6.3,6.8,87.4,6.8,39.08,0
95,14,1,0,0.73,0,1,52.25,1,0.0,28.68,1,100,57.98,3.9,8.8,92.2,8.8,100.0,1
90,6,1,1,0.77,0,0,39.69,0,0.0,19.64,1,100,50.0,1.1,7.3,97.8,7.3,50.0,0
70,34,2,0,0.86,0,0,37.65,0,0.0,21.2,1,100,35.5,3.3,9.5,93.4,9.5,26.67,0
95,9,0,1,0.18,1,0,30.98,0,0.0,43.58,1,0,28.54,1.3,0.8,97.4,0.8,55.03,1
90,11,2,1,0.8,0,1,50.79,0,0.0,10.07,1,0,32.41,3.6,4.6,92.8,4.6,65.24,1
90,13,2,1,0.69,0,1,49.75,0,0.0,12.56,1,100,47.27,0.1,10.0,99.8,10.0,50.0,1
95,177,1,1,0.75,0,1,68.75,0,0.0,21.41,1,100,45.19,3.7,22.8,92.6,22.8,41.13,0
80,16,2,1,0.63,1,1,52.69,0,0.0,18.39,1,100,38.12,7.2,9.8,85.6,9.8,45.97,0
75,14,2,0,0.63,0,0,51.17,0,0.0,21.64,1,100,48.2,3.6,4.9,92.8,4.9,44.56,0
100,12,1,1,0.35,1,0,44.34,0,0.0,14.19,1,100,51.15,1.6,3.9,96.8,3.9,66.54,0
65,10,2,1,0.78,0,1,55.82,1,0.0,25.99,1,100,50.0,3.0,5.0,94.0,5.0,36.67,0
100,10,2,0,0.73,1,1,43.88,0,0.0,16.26,1,100,36.35,1.2,5.0,97.6,5.0,100.0,0
100,36,1,0,0.43,1,1,48.32,0,0.0,24.09,1,100,45.23,0.7,9.0,98.6,9.0,50.0,0
65,14,2,0,1.05,0,0,46.02,0,0.0,27.92,1,100,50.0,1.3,8.0,97.4,8.0,36.67,0
90,68,2,0,0.47,0,1,35.12,1,0.0,23.73,1,100,42.86,4.2,21.5,91.6,21.5,100.0,0
100,15,2,1,0.48,1,0,56.01,0,0.0,19.52,1,0,24.62,2.5,8.5,95.0,8.5,100.0,0
95,39,1,1,0.46,1,0,55.69,0,0.0,28.08,1,100,59.21,0.1,11.4,99.8,11.4,100.0,0
65,28,1,1,0.27,0,1,57.8,0,1.62,27.91,1,100,50.0,5.1,6.2,89.8,6.2,43.94,0
100,12,1,0,1.19,1,1,58.79,1,1.1,20.49,1,100,42.0,2.3,4.9,95.4,4.9,53.88,0
90,16,1,0,0.57,0,1,49.59,0,1.32,26.09,1,100,58.14,4.1,5.5,91.8,5.5,100.0,0
70,73,1,1,0.33,0,1,59.89,0,1.02,28.78,1,0,33.58,0.1,3.5,99.8,3.5,56.58,0
70,9,2,1,0.63,0,1,54.98,1,1.11,16.02,1,100,36.83,1.8,4.9,96.4,4.9,100.0,1
95,43,2,0,0.44,0,1,85.79,1,6.69,19.88,1,100,56.53,2.6,14.4,94.8,14.4,50.0,1
85,11,1,1,0.75,0,0,44.22,1,1.04,31.7,1,100,50.0,3.1,5.3,93.8,5.3,52.97,0
100,7,1,0,1.0,1,1,69.79,1,0.68,57.28,1,0,34.16,0.1,4.4,99.8,4.4,100.0,0
65,5,2,1,0.76,0,1,57.87,1,0.69,30.07,1,0,50.0,0.2,0.1,99.6,0.1,50.0,1
95,10,1,1,0.66,1,0,53.05,1,1.79,18.51,1,0,32.75,1.6,5.8,96.8,5.8,100.0,1
75,68,2,0,0.45,0,0,50.94,1,2.89,34.04,1,100,46.56,2.4,7.7,95.2,7.7,100.0,1
90,164,1,0,1.65,0,0,33.67,1,1.59,26.19,1,0,43.93,1.3,23.5,97.4,23.5,100.0,0
70,6,2,0,0.68,0,0,51.05,0,0.95,25.65,1,100,43.98,1.9,3.5,96.2,3.5,50.0,1
95,11,2,0,0.45,0,1,75.49,0,1.44,31.7,1,100,51.68,3.9,12.2,92.2,12.2,50.0,0
75,26,2,0,0.17,1,0,49.65,0,1.31,20.67,1,100,55.17,1.2,24.8,97.6,24.8,77.01,0
75,36,2,1,0.96,0,1,56.49,0,1.32,21.92,1,0,34.91,1.7,10.5,96.6,10.5,100.0,0
90,27,2,0,0.85,0,1,42.4,1,0.8,13.51,1,0,50.0,1.6,11.2,96.8,11.2,50.0,0
95,27,2,1,0.28,1,0,57.02,0,0.99,23.14,1,100,42.55,1.0,5.6,98.0,5.6,100.0,0
95,9,2,0,1.01,0,1,59.94,1,1.12,35.89,1,0,24.67,3.0,7.1,94.0,7.1,50.0,0
75,13,0,0,0.32,1,0,58.26,0,0.58,24.38,1,100,47.92,0.5,1.1,99.0,1.1,40.34,0
65,9,2,0,0.38,0,0,36.63,1,1.03,31.18,1,100,50.0,4.1,5.3,91.8,5.3,100.0,0
95,32,1,0,0.95,0,1,39.12,1,0.79,21.93,1,100,63.28,6.7,12.4,86.6,12.4,50.99,0
75,7,2,0,0.83,0,0,56.61,1,1.12,17.15,1,100,44.38,0.4,4.7,99.2,4.7,50.0,0
85,14,1,0,0.96,0,1,47.04,1,1.24,18.34,1,100,50.0,3.0,4.6,94.0,4.6,48.9,0
95,73,2,1,0.52,0,0,58.15,1,0.7,15.35,1,100,48.56,3.0,15.5,94.0,15.5,100.0,0
75,23,2,0,0.96,1,0,37.83,0,1.38,15.3,1,100,53.01,8.6,3.7,82.8,3.7,50.94,0
70,45,1,1,0.45,0,1,58.77,0,0.91,25.79,1,100,64.37,0.9,3.9,98.2,3.9,46.14,0
70,22,0,1,0.73,0,1,47.55,1,1.59,21.36,1,100,38.67,0.8,9.2,98.4,9.2,66.65,0
75,12,1,1,0.73,1,1,48.81,1,1.93,24.5,1,0,37.11,7.3,4.4,85.4,4.4,26.67,0
95,63,1,0,0.22,1,1,43.94,1,0.85,15.03,1,100,50.0,2.9,3.5,94.2,3.5,32.33,0
75,15,1,0,0.36,1,0,57.64,1,1.9,23.63,1,100,37.99,4.8,5.8,90.4,5.8,64.79,0
85,66,0,0,1.06,0,1,35.09,1,1.01,17.79,1,0,50.0,0.2,6.6,99.6,6.6,50.0,0
70,5,2,1,0.99,0,1,52.49,1,1.73,29.96,1,100,51.62,0.9,0.6,98.2,0.6,100.0,1
75,9,2,0,0.76,0,0,57.99,1,0.79,26.76,1,100,38.14,2.2,11.9,95.6,11.9,100.0,1
70,47,0,0,0.38,0,0,43.64,1,1.85,24.39,1,100,46.71,2.0,3.5,96.0,3.5,27.86,0
75,7,2,0,0.64,0,0,62.68,0,0.5,24.76,1,100,52.97,1.8,2.5,96.4,2.5,100.0,0
75,10,2,1,0.61,1,1,56.45,0,1.02,27.28,1,100,56.85,0.1,6.5,99.8,6.5,50.0,0
95,54,2,0,0.48,0,0,33.1,0,1.06,21.49,1,100,54.02,8.7,13.5,82.6,13.5,26.67,0
90,32,2,1,0.39,0,0,56.44,0,0.97,27.14,1,100,60.45,0.2,10.3,99.6,10.3,46.4,1
75,11,2,1,0.68,1,1,53.15,1,0.88,16.42,1,100,46.21,4.8,2.2,90.4,2.2,36.67,0
80,22,2,1,0.66,1,1,62.27,1,1.05,30.49,1,0,36.67,3.4,11.7,93.2,11.7,100.0,0
95,288,1,0,0.73,0,0,22.0,1,1.29,46.54,1,100,42.36,7.7,8.4,84.6,8.4,50.0,0
65,70,1,1,0.48,0,1,66.93,1,1.01,32.79,1,100,50.0,0.7,8.8,98.6,8.8,50.0,0
75,9,2,0,0.61,0,0,47.13,1,1.08,22.89,1,0,29.28,1.2,7.1,97.6,7.1,50.0,0
80,22,2,1,0.22,1,0,23.42,1,2.4,31.27,1,0,50.0,7.0,8.7,86.0,8.7,50.0,1
75,8,2,1,1.26,0,1,59.06,1,0.89,44.31,1,100,42.15,5.3,3.0,89.4,3.0,50.0,0
65,11,2,0,0.6,0,0,52.38,1,1.11,25.33,1,100,50.0,0.7,8.5,98.6,8.5,36.67,0
75,11,2,0,0.43,1,0,54.23,1,1.03,14.32,1,100,50.0,0.5,4.0,99.0,4.0,59.34,1
90,8,2,1,0.67,0,0,36.21,0,0.65,25.8,1,100,41.25,3.2,7.4,93.6,7.4,36.67,1
90,5,1,0,1.06,0,1,65.19,0,1.14,30.84,1,100,50.0,0.5,11.4,99.0,11.4,100.0,0
95,66,2,1,0.52,0,0,54.39,1,1.74,17.97,1,100,65.88,0.5,12.2,99.0,12.2,48.28,1
85,13,0,1,0.42,0,0,51.72,0,0.88,27.43,1,100,50.0,4.7,6.7,90.6,6.7,39.68,1
85,17,0,1,0.6,0,0,55.48,0,1.05,17.25,1,100,50.0,0.9,9.5,98.2,9.5,46.51,0
75,54,2,0,0.73,0,0,35.62,0,1.17,23.46,1,100,33.58,3.3,19.3,93.4,19.3,64.82,1
95,13,2,1,0.71,1,0,51.83,0,1.0,13.79,1,100,51.88,2.9,5.1,94.2,5.1,100.0,0
85,7,0,0,0.93,0,1,61.46,0,1.19,31.47,1,100,50.0,4.6,5.1,90.8,5.1,53.7,0
95,8,1,1,0.47,1,0,38.18,0,1.38,19.41,1,100,50.0,0.1,9.9,99.8,9.9,100.0,0
70,12,0,1,0.86,0,1,52.15,0,1.73,19.22,1,0,29.94,1.7,3.7,96.6,3.7,100.0,0
90,33,1,0,0.6,0,1,43.78,0,0.92,20.42,1,0,36.68,1.3,13.4,97.4,13.4,31.43,0
95,15,1,1,1.02,0,0,51.66,0,1.0,17.33,1,0,33.86,1.3,6.6,97.4,6.6,100.0,1
80,7,1,1,0.32,1,1,50.74,0,0.91,28.41,1,100,50.0,0.7,4.6,98.6,4.6,50.0,0
80,15,1,1,0.58,1,1,56.29,0,1.04,25.87,1,100,56.11,1.6,4.2,96.8,4.2,100.0,0
95,11,2,1,0.66,0,0,45.9,0,0.71,17.48,1,100,49.07,6.0,7.5,88.0,7.5,38.41,1
90,7,2,1,0.59,0,0,39.64,0,0.69,35.14,1,100,35.43,0.1,4.4,99.8,4.4,54.03,0
95,62,1,0,0.57,1,1,38.24,1,0.81,22.64,1,100,44.24,1.1,10.7,97.8,10.7,30.48,0
95,41,0,0,2.5,1,1,41.73,1,0.79,17.46,1,100,45.52,1.0,12.6,98.0,12.6,36.16,0
95,11,2,1,0.52,0,0,48.68,1,0.71,24.56,1,100,55.97,5.9,7.2,88.2,7.2,74.13,1
100,12,1,0,1.01,1,1,59.37,1,0.78,37.94,1,100,60.51,1.7,9.4,96.6,9.4,50.0,1
90,16,2,0,0.78,0,1,51.75,1,0.78,20.23,1,0,31.9,1.9,8.1,96.2,8.1,50.0,1
90,11,2,1,0.89,0,0,45.27,1,0.93,18.87,1,0,18.66,1.1,5.7,97.8,5.7,60.54,0
70,6,2,0,0.91,0,0,44.38,0,0.55,27.49,1,100,50.0,1.1,3.9,97.8,3.9,36.67,0
85,17,2,1,0.83,0,0,41.72,1,1.2,38.07,1,0,50.0,2.2,7.7,95.6,7.7,68.47,0
75,21,2,1,0.66,0,1,54.61,1,0.83,25.83,1,0,34.67,1.9,3.4,96.2,3.4,58.58,0
75,19,2,1,0.82,0,1,51.71,1,1.04,14.11,1,100,49.64,0.7,7.8,98.6,7.8,100.0,0
70,8,0,0,0.78,0,0,52.61,1,1.34,21.11,1,100,46.42,1.3,5.6,97.4,5.6,41.13,0
95,61,2,0,1.02,0,1,40.1,1,0.96,17.98,1,100,54.52,2.4,10.9,95.2,10.9,100.0,0
70,17,2,0,0.48,0,0,46.13,1,0.95,15.5,1,100,31.45,4.1,6.5,91.8,6.5,50.0,0
100,51,2,1,0.67,1,1,61.73,1,1.12,22.7,1,100,60.92,2.1,13.7,95.8,13.7,36.67,0
90,15,2,0,0.39,0,1,52.87,0,1.38,14.54,1,100,57.62,1.0,9.3,98.0,9.3,59.53,0
95,19,2,1,1.02,0,0,50.08,0,0.54,25.13,1,100,55.8,2.8,7.1,94.4,7.1,49.16,0
95,28,2,0,0.52,0,1,51.39,1,1.18,45.44,1,100,37.67,2.3,15.5,95.4,15.5,50.0,1
80,97,2,1,0.41,1,1,70.64,1,0.9,17.0,1,0,37.18,0.4,2.8,99.2,2.8,100.0,1
95,12,0,1,0.6,1,0,41.62,1,1.45,34.12,1,100,34.42,2.0,4.2,96.0,4.2,62.14,0
90,25,0,0,0.85,0,1,44.5,1,0.85,13.99,1,100,30.76,1.0,7.9,98.0,7.9,100.0,0
95,9,2,1,0.47,0,0,48.84,1,0.68,16.49,1,100,40.18,3.9,9.2,92.2,9.2,50.0,0
90,8,0,1,0.64,0,0,44.83,1,1.2,21.33,1,0,28.76,0.9,3.9,98.2,3.9,100.0,0
75,98,1,1,0.36,1,1,65.66,0,1.64,22.01,1,100,49.12,2.0,0.9,96.0,0.9,28.81,1
100,12,1,1,0.48,1,0,54.78,0,0.82,15.33,1,100,57.94,3.7,3.3,92.6,3.3,63.35,1
85,67,1,1,0.7,0,1,72.19,0,1.11,30.35,1,100,50.0,1.4,12.5,97.2,12.5,100.0,0
95,13,2,0,0.77,0,0,45.43,0,1.09,22.27,1,0,32.71,4.0,4.4,92.0,4.4,67.58,0
95,9,2,1,0.86,0,0,37.44,0,0.65,46.39,1,100,52.29,1.2,5.0,97.6,5.0,100.0,0
95,8,2,0,0.62,1,1,56.95,0,0.9,16.92,1,100,50.0,1.6,3.6,96.8,3.6,100.0,0
100,54,2,0,1.71,1,1,36.49,1,0.99,18.39,1,0,20.8,1.2,5.8,97.6,5.8,50.0,0
90,13,2,1,1.14,0,0,48.07,1,0.78,13.12,1,100,43.3,0.6,7.0,98.8,7.0,50.0,0
90,9,2,0,0.64,0,1,55.03,1,0.43,32.19,1,100,50.0,4.2,6.3,91.6,6.3,100.0,0
95,29,2,1,0.4,1,0,50.44,1,0.97,44.08,1,100,52.04,0.9,16.0,98.2,16.0,50.0,0
95,17,2,1,0.7,0,0,45.35,0,1.27,42.88,1,100,31.72,2.1,4.3,95.8,4.3,100.0,1
90,14,2,1,0.72,0,0,41.63,0,0.89,50.85,1,100,54.9,0.4,4.4,99.2,4.4,79.34,0
75,47,1,1,0.39,1,1,57.89,0,1.14,22.3,1,100,37.71,5.1,4.6,89.8,4.6,100.0,1
90,17,0,0,0.63,0,1,48.96,1,1.33,32.75,1,100,32.1,0.1,5.5,99.8,5.5,47.93,0
75,16,1,1,0.76,0,1,37.49,1,2.76,23.22,1,0,34.07,9.3,4.3,81.4,4.3,56.27,1
95,17,1,1,0.83,0,0,51.09,1,0.75,29.96,1,0,34.2,5.1,4.6,89.8,4.6,74.61,1
90,14,0,1,0.59,0,0,37.08,1,2.26,28.5,1,100,31.67,0.2,2.2,99.6,2.2,30.9,0
80,27,2,1,1.13,1,1,54.03,1,0.96,12.63,1,100,50.0,1.8,5.9,96.4,5.9,100.0,0
70,99,0,1,0.72,0,1,75.5,1,1.67,24.57,1,0,30.75,4.9,3.8,90.2,3.8,100.0,1
95,7,2,1,1.0,1,0,27.34,0,0.73,69.43,1,100,37.66,0.4,6.4,99.2,6.4,50.56,1
95,28,0,1,1.35,1,0,51.16,0,1.15,17.51,1,100,46.3,1.7,8.1,96.6,8.1,38.03,0
95,28,2,0,0.54,0,1,43.83,0,1.23,22.76,1,100,41.16,1.2,7.8,97.6,7.8,30.03,1
95,23,1,0,1.05,0,1,49.98,1,1.02,16.72,1,100,33.98,0.5,8.9,99.0,8.9,100.0,0
75,59,2,1,0.69,0,1,68.17,1,1.13,23.6,1,100,56.65,2.0,8.2,96.0,8.2,100.0,0
95,84,2,1,0.88,0,1,74.78,0,1.29,30.09,1,100,69.68,7.2,11.7,85.6,11.7,48.8,1
95,10,1,1,0.35,1,0,49.91,0,1.09,13.84,1,100,44.76,0.2,6.6,99.6,6.6,50.0,0
90,31,0,0,0.57,0,1,39.01,1,1.23,21.64,1,100,56.57,6.2,6.1,87.6,6.1,52.84,0
90,228,2,0,0.55,0,0,31.07,1,1.24,33.52,1,0,36.21,2.0,8.0,96.0,8.0,29.24,0
90,16,1,1,0.6,0,0,52.85,1,0.83,28.64,1,100,50.0,1.5,8.9,97.0,8.9,100.0,0
80,253,2,1,0.32,1,1,67.47,0,2.5,24.23,1,100,37.29,7.4,3.9,85.2,3.9,35.32,0
70,10,2,1,0.52,0,1,49.98,1,1.16,27.76,1,0,29.97,4.1,4.0,91.8,4.0,82.3,0
80,7,1,1,0.33,1,1,53.09,1,1.15,29.79,1,100,35.51,1.5,3.2,97.0,3.2,64.36,0
75,55,0,1,0.77,1,1,55.22,1,1.01,20.88,1,100,53.75,0.3,3.5,99.4,3.5,45.97,1
90,15,0,1,0.51,0,0,51.01,1,1.03,33.25,1,0,32.74,4.4,8.2,91.2,8.2,100.0,0
75,47,2,1,0.38,0,0,52.0,0,2.79,18.71,1,100,44.51,0.2,8.5,99.6,8.5,50.0,0
100,7,2,0,0.22,1,1,51.65,0,0.64,22.9,1,0,28.61,2.3,4.4,95.4,4.4,100.0,0
90,36,1,0,0.4,0,1,46.59,1,0.94,38.3,1,0,36.2,1.9,16.4,96.2,16.4,50.0,0
90,20,0,1,0.88,0,0,45.88,0,1.84,16.41,1,0,31.92,1.0,3.2,98.0,3.2,58.14,0
70,7,0,1,1.03,0,1,52.1,0,1.81,26.16,1,100,44.95,0.2,3.6,99.6,3.6,50.0,0
95,9,1,0,0.99,0,1,51.39,1,1.01,17.37,1,100,38.39,2.4,2.6,95.2,2.6,36.67,0
100,15,2,0,0.37,1,1,45.5,1,0.5,19.08,1,0,25.11,1.5,6.9,97.0,6.9,100.0,0
95,12,1,1,0.67,1,0,52.01,0,1.64,18.84,1,100,44.21,3.4,6.8,93.2,6.8,36.67,0
100,33,2,1,0.63,1,0,42.55,0,2.52,15.47,1,0,30.73,0.5,13.0,99.0,13.0,50.0,1
95,12,0,1,0.65,1,0,39.33,0,1.97,16.0,1,100,46.0,2.0,5.8,96.0,5.8,50.0,0
95,62,1,0,0.89,1,1,40.08,1,1.38,27.1,1,100,38.91,2.7,7.7,94.6,7.7,66.7,0
95,158,1,0,0.51,1,0,43.4,1,1.36,22.33,1,0,22.93,3.0,3.7,94.0,3.7,31.32,0
75,13,2,0,0.93,0,0,53.63,1,0.85,19.81,1,100,62.47,5.2,1.9,89.6,1.9,61.5,0
65,12,1,0,0.51,0,0,42.32,0,1.28,32.45,1,100,50.0,0.6,2.5,98.8,2.5,48.98,0
85,12,2,1,0.48,0,0,41.57,0,0.65,22.03,1,0,50.0,1.6,2.7,96.8,2.7,50.0,0
95,81,2,1,0.47,0,1,65.61,0,0.99,31.42,1,100,53.55,1.3,12.2,97.4,12.2,100.0,0
75,33,0,0,0.77,1,0,41.92,0,1.48,23.73,1,100,41.94,4.0,2.9,92.0,2.9,32.67,1
90,12,1,1,0.33,0,0,45.13,0,1.24,27.08,1,100,50.0,3.1,3.7,93.8,3.7,100.0,0
70,260,2,1,0.59,0,1,67.58,0,0.77,41.6,1,100,50.0,0.1,6.0,99.8,6.0,37.36,1
75,13,1,0,0.68,1,0,49.43,0,1.66,25.7,1,100,47.04,2.7,2.5,94.6,2.5,50.0,1
95,10,2,0,1.44,0,1,51.8,0,0.84,11.43,1,100,44.87,3.4,4.0,93.2,4.0,89.33,0
70,21,2,1,0.94,0,1,56.0,0,0.77,13.39,1,100,50.0,3.2,6.4,93.6,6.4,36.67,0
95,14,2,0,0.69,0,1,48.62,1,0.75,16.88,1,100,51.04,1.6,3.2,96.8,3.2,43.36,1
90,36,0,0,1.01,0,1,40.52,1,1.47,15.51,1,0,32.25,0.6,4.4,98.8,4.4,50.0,0
75,45,2,1,0.42,0,1,70.85,1,1.13,35.21,1,0,32.31,2.4,3.2,95.2,3.2,100.0,0
70,8,2,0,0.95,0,0,39.72,0,0.75,42.12,1,0,50.0,1.4,1.5,97.2,1.5,45.48,0
90,12,1,0,0.42,0,1,54.76,0,0.68,20.1,1,100,47.32,1.3,4.0,97.4,4.0,40.02,0
90,36,1,0,0.49,0,0,30.37,0,1.07,29.51,1,0,22.34,7.0,6.2,86.0,6.2,71.93,0
90,78,1,1,0.89,0,1,53.4,0,1.27,15.99,1,0,39.25,1.0,9.4,98.0,9.4,100.0,1
75,12,2,0,1.11,0,0,42.64,0,2.91,24.6,1,100,48.45,8.6,4.2,82.8,4.2,50.0,1
70,63,1,1,0.37,0,1,60.52,0,1.45,19.57,1,100,47.78,0.7,6.3,98.6,6.3,100.0,0
75,10,1,1,0.57,1,0,44.96,1,1.45,22.27,1,100,37.7,0.5,2.2,99.0,2.2,100.0,0
85,6,2,1,0.77,0,1,60.69,1,0.61,30.8,1,100,50.0,0.2,1.8,99.6,1.8,36.67,1
70,231,2,1,0.48,0,1,71.07,1,1.96,46.47,1,100,65.73,0.9,7.7,98.2,7.7,100.0,1
85,47,2,1,0.71,0,0,60.22,1,0.92,23.21,1,100,50.0,1.1,3.8,97.8,3.8,74.91,1
95,62,2,1,1.12,0,1,58.91,1,2.5,28.7,1,0,30.25,4.7,6.5,90.6,6.5,32.6,0
90,249,1,0,0.53,0,0,23.67,0,1.13,34.14,1,100,50.0,3.2,21.9,93.6,21.9,100.0,0
90,13,2,0,0.64,0,1,52.75,0,1.01,25.6,1,100,37.81,0.7,4.5,98.6,4.5,100.0,0
95,13,2,1,0.76,0,0,53.34,1,0.68,23.39,1,100,40.11,4.8,3.4,90.4,3.4,36.67,0
85,5,1,0,0.85,0,1,67.23,1,0.79,34.65,1,100,50.0,0.3,2.1,99.4,2.1,100.0,0
90,9,2,0,0.56,0,1,55.63,1,1.02,22.58,1,100,48.28,0.5,3.4,99.0,3.4,100.0,0
70,23,2,1,0.77,0,1,57.89,1,1.0,27.42,1,0,33.49,3.2,5.8,93.6,5.8,100.0,1
70,141,1,0,0.3,0,0,38.37,1,0.88,26.52,1,100,52.23,4.3,8.0,91.4,8.0,43.66,1
100,9,2,0,1.16,1,0,49.34,1,1.08,14.42,1,0,28.62,2.0,5.2,96.0,5.2,100.0,0
85,6,2,0,1.06,0,1,49.92,1,0.96,13.78,1,100,50.0,0.4,3.4,99.2,3.4,47.45,0
70,64,1,1,0.71,0,1,63.09,1,1.5,36.4,1,100,26.97,3.5,4.0,93.0,4.0,36.67,0
90,12,0,1,0.58,0,0,45.4,1,1.15,22.89,1,100,41.39,0.1,2.3,99.8,2.3,71.37,0
90,41,1,1,1.14,0,0,47.17,1,2.75,20.33,1,100,42.08,0.4,4.1,99.2,4.1,27.46,0
95,10,0,0,0.23,1,1,47.12,1,1.07,12.76,1,0,53.99,0.2,3.3,99.6,3.3,100.0,0
75,44,1,0,0.64,0,0,36.18,1,1.09,16.89,1,100,44.85,3.3,9.6,93.4,9.6,100.0,1
90,21,0,0,0.74,0,1,48.31,1,1.26,14.98,1,100,34.39,1.2,3.4,97.6,3.4,100.0,0
95,7,2,1,0.59,0,0,46.06,1,0.88,26.37,1,0,25.11,5.0,6.1,90.0,6.1,100.0,0
80,33,2,0,1.14,1,0,35.54,0,1.27,23.13,1,0,38.56,4.7,5.8,90.6,5.8,58.14,1
90,163,2,0,0.37,0,0,40.19,1,1.27,44.98,1,100,57.05,1.0,11.9,98.0,11.9,100.0,0
95,190,2,0,0.32,1,0,37.94,1,0.82,36.16,1,0,14.58,0.6,2.0,98.8,2.0,47.94,1
85,22,2,0,0.72,0,1,43.1,1,1.28,31.71,1,100,50.0,2.9,3.2,94.2,3.2,100.0,0
95,22,0,1,0.98,1,0,48.94,0,1.3,15.93,1,100,45.44,1.0,3.5,98.0,3.5,57.91,0
75,19,1,1,0.76,0,1,54.37,0,1.02,19.25,1,100,48.32,2.2,3.8,95.6,3.8,60.22,0
90,59,0,1,0.56,0,0,59.1,0,1.15,16.92,1,100,45.13,1.0,1.2,98.0,1.2,42.08,0
100,10,2,0,1.25,1,1,47.78,0,0.95,11.22,1,100,35.47,1.1,3.1,97.8,3.1,100.0,0
90,11,2,1,0.93,0,0,47.43,0,0.77,15.1,1,100,48.8,0.4,3.3,99.2,3.3,50.0,0
85,23,0,0,0.94,0,1,49.12,0,0.78,26.14,1,100,50.0,0.2,2.7,99.6,2.7,47.43,0
100,11,2,1,0.55,1,0,45.52,1,0.84,30.4,1,100,51.19,1.0,8.8,98.0,8.8,100.0,0
90,11,1,1,0.66,0,0,52.47,1,1.25,9.72,1,100,31.11,0.4,4.9,99.2,4.9,38.66,0
75,4,2,1,0.33,1,1,62.01,1,0.75,19.91,1,100,37.76,0.2,0.7,99.6,0.7,100.0,0
90,16,2,0,0.4,0,1,52.41,1,1.04,18.54,1,100,50.74,0.6,3.4,98.8,3.4,46.51,0
70,144,2,1,0.61,0,1,73.96,1,1.26,31.57,1,100,60.64,1.8,14.4,96.4,14.4,100.0,0
65,11,2,1,0.85,0,1,54.86,1,1.01,24.72,1,0,50.0,6.5,5.8,87.0,5.8,47.96,0
65,241,2,0,0.47,0,0,31.78,1,1.41,29.1,1,100,50.0,5.9,13.2,88.2,13.2,100.0,1
80,8,1,0,0.73,1,0,58.0,1,0.99,9.49,1,100,47.73,0.6,4.8,98.8,4.8,100.0,0
85,42,1,0,0.85,0,1,41.08,0,1.11,20.31,1,100,50.0,1.3,2.8,97.4,2.8,100.0,0
95,40,2,1,0.63,0,1,62.03,0,1.0,22.83,1,0,27.28,5.9,7.7,88.2,7.7,49.1,0
100,9,1,1,0.49,1,0,41.95,0,1.41,21.83,1,100,51.38,1.5,3.3,97.0,3.3,100.0,0
95,23,2,0,0.6,0,1,51.63,0,0.95,37.73,1,100,51.46,4.7,5.7,90.6,5.7,64.06,1
90,24,1,0,0.68,0,1,42.35,1,1.17,25.94,1,100,50.0,2.9,3.5,94.2,3.5,100.0,1
80,9,2,0,0.76,1,0,45.4,0,0.0,16.06,1,100,38.93,3.1,16.0,93.8,16.0,100.0,1
95,43,1,0,0.43,1,1,43.38,0,0.0,16.88,1,100,56.82,3.3,15.9,93.4,15.9,53.94,1
95,78,2,1,0.67,0,1,68.83,0,0.0,34.75,1,100,57.7,7.9,20.7,84.2,20.7,49.1,1
75,12,2,1,0.48,1,1,55.61,1,0.0,21.91,1,100,38.29,2.3,11.3,95.4,11.3,100.0,0
75,56,0,0,0.28,1,0,39.4,1,0.0,24.9,1,0,24.52,1.9,6.9,96.2,6.9,100.0,0
90,10,2,1,1.29,0,0,44.9,0,0.0,14.49,1,100,50.0,4.6,11.7,90.8,11.7,100.0,0
90,19,2,1,0.42,0,0,44.75,1,0.0,23.85,1,100,36.89,4.9,13.2,90.2,13.2,50.0,1
90,16,1,0,0.95,0,1,53.7,1,0.0,28.31,1,100,42.82,1.1,5.0,97.8,5.0,100.0,0
85,10,2,0,0.94,0,1,52.2,1,0.0,15.98,1,0,50.0,0.4,10.0,99.2,10.0,39.9,0
85,12,2,1,0.84,0,0,39.78,0,0.0,37.39,1,100,50.0,3.8,4.6,92.4,4.6,42.58,0
95,17,1,1,0.97,0,0,44.15,0,0.0,26.45,1,0,33.16,3.7,8.9,92.6,8.9,100.0,0
90,164,1,1,0.6,0,1,68.95,0,0.0,25.37,1,100,41.72,0.6,13.9,98.8,13.9,100.0,0
95,8,1,0,0.67,0,1,63.49,0,0.0,51.03,1,100,35.14,0.6,7.1,98.8,7.1,50.0,1
70,168,2,0,0.35,0,0,33.46,0,0.0,28.53,1,0,29.15,4.1,26.2,91.8,26.2,50.0,0
65,20,2,1,0.88,0,1,58.7,0,0.0,24.06,1,100,50.0,2.2,12.0,95.6,12.0,44.2,1
95,60,2,0,0.48,0,1,64.36,1,0.0,21.92,1,100,47.81,1.5,8.2,97.0,8.2,50.0,0
85,9,2,1,0.74,0,0,50.1,0,0.0,11.86,1,100,50.0,0.9,7.4,98.2,7.4,36.67,0
95,104,1,0,1.52,1,0,40.39,1,0.0,26.63,1,0,50.0,2.9,13.0,94.2,13.0,100.0,0
70,10,2,1,1.15,0,1,56.12,1,0.0,27.34,1,0,32.1,0.5,3.2,99.0,3.2,34.31,0
90,7,2,0,0.73,0,1,54.5,1,0.0,14.99,1,100,50.0,6.6,14.6,86.8,14.6,100.0,0
75,33,2,0,0.72,1,0,42.65,1,0.0,21.21,1,100,55.59,1.0,13.3,98.0,13.3,47.0,0
90,21,2,1,0.81,0,0,53.56,1,0.0,21.9,1,100,50.0,0.2,15.9,99.6,15.9,100.0,0
85,101,0,0,1.38,0,1,39.67,1,0.0,26.03,1,0,50.0,2.3,11.5,95.4,11.5,77.72,0
95,62,1,0,0.49,1,1,34.31,1,0.0,25.77,1,0,50.0,6.9,10.8,86.2,10.8,100.0,0
90,34,0,0,0.77,0,1,48.71,1,0.0,24.45,1,0,28.09,0.9,5.4,98.2,5.4,31.33,0
75,14,2,0,0.51,1,0,54.83,1,0.0,20.3,1,0,30.64,6.9,12.1,86.2,12.1,100.0,1
70,24,1,0,0.45,0,0,41.96,1,0.0,24.75,1,0,30.56,1.3,5.8,97.4,5.8,100.0,0
85,9,2,0,1.39,0,1,54.78,1,0.0,12.04,1,100,50.0,1.8,11.5,96.4,11.5,100.0,0
80,12,2,1,0.74,1,1,56.16,1,0.0,19.32,1,100,31.45,3.2,8.2,93.6,8.2,100.0,0
95,23,0,0,0.49,1,1,44.52,1,0.0,19.43,1,100,50.0,0.1,2.7,99.8,2.7,26.72,0
80,48,2,1,0.8,1,1,66.29,1,0.0,16.09,1,100,43.74,6.0,13.8,88.0,13.8,100.0,0
90,15,1,0,0.86,0,1,51.12,1,0.0,23.32,1,100,38.18,3.1,10.4,93.8,10.4,100.0,0
95,229,1,0,0.51,0,0,35.0,1,0.0,28.97,1,100,49.01,5.3,15.0,89.4,15.0,50.29,1
70,16,2,0,0.87,0,0,41.34,1,0.0,16.77,1,100,51.66,3.3,1.6,93.4,1.6,100.0,0
95,42,2,1,0.85,1,0,52.84,1,0.0,12.12,1,100,49.12,0.4,46.0,99.2,46.0,100.0,0
90,14,2,0,0.53,0,1,59.19,1,0.0,15.03,1,100,40.67,1.6,8.1,96.8,8.1,64.2,1
70,232,1,0,0.54,0,0,33.52,1,0.0,47.06,1,100,50.0,2.6,18.8,94.8,18.8,100.0,1
70,77,2,1,0.5,0,1,63.75,1,0.0,31.53,1,100,38.18,9.0,19.0,82.0,19.0,59.68,0
90,10,2,1,1.0,0,0,41.36,1,0.0,30.42,1,100,40.96,8.1,8.0,83.8,8.0,70.91,0
75,10,0,0,0.1,1,0,51.69,1,0.0,15.66,1,100,37.02,0.1,2.1,99.8,2.1,100.0,0
95,18,2,1,0.56,0,0,51.3,0,0.0,24.21,1,0,26.54,5.0,8.9,90.0,8.9,100.0,1
90,10,1,1,0.98,0,0,45.26,0,0.0,17.07,1,100,36.36,7.5,4.3,85.0,4.3,43.02,0
70,10,2,1,0.67,0,1,49.32,1,0.0,27.36,1,100,50.0,9.2,15.2,81.6,15.2,100.0,0
85,28,2,1,0.42,0,0,48.92,1,0.0,30.11,1,0,50.0,4.7,12.8,90.6,12.8,50.0,0
80,26,2,1,0.55,1,1,49.75,1,0.0,13.23,1,100,44.82,1.8,8.9,96.4,8.9,100.0,0
85,12,2,0,0.7,0,1,51.4,1,0.0,18.22,1,100,50.0,5.1,9.8,89.8,9.8,100.0,0
90,9,0,0,1.23,0,1,50.05,1,0.0,26.1,1,100,52.27,7.7,6.8,84.6,6.8,61.19,0
80,12,2,0,0.7,1,0,46.2,0,0.0,23.91,1,0,20.06,1.7,13.7,96.6,13.7,100.0,1
90,71,2,1,0.54,0,0,60.09,0,0.0,25.52,1,100,50.0,1.0,13.5,98.0,13.5,100.0,1
100,16,1,0,0.58,1,1,53.37,1,0.0,31.9,1,100,64.84,1.4,12.6,97.2,12.6,100.0,0
90,163,1,0,0.44,0,0,35.69,1,0.0,37.17,1,100,32.16,4.7,20.6,90.6,20.6,59.64,0
90,15,0,1,0.75,0,0,45.38,0,0.0,31.31,1,0,35.94,0.8,4.6,98.4,4.6,46.67,0
95,15,2,1,0.34,1,0,48.09,0,0.0,40.93,1,100,45.16,1.0,13.4,98.0,13.4,100.0,0
90,8,1,1,0.85,0,0,45.13,0,0.0,29.62,1,100,50.0,0.7,7.1,98.6,7.1,100.0,0
70,5,2,0,0.73,0,0,42.32,0,0.0,30.71,1,0,50.0,0.3,1.7,99.4,1.7,100.0,1
95,17,1,0,1.14,1,1,55.37,1,0.0,28.02,1,100,38.43,2.2,11.4,95.6,11.4,100.0,1
75,31,1,1,0.77,1,0,46.51,1,0.0,12.7,1,100,43.41,0.9,12.5,98.2,12.5,26.67,0
75,12,0,0,0.53,1,0,47.72,1,0.0,30.62,1,0,22.78,2.2,3.6,95.6,3.6,70.85,1
70,7,2,0,0.94,0,0,43.5,0,0.0,28.09,1,100,43.92,1.2,1.3,97.6,1.3,70.0,1
90,14,1,0,1.38,0,1,58.56,1,0.0,27.52,1,0,34.17,2.1,9.5,95.8,9.5,50.0,0
75,14,2,1,0.57,0,1,60.62,1,0.0,26.15,1,100,52.47,4.3,16.6,91.4,16.6,100.0,0
85,17,0,0,0.33,0,1,48.29,1,0.0,11.56,1,100,50.0,0.8,2.0,98.4,2.0,100.0,0
90,112,0,0,0.4,0,1,32.99,1,0.0,16.41,1,100,33.06,2.5,3.4,95.0,3.4,57.82,0
90,10,0,0,0.53,0,1,52.82,1,0.0,15.58,1,0,35.78,4.2,1.9,91.6,1.9,47.27,0
85,16,0,0,0.54,0,1,57.73,1,0.0,27.69,1,100,50.0,1.8,6.5,96.4,6.5,54.6,0
100,13,2,0,0.48,1,1,59.12,1,0.0,40.89,1,100,35.74,0.4,10.1,99.2,10.1,100.0,0
75,6,0,0,0.23,1,0,46.13,1,0.0,23.67,1,100,50.0,0.1,0.8,99.8,0.8,52.22,0
75,6,2,0,1.07,0,0,59.66,0,0.0,25.46,1,100,57.58,5.5,8.4,89.0,8.4,50.0,0
95,43,2,0,1.4,0,1,46.79,1,0.0,16.6,1,0,32.01,7.4,22.5,85.2,22.5,50.0,1
70,6,2,0,0.7,0,0,40.19,0,0.0,35.06,1,0,50.0,0.6,3.4,98.8,3.4,100.0,0
95,13,1,0,0.66,1,1,55.73,0,0.0,26.77,1,100,45.88,4.3,12.0,91.4,12.0,100.0,1
75,248,2,0,0.61,0,0,21.67,1,0.0,37.66,1,100,51.86,1.8,7.4,96.4,7.4,50.0,0
90,11,0,0,0.94,0,1,61.79,1,0.0,17.97,1,100,45.73,2.0,2.4,96.0,2.4,47.06,1
90,150,2,0,0.48,0,0,30.53,1,0.0,24.43,1,0,32.94,3.3,26.0,93.4,26.0,100.0,0
65,9,2,0,0.67,0,0,49.13,1,0.0,14.1,1,0,50.0,1.5,4.9,97.0,4.9,40.14,1
90,13,1,0,0.73,0,1,46.08,1,0.0,19.69,1,100,50.0,7.9,5.4,84.2,5.4,32.92,0
100,24,1,0,0.69,1,0,38.79,1,0.0,17.06,1,0,24.95,2.6,4.5,94.8,4.5,48.12,0
85,9,1,0,0.92,0,1,47.28,1,0.0,26.81,1,100,50.0,5.5,7.8,89.0,7.8,100.0,0
90,11,2,0,0.54,0,1,70.53,1,0.0,26.98,1,0,18.85,1.4,4.9,97.2,4.9,37.64,0
75,10,1,0,0.71,0,0,43.18,1,0.0,29.69,1,0,25.81,5.0,7.2,90.0,7.2,36.67,0
95,24,1,1,0.75,0,0,49.56,0,0.0,38.68,1,0,30.81,1.8,10.7,96.4,10.7,60.74,0
85,19,2,1,0.86,0,0,43.36,0,0.0,25.0,1,100,50.0,0.1,19.9,99.8,19.9,50.0,0
65,4,2,0,0.55,0,0,33.24,0,0.0,25.56,1,0,50.0,0.2,1.8,99.6,1.8,50.0,0
70,18,2,1,0.89,0,1,54.55,1,0.0,21.33,1,100,45.14,2.5,7.9,95.0,7.9,36.59,0
75,10,2,1,0.69,0,1,47.96,1,0.0,20.82,1,100,58.44,6.3,3.4,87.4,3.4,42.92,0
80,14,2,0,0.74,1,0,51.75,0,0.0,23.91,1,0,36.51,1.9,4.2,96.2,4.2,100.0,0
95,9,0,0,0.18,1,1,49.5,0,0.0,24.94,1,0,41.51,1.9,3.8,96.2,3.8,100.0,0
70,53,1,1,0.39,0,1,62.71,0,0.0,22.54,1,0,26.74,1.1,10.4,97.8,10.4,38.24,1
95,13,0,0,0.58,1,1,62.28,0,0.0,23.01,1,100,34.0,3.3,4.0,93.4,4.0,55.39,0
75,57,2,0,0.74,0,1,54.99,0,0.0,14.23,1,0,29.64,1.4,32.7,97.2,32.7,59.35,0
95,15,1,1,0.78,0,0,47.38,0,0.0,25.01,1,100,41.7,1.9,8.0,96.2,8.0,59.67,0
90,15,2,0,0.71,0,1,60.02,0,0.0,29.82,1,100,57.44,0.2,18.0,99.6,18.0,50.0,0
80,15,2,1,0.58,1,1,52.3,1,0.0,13.81,1,100,44.04,2.0,9.4,96.0,9.4,49.17,1
95,55,2,0,1.21,0,1,40.23,1,0.0,14.81,1,0,29.17,4.1,27.3,91.8,27.3,100.0,0
95,9,2,0,0.59,0,1,50.93,1,0.0,8.22,1,0,30.38,5.7,6.0,88.6,6.0,100.0,0
95,65,0,1,1.08,1,0,62.87,1,0.0,28.27,1,100,48.25,0.2,5.0,99.6,5.0,26.52,1
95,34,2,0,0.72,0,1,56.45,1,0.0,23.27,1,0,30.43,0.6,12.7,98.8,12.7,50.0,1
90,19,2,1,0.82,0,0,52.9,0,0.0,12.06,1,100,47.57,6.5,7.6,87.0,7.6,54.11,1
75,23,2,1,0.75,0,1,56.97,0,0.0,15.2,1,100,45.97,9.5,22.0,81.0,22.0,100.0,0
75,5,2,1,0.61,0,1,68.91,1,0.0,37.94,1,100,35.8,2.3,1.4,95.4,1.4,50.0,0
75,8,2,1,0.74,0,1,60.81,1,0.0,32.79,1,0,30.4,2.1,1.1,95.8,1.1,40.83,0
95,201,1,0,0.47,1,0,31.25,1,0.0,22.04,1,100,55.35,4.5,21.3,91.0,21.3,36.89,0
95,11,1,1,0.65,0,0,35.12,1,0.0,33.17,1,100,58.62,0.2,7.7,99.6,7.7,50.0,0
100,70,2,1,0.47,1,1,62.65,1,0.0,31.59,1,100,56.75,4.2,17.2,91.6,17.2,100.0,0
85,7,2,1,1.23,0,0,40.59,1,0.0,16.32,1,100,50.0,0.1,7.5,99.8,7.5,100.0,0
95,9,1,0,0.64,0,1,57.01,1,0.0,32.52,1,100,34.78,9.5,6.7,81.0,6.7,75.8,0
100,24,2,0,1.41,1,1,47.11,1,0.0,25.0,1,100,49.79,2.1,14.9,95.8,14.9,75.13,0
90,49,2,1,0.45,0,1,63.37,1,0.0,28.72,1,100,42.54,1.1,6.7,97.8,6.7,50.0,1
75,52,2,0,1.05,0,0,37.15,1,0.0,20.02,1,100,51.89,1.0,22.1,98.0,22.1,100.0,1
90,19,2,1,0.77,0,0,51.74,1,0.0,17.72,1,100,35.58,0.8,4.1,98.4,4.1,50.0,1
90,232,2,1,0.75,0,1,66.2,1,0.0,21.12,1,0,28.68,0.8,4.4,98.4,4.4,59.84,1
95,53,2,0,0.65,0,1,32.89,1,0.0,21.91,1,0,27.88,5.5,9.4,89.0,9.4,46.35,1
90,168,2,0,0.38,0,0,36.73,1,0.0,25.42,1,100,59.8,1.2,9.4,97.6,9.4,100.0,0
70,188,2,0,0.3,0,0,39.92,1,0.0,30.45,1,100,44.4,0.3,27.7,99.4,27.7,50.0,0
90,16,0,1,0.88,0,0,48.84,1,0.0,25.28,1,100,38.14,2.5,2.5,95.0,2.5,55.37,1
90,47,1,0,0.52,0,1,46.03,1,0.0,24.22,1,0,34.7,2.7,9.4,94.6,9.4,28.95,0
95,74,2,0,0.64,0,1,44.92,1,0.0,11.83,1,0,24.57,0.6,11.5,98.8,11.5,36.67,0
90,103,2,1,0.31,0,1,69.41,1,0.0,29.77,1,100,51.31,2.3,5.7,95.4,5.7,100.0,0
90,12,1,1,0.71,0,0,55.98,0,0.0,21.32,1,100,50.0,5.2,3.9,89.6,3.9,58.1,0
95,28,2,0,0.91,0,1,37.81,1,0.0,20.04,1,100,42.75,4.6,8.0,90.8,8.0,26.92,0
95,62,2,0,0.43,0,1,57.34,0,0.0,27.43,1,100,45.36,1.4,51.4,97.2,51.4,50.0,0
90,25,2,1,0.5,0,0,58.2,0,0.0,35.6,1,100,46.93,7.2,13.7,85.6,13.7,100.0,1
70,26,2,1,0.88,0,1,51.84,0,0.0,23.75,1,100,47.48,0.4,13.4,99.2,13.4,100.0,0
95,31,2,1,0.78,0,0,61.02,0,0.0,29.56,1,100,46.22,1.7,17.2,96.6,17.2,76.06,1
100,46,2,0,0.58,1,1,58.4,0,0.0,16.02,1,0,22.37,0.3,24.5,99.4,24.5,50.0,0
95,43,0,1,0.75,1,0,55.41,0,0.0,25.54,1,100,55.33,0.7,3.1,98.6,3.1,42.56,0
75,17,2,0,0.5,0,0,46.42,0,0.0,20.44,1,0,31.98,9.9,17.5,80.2,17.5,100.0,0
90,38,2,1,1.07,0,0,61.8,0,0.0,24.03,1,100,56.42,9.0,30.4,82.0,30.4,26.45,0
95,74,2,0,0.38,0,1,43.19,0,0.0,27.3,1,100,38.83,4.0,7.5,92.0,7.5,36.67,1
95,112,1,0,0.22,1,0,39.16,0,0.0,23.44,1,100,46.83,0.9,3.7,98.2,3.7,50.0,1
90,13,0,0,0.42,0,1,56.48,1,0.0,11.39,1,0,27.43,0.2,3.1,99.6,3.1,54.9,0
95,87,0,0,1.82,1,0,28.1,1,0.0,24.86,1,0,32.72,2.0,4.2,96.0,4.2,74.67,1
90,9,1,0,0.72,0,1,59.05,1,0.0,32.9,1,0,25.0,1.0,4.3,98.0,4.3,100.0,0
90,288,1,0,0.55,0,0,34.54,1,0.0,36.89,1,100,50.0,2.5,6.5,95.0,6.5,42.94,1
90,100,2,1,0.36,0,1,62.24,1,0.0,29.9,1,0,50.0,4.9,5.9,90.2,5.9,33.74,0
95,23,1,0,0.82,0,1,46.29,1,0.0,16.98,1,100,33.7,1.9,15.5,96.2,15.5,36.67,0
90,12,2,0,0.94,0,0,48.82,1,0.0,16.79,1,100,42.82,5.7,6.9,88.6,6.9,100.0,0
100,11,2,1,0.99,1,0,49.13,1,0.0,12.92,1,100,55.19,1.1,10.6,97.8,10.6,50.0,1
75,71,1,0,0.23,1,0,22.39,1,0.0,39.15,1,100,41.98,8.8,3.1,82.4,3.1,36.67,0
75,9,2,1,0.89,1,1,51.85,1,0.0,12.53,1,100,30.34,1.7,5.5,96.6,5.5,41.82,0
95,10,2,1,0.66,0,0,39.67,0,0.0,36.12,1,0,27.88,2.3,8.2,95.4,8.2,40.16,0
95,14,1,1,0.92,0,0,47.39,0,0.0,29.73,1,100,46.72,0.7,11.5,98.6,11.5,100.0,0
90,13,2,1,0.91,0,0,50.13,0,0.0,16.59,1,100,50.0,0.5,7.1,99.0,7.1,100.0,0
100,13,2,1,0.74,1,0,52.66,0,0.0,11.29,1,100,50.18,0.5,12.4,99.0,12.4,40.67,0
90,12,2,1,0.48,0,0,44.6,0,0.0,26.39,1,100,56.61,1.0,9.6,98.0,9.6,100.0,0
90,242,2,0,0.75,0,0,28.77,1,0.0,17.95,1,100,53.94,6.0,14.9,88.0,14.9,37.36,0
85,10,2,1,1.0,0,0,39.38,0,0.0,35.2,1,100,50.0,1.1,9.0,97.8,9.0,100.0,0
65,29,2,1,0.52,0,1,56.03,0,0.0,30.37,1,100,50.0,1.3,6.2,97.4,6.2,100.0,0
95,10,1,1,0.95,0,0,38.95,0,0.0,36.7,1,100,37.81,0.4,6.8,99.2,6.8,54.7,1
100,6,2,1,0.25,1,0,24.06,0,0.0,31.51,1,100,40.28,0.1,6.1,99.8,6.1,100.0,0
90,7,2,1,1.29,0,0,46.63,0,0.0,18.96,1,100,50.0,0.4,7.0,99.2,7.0,100.0,1
95,14,2,1,1.22,0,0,45.42,1,0.0,20.61,1,100,40.57,0.2,11.6,99.6,11.6,25.11,0
95,16,2,1,0.96,0,0,49.27,1,0.0,32.89,1,100,57.42,6.3,17.0,87.4,17.0,57.72,0
95,18,2,0,0.82,0,1,48.58,1,0.0,30.32,1,100,57.53,5.7,10.1,88.6,10.1,100.0,0
95,9,1,0,1.14,0,1,61.55,1,0.0,19.07,1,100,40.97,3.8,4.4,92.4,4.4,50.0,0
75,22,0,0,0.54,1,0,53.18,1,0.0,15.11,1,100,53.8,0.8,3.3,98.4,3.3,36.67,1
95,10,2,0,1.51,1,1,48.02,1,0.0,15.78,1,0,38.28,3.6,8.1,92.8,8.1,39.17,0
100,25,1,0,0.79,1,1,50.88,1,0.0,21.92,1,100,52.09,1.3,6.6,96.0,4.1,54.91,0
90,17,2,1,0.44,0,0,45.64,0,0.0,24.32,1,100,45.48,0.9,18.0,98.2,18.0,50.0,0
95,28,1,0,1.81,1,1,41.95,1,0.0,25.3,1,0,32.76,3.5,9.4,93.0,9.4,36.67,0
80,5,2,0,0.4,1,0,49.74,0,0.0,17.36,1,100,50.0,0.6,5.9,98.8,5.9,50.0,1
95,255,2,1,0.81,0,1,67.37,0,0.0,19.98,1,100,39.83,0.3,7.8,99.4,7.8,100.0,1
75,10,1,1,0.9,1,1,46.98,0,0.0,23.63,1,100,54.67,2.3,6.1,95.4,6.1,100.0,0
95,20,1,0,1.16,0,1,52.35,1,0.0,30.47,1,100,52.49,2.4,7.5,95.2,7.5,50.08,0
75,21,2,1,0.62,0,1,38.36,1,0.0,21.54,1,100,49.58,0.2,14.5,99.6,14.5,50.0,0
90,45,1,1,0.51,0,0,47.85,0,0.0,19.83,1,0,36.76,2.4,7.0,95.2,7.0,27.54,0
75,12,2,0,1.03,0,0,53.34,1,0.0,21.8,1,0,23.99,2.0,3.5,96.0,3.5,47.58,0
90,9,0,0,1.13,0,1,65.93,1,0.0,52.07,1,100,36.83,1.3,5.3,97.4,5.3,100.0,0
95,38,1,0,0.42,1,1,39.18,1,0.0,25.55,1,100,31.95,3.5,5.6,93.0,5.6,100.0,1
95,245,2,0,0.32,0,1,52.58,1,0.0,17.59,1,100,43.71,4.9,8.9,90.2,8.9,50.0,1
80,13,1,0,0.52,1,0,48.33,1,0.0,15.17,1,0,27.84,0.1,4.7,99.8,4.7,100.0,0
90,286,2,1,0.94,0,1,72.19,1,0.0,29.18,1,0,50.0,1.6,6.5,96.8,6.5,30.95,0
85,6,2,0,1.04,0,1,47.7,1,0.0,20.03,1,100,50.0,1.2,3.0,97.6,3.0,100.0,0
70,46,2,0,0.63,0,0,39.13,1,0.0,32.28,1,100,50.0,0.7,5.3,98.6,5.3,50.0,0
100,13,2,0,1.21,1,1,52.16,1,0.0,27.91,1,100,37.85,7.0,4.4,86.0,4.4,74.6,0
95,7,1,0,0.96,0,1,62.85,1,0.0,33.81,1,100,39.61,1.6,2.8,96.8,2.8,36.67,0
95,9,2,0,0.27,1,1,67.65,1,0.0,24.56,1,100,58.54,2.4,11.4,95.2,11.4,50.0,1
70,9,2,1,1.16,0,1,60.58,1,0.0,30.78,1,100,50.0,1.5,1.3,97.0,1.3,100.0,0
100,21,1,0,0.37,1,1,42.3,1,0.0,16.65,1,100,43.04,0.1,6.9,99.8,6.9,100.0,0
95,62,2,0,1.27,1,0,38.16,1,0.0,26.28,1,100,36.61,3.3,8.7,93.4,8.7,37.25,0
100,11,1,0,0.91,1,1,54.12,1,0.0,37.59,1,100,39.84,3.6,5.6,92.8,5.6,100.0,0
85,167,1,0,1.55,0,0,36.4,1,0.0,25.61,1,100,50.0,2.7,4.5,94.6,4.5,31.97,1
100,10,2,0,0.62,1,1,57.51,1,0.0,25.85,1,100,40.45,1.7,6.4,96.6,6.4,43.02,0
95,11,2,0,1.1,1,1,49.62,1,0.0,9.33,1,100,47.0,0.4,4.6,99.2,4.6,100.0,0
95,21,2,0,0.85,0,1,48.59,1,0.0,23.62,1,100,36.69,5.7,8.1,88.6,8.1,54.6,0
70,49,2,1,0.77,0,1,69.96,1,0.0,27.89,1,100,50.0,0.5,1.3,99.0,1.3,100.0,1
100,10,1,0,0.49,1,1,58.04,1,0.0,38.86,1,100,50.0,0.2,5.9,99.6,5.9,57.6,0
95,13,1,1,0.71,1,0,33.4,0,0.0,27.88,1,0,26.47,3.7,8.1,92.6,8.1,50.0,1
80,7,2,0,0.79,1,0,44.53,0,0.0,23.85,1,0,21.7,1.6,5.2,96.8,5.2,100.0,0
95,10,1,0,1.02,0,1,56.6,0,0.0,26.79,1,0,31.49,0.3,6.8,99.4,6.8,100.0,0
75,100,0,0,1.01,1,0,36.12,0,0.0,26.67,1,0,50.0,0.9,4.4,98.2,4.4,76.67,0
90,21,2,0,0.94,0,1,47.41,0,0.0,20.67,1,100,54.16,1.2,7.0,97.6,7.0,50.0,0
95,64,2,0,0.26,1,0,29.52,0,0.0,33.15,1,100,41.57,5.0,5.4,90.0,5.4,100.0,0
90,40,1,1,0.69,0,0,56.75,0,0.0,16.99,1,100,36.03,2.8,9.3,94.4,9.3,26.67,0
75,14,1,1,0.7,1,1,47.74,0,0.0,20.48,1,100,45.53,2.6,5.9,94.8,5.9,100.0,0
100,13,1,1,1.07,1,0,42.92,0,0.0,24.29,1,100,55.07,2.2,7.3,95.6,7.3,100.0,0
90,38,2,0,0.31,0,1,59.33,1,0.0,47.5,1,100,50.0,3.1,5.4,93.8,5.4,39.39,1
100,16,1,0,0.78,1,1,46.77,1,0.0,20.18,1,100,45.86,1.0,7.5,98.0,7.5,100.0,0
95,70,2,0,0.82,0,1,36.92,1,0.0,17.69,1,0,22.55,0.3,9.0,99.4,9.0,100.0,1
75,111,0,1,0.38,1,1,68.5,1,0.0,24.71,1,100,43.21,0.1,13.4,99.8,13.4,32.74,1
95,19,2,1,0.44,1,0,53.6,1,0.0,26.72,1,0,25.32,4.7,7.5,90.6,7.5,100.0,1
90,22,2,1,1.04,0,0,47.51,0,0.0,23.55,1,100,50.0,0.3,12.5,99.4,12.5,50.0,1
95,53,1,1,1.55,0,0,63.25,0,0.0,21.05,1,100,44.43,6.9,20.7,86.2,20.7,100.0,1
70,63,2,1,0.54,0,1,69.84,0,0.0,28.04,1,100,52.58,6.9,6.7,86.2,6.7,48.05,0
95,16,2,0,0.71,0,1,60.68,1,0.0,26.21,1,100,53.23,0.2,3.9,99.6,3.9,50.0,0
85,28,2,1,0.88,0,0,49.95,1,0.0,26.95,1,100,50.0,1.8,5.9,96.4,5.9,100.0,0
95,14,0,1,0.35,1,0,36.09,1,0.0,18.19,1,100,40.17,0.1,3.2,99.8,3.2,50.0,0
75,6,2,1,0.25,1,1,42.36,1,0.0,20.31,1,100,44.54,0.5,6.8,99.0,6.8,50.0,0
95,202,2,0,0.29,1,0,38.18,1,0.0,21.89,1,0,33.51,1.1,13.2,97.8,13.2,100.0,0
100,11,1,1,0.51,1,0,44.25,1,0.0,20.98,1,100,56.67,3.8,5.7,92.4,5.7,32.72,1
100,207,0,1,1.78,1,1,63.12,1,0.0,27.48,1,0,32.16,4.1,18.0,91.8,18.0,32.6,0
90,31,1,0,0.69,0,1,50.89,1,0.0,29.43,1,100,51.88,0.9,5.8,98.2,5.8,100.0,0
95,17,1,0,0.69,0,1,48.6,1,0.0,29.12,1,100,48.99,6.0,9.7,88.0,9.7,48.75,0
100,9,1,0,0.65,1,1,70.71,1,0.0,38.57,1,100,47.22,1.4,7.0,97.2,7.0,50.0,1
85,11,2,0,0.61,0,1,58.75,1,0.0,16.0,1,100,50.0,2.0,6.2,96.0,6.2,50.0,0
90,14,0,0,0.52,0,1,57.05,1,0.0,22.5,1,0,24.58,0.8,2.7,98.4,2.7,26.67,0
100,30,1,1,0.52,1,0,55.32,1,0.0,23.9,1,100,57.13,4.5,9.2,91.0,9.2,39.08,0
95,55,2,1,0.43,0,0,47.27,1,0.0,15.32,1,0,38.77,1.2,5.6,97.6,5.6,50.0,1
95,17,1,0,0.96,0,1,45.59,1,0.0,20.31,1,100,45.52,5.6,4.9,88.8,4.9,52.7,1
70,40,2,1,0.63,0,1,65.43,0,0.0,26.77,1,100,49.74,0.7,10.0,98.6,10.0,50.0,0
90,36,0,0,0.54,0,1,40.21,1,0.0,31.86,1,0,32.43,3.5,8.7,93.0,8.7,50.0,0
95,13,2,1,1.0,1,0,51.5,1,0.0,15.17,1,100,40.67,1.7,6.2,96.6,6.2,100.0,1
100,8,2,1,0.48,1,0,33.49,1,0.0,44.86,1,0,50.0,0.2,6.1,99.6,6.1,100.0,0
100,81,2,0,0.33,1,1,35.18,1,0.0,32.9,1,100,50.0,0.2,7.5,99.6,7.5,26.92,0
90,117,2,0,0.45,0,1,70.08,1,0.0,18.5,1,0,50.0,2.4,6.5,95.2,6.5,50.0,0
75,12,0,1,0.6,1,1,53.84,1,0.0,35.02,1,0,31.82,0.5,1.8,99.0,1.8,39.17,0
90,16,1,0,0.78,0,1,48.76,1,0.0,19.93,1,100,39.72,6.0,8.8,88.0,8.8,36.67,1
90,16,2,1,0.83,0,0,50.08,0,0.0,27.56,1,0,22.65,1.4,13.1,97.2,13.1,100.0,0
90,24,2,1,0.81,0,0,58.66,0,0.0,21.32,1,100,50.0,1.5,5.9,97.0,5.9,100.0,0
100,176,1,1,0.73,1,1,71.85,0,0.0,33.24,1,100,41.61,6.3,4.9,87.4,4.9,37.86,0
100,10,2,1,0.37,1,0,43.13,1,0.0,32.65,1,100,50.0,0.4,6.2,99.2,6.2,47.85,1
95,25,2,0,0.61,0,1,46.78,1,0.0,26.12,1,0,28.93,0.8,11.8,98.4,11.8,100.0,1
100,92,2,0,1.28,1,0,28.91,1,0.0,37.16,1,0,39.08,6.3,14.3,87.4,14.3,54.94,0
75,21,0,0,0.15,1,0,48.85,1,0.0,19.31,1,100,29.17,0.1,1.9,99.8,1.9,30.3,0
95,233,1,0,0.71,0,0,28.87,1,0.0,27.72,1,0,24.19,1.2,15.1,97.6,15.1,100.0,0
90,83,2,0,0.22,0,0,44.95,1,0.0,18.23,1,0,34.05,4.3,52.1,91.4,52.1,100.0,0
95,95,1,0,0.51,1,1,37.92,1,0.0,27.16,1,0,32.96,1.8,5.3,96.4,5.3,36.67,0
95,100,2,0,0.1,1,1,51.85,1,0.0,14.37,1,100,46.97,2.4,25.5,95.2,25.5,50.0,1
80,14,2,0,0.36,1,1,76.89,0,0.0,22.1,1,0,30.83,4.0,13.7,92.0,13.7,100.0,1
90,14,2,0,0.93,0,1,55.42,1,0.0,31.37,1,100,50.0,3.5,8.3,93.0,8.3,73.16,0
95,25,1,1,0.64,1,0,47.75,0,0.0,15.2,1,100,48.67,0.6,8.2,98.8,8.2,50.0,1
100,7,1,1,0.42,1,0,30.76,0,0.0,42.7,1,100,54.58,0.5,7.7,99.0,7.7,50.0,1
100,13,2,0,0.49,1,1,47.99,0,0.0,13.8,1,0,31.15,4.3,6.6,91.4,6.6,100.0,0
95,6,0,0,0.73,1,1,52.91,0,0.0,21.86,1,100,45.6,0.1,3.9,99.8,3.9,100.0,0
70,13,2,1,0.75,0,1,51.88,1,0.0,20.16,1,100,38.54,2.8,5.6,94.4,5.6,48.29,0
90,38,1,1,0.87,0,0,59.01,1,0.0,33.83,1,100,50.0,1.2,5.9,97.6,5.9,59.22,0
90,39,1,0,0.22,0,1,36.78,1,0.0,40.64,1,100,49.63,1.8,8.3,96.4,8.3,50.0,1
90,12,1,0,0.64,0,1,48.52,1,0.0,20.35,1,0,31.79,2.4,7.0,95.2,7.0,29.02,1
95,181,1,1,1.07,1,1,61.22,1,0.0,23.32,1,100,50.44,0.7,28.9,98.6,28.9,53.03,0
90,7,1,0,1.24,0,1,54.62,1,0.0,21.13,1,100,50.0,5.8,8.0,88.4,8.0,100.0,0
90,8,1,0,0.79,0,1,54.2,1,0.0,15.71,1,0,50.0,0.8,7.1,98.4,7.1,52.29,0
90,30,1,0,0.58,0,1,40.89,1,0.0,26.07,1,100,49.08,5.1,11.8,89.8,11.8,100.0,0
75,9,2,1,0.63,0,1,63.31,1,0.0,42.79,1,100,30.05,2.8,0.6,94.4,0.6,54.55,0
90,8,2,0,0.95,0,1,84.51,1,0.0,52.02,1,100,51.21,5.9,8.8,88.2,8.8,50.0,1
90,69,2,0,0.35,0,1,33.39,1,0.0,35.45,1,100,54.93,3.2,8.6,93.6,8.6,65.15,0
75,12,2,0,1.02,0,0,37.34,1,0.0,43.87,1,100,34.07,3.5,3.4,93.0,3.4,36.67,1
95,127,1,0,0.31,1,1,42.16,1,0.0,22.71,1,100,39.51,1.0,8.6,98.0,8.6,47.19,1
85,8,2,0,1.23,0,1,62.1,1,0.0,22.2,1,100,50.0,2.4,5.9,95.2,5.9,100.0,0
75,71,2,0,1.12,0,0,29.75,1,0.0,26.46,1,100,51.87,1.4,16.3,97.2,16.3,50.0,0
90,23,0,0,0.43,0,1,50.38,1,0.0,22.05,1,100,42.86,1.1,6.5,97.8,6.5,49.49,0
95,14,2,0,0.66,0,1,58.87,1,0.0,41.71,1,0,32.48,4.4,13.0,91.2,13.0,61.67,0
70,13,0,0,0.89,0,1,58.41,1,0.0,20.33,1,100,43.61,4.8,2.9,90.4,2.9,65.93,1
90,81,0,0,0.68,0,1,45.08,1,0.0,14.51,1,100,41.07,0.7,10.4,98.6,10.4,50.0,1
75,59,2,1,0.63,0,1,69.43,1,0.0,30.88,1,0,41.09,0.7,18.1,98.6,18.1,39.17,1
90,12,2,0,0.5,0,1,51.98,0,0.0,14.85,1,100,50.61,1.5,11.9,97.0,11.9,100.0,0
70,12,2,0,0.66,0,0,42.89,0,0.0,25.41,1,100,37.29,0.8,3.5,98.4,3.5,100.0,0
70,154,1,1,1.29,0,1,72.3,0,0.0,39.37,1,100,41.27,2.6,8.3,94.8,8.3,100.0,1
75,15,1,0,0.65,1,0,43.52,0,0.0,26.91,1,100,46.2,7.5,11.7,85.0,11.7,39.5,1
90,30,0,1,1.23,0,0,57.19,0,0.0,24.14,1,100,52.12,1.4,9.6,97.2,9.6,35.31,1
90,6,1,1,0.71,0,0,36.8,0,0.84,28.57,1,100,50.0,0.4,12.8,99.2,12.8,36.67,0
100,262,1,1,0.86,1,0,34.69,0,2.61,23.99,1,100,39.28,3.1,66.0,93.8,66.0,50.0,0
90,87,2,0,0.76,0,0,26.94,0,1.04,26.07,1,100,50.0,4.0,12.1,92.0,12.1,100.0,1
100,22,1,1,0.65,1,0,49.41,1,0.89,31.73,1,100,47.03,3.3,8.0,93.4,8.0,100.0,0
80,6,2,1,0.69,1,1,59.79,1,1.19,24.75,1,100,50.0,0.4,8.3,99.2,8.3,100.0,0
90,10,0,0,0.53,0,1,60.31,1,1.35,18.33,1,100,30.52,0.7,2.8,98.6,2.8,41.47,0
90,17,0,0,0.82,0,1,56.04,1,0.9,22.7,1,0,30.59,1.0,4.2,98.0,4.2,56.64,1
70,8,1,0,1.03,0,0,41.25,1,0.85,29.79,1,100,50.0,2.0,5.4,96.0,5.4,71.71,0
70,12,2,0,0.6,0,0,41.57,1,0.94,21.9,1,100,57.01,0.1,3.0,99.8,3.0,32.47,1
85,19,2,1,0.82,0,0,49.76,1,0.92,24.37,1,100,50.0,0.3,9.8,99.4,9.8,100.0,0
75,113,1,1,0.44,1,1,68.84,1,0.74,23.22,1,100,35.54,2.6,9.9,94.8,9.9,100.0,0
75,72,2,1,1.5,0,1,66.37,0,0.99,20.94,1,0,22.37,7.7,14.9,84.6,14.9,60.47,0
90,16,0,0,0.53,0,1,49.78,1,1.1,24.44,1,100,36.33,5.3,7.1,89.4,7.1,36.67,0
95,9,2,1,0.56,0,0,43.26,0,1.07,41.7,1,0,43.22,0.8,13.6,98.4,13.6,50.47,0
80,6,1,0,0.37,1,0,48.03,0,1.07,17.89,1,100,38.5,1.7,6.7,96.6,6.7,100.0,0
95,15,1,1,0.8,0,0,51.35,1,0.92,29.62,1,0,36.15,5.6,7.5,88.8,7.5,71.45,1
90,13,2,1,0.8,0,0,51.83,1,1.21,26.17,1,100,40.55,5.4,9.2,89.2,9.2,100.0,0
100,33,2,1,0.89,1,0,56.08,1,1.13,16.04,1,100,40.84,3.5,14.4,93.0,14.4,36.78,1
85,28,1,0,0.46,0,1,39.89,1,1.45,36.81,1,0,50.0,0.2,7.6,99.6,7.6,100.0,0
75,17,2,1,1.2,1,1,56.53,1,1.02,32.67,1,100,50.0,3.1,5.5,93.8,5.5,47.29,0
80,13,2,1,0.79,1,0,45.01,1,1.46,15.68,1,100,47.38,0.6,10.0,98.8,10.0,50.0,0
90,14,2,0,0.87,0,1,60.47,1,1.38,19.35,1,100,51.66,0.1,11.6,99.8,11.6,63.9,1
100,26,1,0,0.48,1,0,46.26,1,0.72,29.19,1,0,50.0,4.9,12.1,90.2,12.1,61.0,0
90,41,2,1,0.89,0,1,59.57,1,1.16,15.66,1,100,50.0,7.7,22.0,84.6,22.0,36.67,0
70,28,1,0,0.71,0,0,38.91,1,1.08,17.99,1,100,37.87,5.6,5.0,88.8,5.0,63.18,0
100,226,1,1,1.9,1,1,62.66,1,1.29,22.81,1,100,49.65,1.2,28.4,97.6,28.4,100.0,1
90,194,1,0,1.16,0,0,34.07,1,1.94,26.64,1,100,50.0,7.4,7.6,85.2,7.6,36.19,0
75,8,0,1,0.56,1,1,41.14,1,1.03,36.08,1,100,49.97,0.5,2.5,99.0,2.5,100.0,0
90,7,0,1,1.0,0,0,35.83,0,0.87,47.42,1,0,35.23,0.3,4.2,99.4,4.2,100.0,1
65,8,1,1,1.03,0,1,59.8,0,1.35,40.87,1,0,50.0,0.4,3.5,99.2,3.5,50.0,0
75,18,2,1,0.47,0,1,54.65,0,1.34,22.5,1,0,30.3,9.7,7.8,80.6,7.8,43.89,0
95,23,1,1,0.98,0,0,56.21,0,1.04,30.11,1,100,45.96,5.7,6.8,88.6,6.8,70.01,0
90,11,2,0,0.76,0,1,45.55,1,1.11,12.64,1,100,55.07,4.0,7.6,92.0,7.6,100.0,0
95,190,1,0,0.52,1,0,33.78,1,1.22,25.34,1,100,44.02,2.7,9.6,94.6,9.6,100.0,1
75,27,2,0,0.68,0,0,47.75,0,1.1,21.66,1,100,57.82,8.5,23.4,83.0,23.4,57.12,0
75,15,2,1,0.98,0,1,57.37,0,1.07,14.44,1,100,49.93,8.0,12.1,84.0,12.1,100.0,0
100,12,1,1,0.6,1,1,50.86,0,1.05,13.21,1,100,50.0,2.8,11.7,94.4,11.7,30.39,1
75,277,2,0,1.17,0,0,25.95,0,1.07,38.6,1,100,48.42,1.6,17.4,96.8,17.4,49.94,0
95,9,0,0,0.46,1,1,53.23,1,0.94,9.01,1,100,50.0,1.8,3.8,96.4,3.8,36.67,0
90,11,1,0,1.58,0,1,52.27,1,0.98,14.61,1,100,50.0,1.9,11.9,96.2,11.9,100.0,0
95,13,1,0,0.93,0,1,55.25,1,0.93,31.81,1,100,41.43,0.6,12.6,98.8,12.6,50.0,0
100,10,2,0,0.55,1,1,53.63,1,0.88,9.86,1,0,33.56,1.1,10.5,97.8,10.5,40.87,0
100,8,2,1,0.3,1,1,57.24,1,1.26,13.32,1,100,50.0,0.1,1.9,99.8,1.9,100.0,0
65,12,2,1,0.67,0,1,48.38,1,1.04,13.89,1,100,50.0,0.8,12.3,98.4,12.3,41.77,0
65,25,2,0,0.64,0,0,47.59,1,1.31,18.99,1,100,50.0,1.2,13.5,97.6,13.5,50.0,0
75,22,2,1,0.53,1,1,57.88,1,1.1,19.31,1,100,41.77,2.4,16.1,95.2,16.1,100.0,0
65,22,1,0,0.99,0,0,42.7,1,1.03,18.64,1,100,50.0,1.1,1.1,97.8,1.1,100.0,0
85,7,0,1,0.82,0,0,37.53,0,0.98,34.06,1,100,50.0,1.4,3.5,97.2,3.5,55.01,0
95,163,1,1,0.48,1,1,77.4,0,0.87,37.4,1,100,52.03,1.0,8.2,98.0,8.2,50.0,0
90,16,2,1,0.84,0,0,47.38,0,1.05,9.72,1,0,50.0,2.5,10.8,95.0,10.8,100.0,0
90,10,1,1,0.81,0,0,51.62,0,1.15,18.08,1,100,50.0,2.5,6.9,95.0,6.9,74.48,0
70,213,2,0,0.42,0,0,33.29,0,0.93,47.9,1,0,52.0,2.7,11.9,94.6,11.9,100.0,1
75,15,2,1,0.85,0,1,53.23,1,0.96,21.27,1,100,44.18,3.5,14.4,93.0,14.4,49.14,1
95,9,0,0,0.57,1,1,57.09,1,0.85,16.93,1,0,16.5,1.0,7.9,98.0,7.9,62.69,0
95,12,2,0,1.35,0,1,51.49,1,0.86,37.65,1,100,38.76,7.4,11.2,85.2,11.2,100.0,1
70,13,2,1,1.27,0,1,46.74,1,1.07,22.97,1,100,49.48,1.5,1.1,97.0,1.1,39.65,0
75,13,2,1,0.89,1,1,50.99,1,1.02,18.33,1,100,34.65,6.2,7.2,87.6,7.2,26.67,0
100,17,1,1,1.74,1,0,46.81,1,1.04,13.86,1,100,45.68,0.5,10.1,99.0,10.1,100.0,1
95,24,1,1,0.6,0,0,54.9,1,0.87,20.2,1,100,40.22,3.1,7.8,93.8,7.8,69.98,1
70,10,2,1,1.02,0,1,42.09,1,1.09,29.82,1,100,50.0,3.9,9.9,92.2,9.9,100.0,1
100,35,1,1,1.14,1,0,56.09,1,1.37,21.43,1,100,28.82,4.6,12.9,90.8,12.9,100.0,1
90,55,2,0,0.67,0,0,40.12,1,0.98,26.26,1,100,50.97,0.2,12.9,99.6,12.9,32.59,0
95,8,0,0,0.86,1,1,60.96,1,0.88,21.74,1,0,35.25,2.2,7.0,95.6,7.0,100.0,1
100,23,1,0,0.96,1,0,41.75,1,1.13,14.93,1,100,50.48,3.4,10.9,93.2,10.9,36.67,0
90,10,1,0,0.88,0,1,57.89,1,0.98,15.7,1,100,50.0,0.4,6.4,99.2,6.4,37.57,0
90,19,0,1,0.61,0,0,48.37,0,1.13,17.19,1,100,41.38,1.1,5.6,97.8,5.6,100.0,0
95,10,2,1,0.8,0,0,46.74,0,0.9,28.89,1,0,34.93,5.7,10.3,88.6,10.3,50.03,0
75,17,2,1,0.99,0,1,55.05,0,1.21,15.21,1,100,44.16,3.2,6.4,93.6,6.4,100.0,0
95,11,2,0,1.0,0,1,56.76,0,0.93,19.76,1,100,41.51,3.6,9.1,92.8,9.1,26.67,0
90,17,1,1,0.82,0,0,44.66,0,0.97,36.33,1,100,50.0,2.6,6.4,94.8,6.4,50.0,0
100,37,1,1,0.58,1,0,65.18,0,0.82,27.67,1,100,50.0,6.1,13.6,87.8,13.6,27.55,1
70,7,2,0,0.49,0,1,65.02,0,1.45,21.57,1,100,50.0,1.0,14.7,98.0,14.7,50.0,1
75,195,1,1,0.78,0,1,58.77,0,1.09,20.49,1,100,48.1,4.7,21.0,90.6,21.0,41.13,0
90,16,2,0,0.99,0,1,53.09,1,0.92,34.13,1,0,27.36,3.9,14.5,92.2,14.5,100.0,0
75,137,1,0,1.19,1,0,31.28,1,1.27,32.64,1,100,36.94,1.1,37.7,97.8,37.7,50.0,0
85,12,2,0,0.45,0,1,63.38,1,0.96,35.78,1,100,50.0,0.9,9.1,98.2,9.1,56.1,0
90,152,1,0,0.23,0,0,13.57,1,0.9,43.46,1,0,33.87,5.4,3.8,89.2,3.8,65.68,1
70,14,2,1,0.71,0,0,44.64,1,1.12,20.66,1,100,42.31,2.2,9.5,95.6,9.5,100.0,0
90,17,2,1,0.71,0,0,39.52,1,1.26,34.54,1,100,51.77,0.9,16.9,98.2,16.9,50.0,1
75,10,2,1,0.68,1,1,50.09,1,1.11,22.93,1,100,58.67,7.2,11.0,85.6,11.0,71.96,1
95,42,1,0,0.81,1,0,41.78,0,0.83,24.29,1,100,51.79,6.1,7.8,87.8,7.8,26.01,0
65,4,2,1,0.89,0,1,57.48,0,1.14,14.0,1,100,50.0,0.1,8.5,99.8,8.5,50.0,1
95,35,1,0,1.41,0,1,42.95,1,0.84,14.06,1,100,33.06,3.5,9.9,93.0,9.9,36.67,1
75,29,2,1,0.48,0,0,44.72,0,1.03,18.25,1,100,43.72,3.0,7.8,94.0,7.8,50.0,0
80,13,1,1,0.5,1,1,58.94,0,1.08,27.04,1,100,33.62,2.6,3.5,94.8,3.5,36.67,0
95,36,2,0,1.53,0,1,39.15,0,1.02,17.55,1,100,41.4,3.9,12.4,92.2,12.4,36.67,1
75,90,1,0,0.52,1,0,48.64,0,1.23,20.95,1,0,33.57,0.2,3.6,99.6,3.6,50.0,0
95,11,2,1,0.17,1,0,44.57,0,1.66,28.15,1,100,44.49,0.9,5.9,98.2,5.9,50.0,0
75,33,2,1,1.03,0,1,58.01,0,1.04,17.38,1,0,29.0,3.0,7.4,94.0,7.4,52.8,0
95,25,1,0,0.73,0,1,41.62,0,1.41,23.56,1,100,51.61,5.7,8.2,88.6,8.2,36.67,1
95,11,2,1,0.72,1,0,42.6,0,1.23,15.53,1,0,28.78,5.4,6.9,89.2,6.9,45.04,1
95,15,2,0,0.95,1,1,47.24,0,1.09,11.94,1,100,52.61,0.3,14.5,99.4,14.5,50.0,0
85,8,0,0,0.79,0,1,53.37,1,1.03,18.03,1,0,50.0,1.0,6.5,98.0,6.5,100.0,0
80,15,1,1,0.88,1,1,47.93,1,1.16,12.18,1,0,27.87,0.1,3.3,99.8,3.3,78.15,0
75,81,2,0,1.06,0,0,35.68,1,1.21,15.62,1,100,53.51,5.4,3.7,89.2,3.7,50.0,0
75,25,2,0,0.45,0,0,39.6,1,1.06,32.21,1,0,26.97,0.1,6.6,99.8,6.6,100.0,1
75,93,2,0,0.83,0,0,34.2,0,1.06,26.31,1,100,57.9,5.2,8.6,89.6,8.6,100.0,0
100,25,2,1,0.42,1,0,56.31,0,0.82,31.08,1,0,33.17,5.0,4.3,90.0,4.3,36.67,0
90,164,2,1,0.36,0,1,67.72,0,1.03,28.63,1,0,37.24,0.4,22.3,99.2,22.3,50.0,0
75,12,0,1,1.05,1,1,52.65,1,1.32,30.8,1,100,48.24,2.1,4.7,95.8,4.7,36.67,1
75,20,1,0,1.0,0,0,43.42,1,0.98,20.92,1,0,26.29,2.3,4.3,95.4,4.3,100.0,0
90,77,1,1,0.65,0,1,69.65,1,1.02,32.69,1,0,34.28,1.5,7.1,97.0,7.1,34.78,1
70,127,2,0,0.35,0,0,46.87,1,1.75,24.46,1,0,31.45,2.7,6.3,94.6,6.3,33.04,1
75,176,1,1,0.27,1,1,60.34,1,1.04,13.45,1,100,42.05,1.4,3.7,97.2,3.7,100.0,1
85,14,2,0,1.01,0,1,50.71,1,1.26,10.84,1,100,50.0,1.5,7.0,97.0,7.0,42.15,1
70,11,2,1,1.0,0,1,53.62,0,1.16,14.28,1,0,17.25,1.6,11.6,96.8,11.6,50.0,0
90,19,1,0,0.54,0,1,50.54,0,1.02,34.17,1,100,52.04,4.0,2.5,92.0,2.5,100.0,1
65,8,2,0,0.56,0,0,48.06,1,0.66,22.94,1,100,50.0,0.6,1.5,98.8,1.5,44.37,1
95,20,2,1,0.84,0,0,46.23,1,0.97,40.4,1,100,49.62,1.9,10.6,96.2,10.6,42.11,0
100,23,1,0,0.36,1,1,46.53,1,1.2,15.15,1,0,50.0,1.1,6.6,97.8,6.6,100.0,0
95,20,2,1,0.86,1,0,48.37,0,1.07,21.92,1,0,28.49,2.1,10.9,95.8,10.9,36.67,0
75,16,2,0,1.65,1,0,44.89,0,1.15,20.63,1,0,28.33,3.1,5.6,93.8,5.6,52.57,0
100,7,1,0,1.01,1,1,54.5,0,0.82,19.63,1,100,43.58,2.1,6.9,95.8,6.9,50.0,0
75,23,0,0,0.69,1,0,48.47,1,1.45,20.98,1,0,24.86,4.3,3.4,91.4,3.4,100.0,0
65,12,0,1,0.97,0,1,57.37,0,0.86,34.76,1,0,50.0,0.2,3.4,99.6,3.4,100.0,0
75,5,1,1,0.63,0,1,48.25,0,1.57,32.91,1,100,43.85,1.8,5.2,96.4,5.2,50.0,1
65,13,2,1,1.45,0,1,42.38,0,1.05,16.45,1,0,50.0,0.2,5.8,99.6,5.8,100.0,0
85,8,0,0,0.46,0,1,54.36,0,0.87,27.64,1,100,50.0,2.5,3.6,95.0,3.6,100.0,0
100,8,1,0,0.84,1,1,49.13,0,1.32,10.74,1,100,50.0,4.2,4.5,91.6,4.5,100.0,0
95,15,2,0,0.97,0,1,49.45,0,1.14,17.41,1,100,48.17,0.9,5.1,98.2,5.1,36.67,0
95,10,2,1,0.57,0,0,49.14,0,0.99,11.06,1,100,38.09,2.4,6.1,95.2,6.1,100.0,0
100,11,2,1,1.03,1,0,39.37,0,1.13,25.56,1,100,41.71,3.6,6.7,92.8,6.7,59.98,1
80,12,1,1,1.2,1,1,61.45,0,0.86,19.69,1,100,41.28,4.5,8.6,91.0,8.6,46.83,0
65,8,2,1,0.7,0,1,51.09,1,0.86,28.65,1,100,50.0,0.9,5.7,98.2,5.7,31.52,1
85,19,2,0,1.27,0,1,51.38,1,1.05,19.1,1,0,50.0,0.4,7.5,99.2,7.5,50.0,0
70,15,2,1,0.87,0,1,52.92,1,0.97,25.49,1,100,50.0,5.7,11.5,88.6,11.5,100.0,0
95,15,2,1,0.93,0,0,43.32,0,1.32,38.59,1,100,37.02,2.4,7.7,95.2,7.7,59.05,1
75,61,1,0,0.68,1,0,50.74,0,1.35,25.06,1,0,27.25,4.3,6.0,91.4,6.0,92.03,0
90,10,2,0,0.73,0,1,52.71,0,0.88,12.64,1,100,50.02,0.1,6.3,99.8,6.3,82.19,0
95,7,1,0,0.85,0,1,51.67,1,1.16,31.16,1,0,28.67,2.0,8.9,96.0,8.9,100.0,0
85,41,1,1,0.37,0,0,53.87,0,0.9,14.55,1,0,50.0,2.6,17.2,94.8,17.2,67.06,0
95,38,2,0,0.61,0,1,38.71,1,0.99,20.53,1,100,48.45,0.1,13.8,99.8,13.8,100.0,0
100,22,2,0,0.55,1,1,48.5,1,1.03,13.59,1,100,36.16,0.7,8.2,98.6,8.2,35.3,0
70,169,2,1,0.18,0,1,73.41,1,1.16,37.13,1,100,29.04,5.2,5.3,89.6,5.3,100.0,0
90,78,2,1,0.73,0,1,67.42,1,1.09,22.21,1,100,53.9,3.2,7.4,93.6,7.4,47.04,0
90,44,0,1,0.38,0,1,59.62,0,1.54,25.16,1,100,54.0,2.9,9.8,94.2,9.8,100.0,0
75,18,0,1,0.46,1,1,51.24,1,1.07,29.36,1,0,35.28,2.4,3.3,95.2,3.3,51.73,0
95,40,2,1,0.78,0,0,59.04,1,0.85,17.96,1,0,20.46,1.9,13.9,96.2,13.9,32.68,0
90,54,2,0,0.66,0,1,37.46,1,0.88,17.21,1,100,57.16,4.1,17.7,91.8,17.7,100.0,0
70,10,2,1,0.55,0,1,42.69,1,1.03,21.92,1,0,30.87,0.3,6.1,99.4,6.1,100.0,1
75,273,1,1,0.5,0,1,66.91,1,1.01,36.44,1,0,30.72,1.8,5.4,96.4,5.4,100.0,0
100,215,1,1,0.57,1,1,71.15,0,1.11,38.31,1,0,32.24,0.1,22.3,99.8,22.3,100.0,0
95,15,2,0,1.14,0,1,55.23,1,1.11,21.31,1,100,44.45,1.9,7.5,96.2,7.5,100.0,0
70,6,2,1,0.88,0,1,54.32,1,1.09,11.66,1,100,37.22,0.3,0.4,99.4,0.4,100.0,1
95,63,1,1,0.26,1,0,57.43,0,1.22,22.16,1,0,33.5,1.1,2.0,97.8,2.0,42.44,0
85,35,2,1,0.56,0,0,57.49,0,1.09,26.79,1,100,50.0,7.0,12.4,86.0,12.4,52.04,0
95,37,0,0,0.25,1,1,45.3,1,1.27,14.56,1,0,26.31,0.1,9.1,99.8,9.1,100.0,0
85,9,1,0,1.04,0,1,48.58,1,1.07,16.16,1,0,50.0,8.1,5.3,83.8,5.3,65.54,0
70,188,2,1,0.81,0,1,75.02,1,1.19,34.97,1,0,28.14,2.1,6.4,95.8,6.4,100.0,0
95,10,1,0,0.76,0,1,55.69,1,0.83,19.07,1,100,48.57,1.7,5.8,96.6,5.8,44.47,1
90,6,2,0,0.52,0,1,68.38,1,1.34,25.86,1,100,31.6,2.0,7.4,96.0,7.4,50.0,0
70,120,0,0,0.56,0,0,29.64,1,1.18,45.73,1,100,56.18,1.4,8.3,97.2,8.3,46.83,0
90,37,1,1,0.49,0,0,54.02,1,1.39,22.43,1,100,28.86,4.9,7.5,90.2,7.5,100.0,1
65,168,1,0,0.8,0,0,34.76,1,1.08,21.82,1,0,50.0,9.0,6.2,82.0,6.2,100.0,0
85,9,2,0,1.14,0,1,61.52,1,1.08,21.75,1,0,50.0,4.9,4.0,90.2,4.0,100.0,0
75,8,2,1,0.41,1,0,49.46,1,1.4,19.57,1,100,30.15,2.2,8.5,95.6,8.5,50.0,1
95,59,0,1,0.65,1,0,56.6,1,1.07,28.69,1,100,50.0,0.8,6.9,98.4,6.9,100.0,0
90,130,2,0,0.75,0,1,40.22,1,1.16,24.32,1,100,62.05,0.7,26.8,98.6,26.8,100.0,0
95,53,2,0,0.44,0,1,37.9,1,1.12,20.67,1,0,35.35,5.2,11.9,89.6,11.9,100.0,0
90,9,2,0,0.85,0,1,47.9,0,0.0,15.24,1,100,55.06,2.0,11.3,96.0,11.3,100.0,0
95,16,1,0,0.32,1,1,43.31,1,0.0,21.85,1,100,35.91,6.3,15.0,87.4,15.0,100.0,0
95,38,2,0,1.05,0,1,54.24,1,0.0,22.72,1,0,24.48,0.4,28.0,99.2,28.0,50.0,1
90,8,2,1,0.86,0,0,41.9,1,0.0,23.5,1,100,49.45,1.9,11.8,96.2,11.8,100.0,0
95,53,2,1,0.77,0,0,61.6,1,0.0,14.71,1,100,39.82,2.0,8.0,96.0,8.0,50.0,1
90,25,2,1,0.86,0,0,53.8,0,0.0,43.07,1,0,50.0,0.3,11.4,99.4,11.4,100.0,1
70,15,2,0,0.5,0,0,64.63,0,0.0,29.96,1,100,42.33,9.4,14.6,81.2,14.6,100.0,1
90,158,1,1,0.7,0,1,61.82,0,0.0,38.03,1,100,31.77,7.6,10.1,84.8,10.1,100.0,0
80,19,2,0,0.87,1,0,42.09,0,0.0,24.94,1,100,38.82,6.5,10.5,87.0,10.5,58.29,0
95,12,1,1,0.65,0,1,52.1,0,0.0,40.41,1,100,50.37,10.0,9.4,80.0,9.4,100.0,0
90,23,2,0,0.57,0,1,56.13,1,0.0,25.28,1,100,50.0,1.2,20.0,97.6,20.0,50.0,0
95,16,2,0,0.48,0,1,57.7,1,0.0,43.2,1,100,47.45,2.8,14.6,94.4,14.6,100.0,0
75,7,1,0,0.7,0,0,44.27,1,0.0,25.11,1,100,60.72,3.4,8.2,93.2,8.2,100.0,0
75,11,0,0,0.52,1,0,50.98,1,0.0,17.58,1,100,47.1,0.1,4.1,99.8,4.1,50.0,1
90,6,2,1,0.76,0,0,36.72,1,0.0,33.31,1,0,29.69,0.9,4.7,98.2,4.7,50.0,0
90,8,2,0,0.69,0,1,55.85,1,0.0,18.69,1,0,29.13,2.8,4.5,94.4,4.5,36.67,0
75,8,0,1,0.44,1,1,43.0,1,0.0,21.68,1,100,52.96,1.8,5.7,96.4,5.7,50.0,0
95,139,2,0,0.33,1,0,28.2,1,0.0,56.17,1,0,26.97,0.9,16.1,98.2,16.1,50.0,0
70,35,1,0,0.78,0,0,40.62,1,0.0,20.7,1,100,40.37,0.9,4.5,98.2,4.5,100.0,1
100,12,2,0,0.34,1,1,52.61,0,0.0,23.39,1,100,39.46,7.7,6.9,84.6,6.9,61.91,0
90,8,2,1,0.7,0,0,58.12,0,0.0,22.28,1,100,42.88,5.6,10.9,88.8,10.9,100.0,1
85,10,2,1,0.79,0,0,46.95,0,0.0,19.24,1,100,50.0,0.2,18.4,99.6,18.4,100.0,0
70,10,2,1,1.0,0,1,45.86,0,0.0,18.95,1,100,44.8,1.3,10.5,97.4,10.5,50.0,1
95,76,2,0,1.5,0,0,20.43,1,0.0,43.78,1,100,61.2,7.7,12.7,84.6,12.7,100.0,0
75,127,2,0,0.18,1,0,37.1,0,0.0,22.22,1,100,45.66,6.2,7.8,87.6,7.8,42.51,0
75,9,2,1,0.61,0,1,55.69,0,0.0,29.18,1,100,37.65,3.3,13.9,93.4,13.9,100.0,0
100,11,2,0,1.38,1,1,52.75,1,0.0,15.57,1,0,32.31,3.4,7.3,93.2,7.3,67.97,0
90,34,1,0,0.95,0,1,43.07,1,0.0,24.96,1,100,50.0,6.4,24.7,87.2,24.7,37.71,0
90,87,2,0,0.56,0,1,38.23,1,0.0,19.83,1,0,35.8,4.1,24.0,91.8,24.0,100.0,0
95,96,2,0,0.46,1,0,14.07,1,0.0,60.21,1,100,37.57,8.2,14.9,83.6,14.9,100.0,0
90,24,1,0,0.8,0,1,44.37,1,0.0,18.93,1,100,53.89,3.7,20.2,92.6,20.2,100.0,0
90,96,1,0,0.54,0,1,39.01,1,0.0,14.86,1,0,33.98,2.0,33.6,96.0,33.6,50.0,1
100,28,2,1,0.68,1,0,46.17,1,0.0,17.07,1,100,29.18,3.5,13.1,93.0,13.1,50.0,1
90,59,1,0,0.31,0,0,32.78,1,0.0,21.55,1,0,34.98,9.2,8.2,81.6,8.2,53.01,0
85,22,1,1,0.35,0,0,54.01,0,0.0,29.45,1,100,50.0,7.0,26.4,86.0,26.4,51.02,1
100,9,2,0,0.84,1,1,52.7,1,0.0,18.54,1,100,53.2,2.3,5.9,95.4,5.9,100.0,1
90,23,1,0,0.85,0,1,45.33,1,0.0,17.1,1,0,50.0,0.1,15.8,99.8,15.8,50.0,0
90,135,1,0,0.58,0,0,34.07,1,0.0,37.4,1,100,59.04,6.9,24.8,86.2,24.8,100.0,0
70,12,2,0,0.54,0,0,47.96,1,0.0,17.19,1,100,43.63,7.9,7.7,84.2,7.7,60.38,0
75,10,2,1,0.33,1,1,46.49,1,0.0,24.09,1,0,20.77,7.3,7.5,85.4,7.5,64.56,1
90,40,2,1,1.16,0,0,57.11,1,0.0,27.56,1,100,50.0,2.5,22.5,95.0,22.5,50.0,0
90,28,2,1,0.52,0,0,59.65,1,0.0,18.16,1,100,50.0,1.0,11.8,98.0,11.8,100.0,0
100,10,1,0,0.83,1,1,54.38,0,0.0,9.75,1,100,38.74,0.3,11.1,99.4,11.1,100.0,0
75,83,2,1,0.93,0,1,60.34,0,0.0,21.99,1,100,55.06,2.8,36.5,94.4,36.5,100.0,1
90,45,1,0,0.72,0,1,38.57,1,0.0,30.29,1,100,40.38,8.4,13.6,83.2,13.6,71.23,1
95,19,1,0,0.58,0,1,55.49,1,0.0,47.54,1,100,40.73,0.4,9.7,99.2,9.7,100.0,1
70,141,1,0,0.41,0,0,35.82,1,0.0,20.84,1,100,52.51,3.5,14.6,93.0,14.6,100.0,1
95,12,0,1,0.26,1,0,37.2,1,0.0,32.53,1,100,35.13,2.6,6.6,94.8,6.6,50.0,0
90,104,2,1,0.52,0,1,66.85,1,0.0,26.12,1,100,38.38,4.8,14.6,90.4,14.6,100.0,0
70,261,1,0,0.5,0,0,30.0,1,0.0,34.72,1,0,23.48,9.1,35.6,81.8,35.6,36.67,0
80,4,2,1,0.46,1,1,46.93,1,0.0,12.97,1,100,50.0,0.1,4.2,99.8,4.2,50.0,0
95,19,0,0,0.58,1,1,80.23,1,0.0,23.38,1,100,42.93,0.5,20.1,99.0,20.1,49.67,1
100,12,1,0,1.04,1,1,48.32,1,0.0,17.69,1,0,24.91,2.9,8.2,94.2,8.2,100.0,1
90,14,2,0,0.73,0,1,46.07,1,0.0,20.91,1,100,41.35,0.4,5.2,99.2,5.2,45.2,0
80,8,1,0,0.22,1,0,47.73,1,0.0,16.68,1,100,51.65,9.8,10.5,80.4,10.5,100.0,0
100,13,2,0,0.63,1,0,49.28,1,0.0,13.44,1,100,48.43,0.3,16.8,99.4,16.8,50.0,0
75,9,2,0,0.84,0,0,59.23,0,0.0,25.4,1,100,52.15,1.8,7.8,96.4,7.8,100.0,0
80,12,1,1,0.71,1,1,60.87,0,0.0,32.42,1,0,23.26,3.1,11.7,93.8,11.7,100.0,0
95,19,1,0,1.06,0,1,68.76,1,0.0,47.76,1,100,55.85,5.8,30.2,88.4,30.2,50.0,0
75,136,2,1,1.6,0,1,70.77,1,0.0,43.26,1,100,46.22,7.5,28.3,85.0,28.3,31.86,1
65,137,2,0,0.76,0,0,28.79,1,0.0,40.2,1,100,50.0,2.8,11.4,94.4,11.4,100.0,0
90,35,2,1,1.28,0,1,61.56,1,0.0,33.47,1,0,33.13,1.1,25.1,97.8,25.1,50.0,1
80,32,2,1,0.87,1,1,55.79,1,0.0,16.79,1,100,48.97,3.7,19.5,92.6,19.5,40.74,1
95,25,0,0,0.68,1,1,46.96,1,0.0,15.64,1,100,40.74,1.0,20.8,98.0,20.8,100.0,0
80,44,2,1,0.69,1,1,62.29,1,0.0,13.46,1,0,41.87,4.5,35.0,91.0,35.0,100.0,0
90,24,2,0,0.73,0,0,44.85,1,0.0,14.98,1,100,48.21,5.2,35.7,89.6,35.7,46.49,0
100,15,1,1,0.53,1,0,52.12,1,0.0,23.21,1,0,50.0,8.4,18.4,83.2,18.4,46.58,0
75,19,0,1,0.5,1,1,53.64,1,0.0,24.72,1,100,50.0,0.1,9.4,99.8,9.4,50.0,0
100,21,2,0,0.42,1,1,45.99,1,0.0,19.14,1,100,45.72,4.2,13.4,91.6,13.4,100.0,0
95,55,2,0,0.86,0,1,60.99,1,0.0,13.15,1,100,35.51,6.5,24.1,87.0,24.1,50.0,1
75,19,2,1,0.99,0,1,53.48,0,0.0,39.25,1,0,26.9,0.2,15.8,99.6,15.8,100.0,0
95,14,0,1,0.49,1,1,51.65,1,0.0,22.06,1,100,42.13,2.4,3.1,95.2,3.1,100.0,0
80,4,2,1,1.18,1,1,52.49,1,0.0,23.37,1,100,50.0,0.2,1.7,99.6,1.7,100.0,1
95,11,0,1,1.05,1,0,48.13,0,0.0,17.26,1,100,45.14,0.3,8.6,99.4,8.6,50.0,1
95,13,1,1,0.49,0,0,46.89,0,0.0,27.94,1,100,49.32,5.3,14.4,89.4,14.4,61.03,1
90,27,1,1,0.67,0,1,55.31,0,0.0,20.36,1,100,50.0,4.9,21.1,90.2,21.1,50.1,0
95,48,1,1,2.55,1,0,55.99,0,0.0,23.02,1,100,37.22,2.4,17.0,95.2,17.0,50.0,0
90,13,1,0,0.71,0,1,57.23,0,0.0,37.43,1,100,50.0,3.7,11.5,92.6,11.5,36.67,0
95,18,0,0,0.53,1,1,52.69,1,0.0,20.8,1,100,34.52,1.1,5.4,97.8,5.4,50.0,0
95,7,2,0,0.5,0,1,47.4,1,0.0,12.62,1,100,43.36,2.7,7.1,94.6,7.1,100.0,1
90,30,1,1,0.95,0,0,57.25,0,0.0,18.52,1,0,32.64,1.8,19.9,96.4,19.9,100.0,0
100,21,1,1,1.08,1,0,52.55,0,0.0,19.45,1,100,34.82,2.4,12.4,95.2,12.4,39.74,0
100,34,2,1,0.43,1,0,51.82,0,0.0,18.23,1,100,39.66,2.7,11.3,94.6,11.3,52.84,1
100,22,1,1,1.18,1,0,52.24,0,0.0,32.5,1,100,37.35,0.2,12.7,99.6,12.7,54.87,0
70,65,2,1,0.98,0,1,61.81,0,0.0,32.4,1,100,33.08,1.1,14.4,97.8,14.4,100.0,1
90,19,2,1,0.75,0,0,50.76,0,0.0,11.62,1,0,25.56,0.3,12.8,99.4,12.8,100.0,0
95,29,2,0,1.45,0,1,40.37,1,0.0,18.44,1,100,50.24,9.2,9.0,81.6,9.0,25.49,0
100,36,2,0,0.64,1,1,53.5,1,0.0,20.12,1,100,32.0,2.8,12.4,94.4,12.4,100.0,0
90,102,1,1,0.39,0,0,61.58,0,0.0,21.0,1,100,55.73,0.5,20.6,99.0,20.6,40.19,1
95,9,0,1,0.55,1,0,44.73,0,0.0,21.47,1,0,36.1,0.6,6.1,98.8,6.1,100.0,0
100,13,2,0,0.44,1,1,57.36,0,0.0,31.58,1,0,31.06,3.3,9.4,93.4,9.4,36.67,0
90,17,0,1,0.71,0,0,43.0,1,0.0,34.84,1,100,43.59,1.1,6.0,97.8,6.0,39.12,0
80,17,1,0,0.21,1,0,46.22,1,0.0,19.33,1,0,22.42,0.2,12.4,99.6,12.4,52.5,0
100,24,1,1,0.47,1,0,45.57,1,0.0,26.67,1,100,47.22,2.4,13.9,95.2,13.9,67.92,0
70,17,2,1,0.69,0,1,57.63,0,0.0,20.19,1,0,37.73,3.2,8.9,93.6,8.9,100.0,0
100,31,1,1,0.49,1,0,37.02,0,0.0,22.47,1,100,39.34,2.1,13.2,95.8,13.2,50.0,0
70,115,2,0,0.23,0,0,36.78,1,0.0,19.96,1,100,41.4,4.5,17.8,91.0,17.8,100.0,0
90,9,2,1,0.83,0,0,47.94,0,0.0,13.3,1,0,50.0,3.8,8.1,92.4,8.1,100.0,0
90,16,0,0,0.79,0,1,55.84,1,0.0,15.97,1,100,46.27,1.4,5.3,97.2,5.3,100.0,0
95,37,2,0,0.59,0,1,42.75,1,0.0,17.36,1,0,23.74,3.9,7.9,92.2,7.9,100.0,0
85,44,1,0,0.57,0,1,32.41,1,0.0,24.94,1,100,50.0,2.4,4.8,95.2,4.8,100.0,0
90,12,2,1,0.63,0,1,55.2,0,0.0,25.28,1,0,50.0,0.6,14.4,98.8,14.4,39.74,1
100,9,2,0,0.84,1,1,53.22,0,0.0,16.07,1,0,23.4,0.4,9.1,99.2,9.1,50.0,1
95,11,1,0,1.29,0,1,67.61,1,0.0,31.32,1,100,39.03,5.7,12.8,88.6,12.8,26.67,1
95,7,2,0,0.94,1,1,64.86,1,0.0,28.6,1,100,52.57,0.2,6.6,99.6,6.6,100.0,0
85,11,2,1,0.58,0,0,47.41,1,0.0,36.36,1,100,50.0,1.5,8.7,97.0,8.7,100.0,0
75,8,2,1,1.1,0,0,46.16,1,0.0,13.08,1,0,22.63,1.7,8.8,96.6,8.8,46.34,1
75,70,2,0,0.42,1,0,22.79,1,0.0,31.3,1,100,52.53,1.7,3.4,96.6,3.4,50.0,1
90,49,2,1,0.89,0,1,64.28,1,0.0,23.57,1,100,46.52,0.4,31.2,99.2,31.2,50.0,0
75,11,2,1,0.28,1,1,53.33,1,0.0,9.92,1,0,50.0,1.0,9.0,98.0,9.0,100.0,0
75,22,0,0,0.25,1,0,49.0,1,0.0,14.81,1,100,43.97,3.6,8.3,92.8,8.3,27.38,1
70,38,2,0,0.72,0,0,42.93,1,0.0,20.9,1,100,50.0,9.1,12.1,81.8,12.1,100.0,0
85,12,2,0,0.71,0,0,48.43,1,0.0,14.86,1,100,50.0,5.0,7.6,90.0,7.6,100.0,0
90,18,0,1,0.81,0,0,55.21,0,0.0,20.45,1,0,36.03,5.9,11.0,88.2,11.0,28.27,1
85,9,2,1,0.98,0,0,41.93,0,0.0,15.64,1,100,50.0,0.1,7.4,99.8,7.4,51.51,0
95,17,2,0,0.94,1,1,53.03,1,0.0,20.4,1,0,27.51,0.8,14.5,98.4,14.5,50.56,0
100,10,2,1,0.55,1,0,50.16,0,0.0,9.17,1,100,37.47,0.8,14.7,98.4,14.7,81.87,0
85,6,2,0,0.69,0,1,46.79,0,0.0,15.38,1,100,50.0,1.4,8.1,97.2,8.1,100.0,0
95,42,2,0,0.76,0,1,54.05,0,0.0,17.06,1,100,49.66,2.1,10.9,95.8,10.9,50.0,0
70,152,2,0,0.74,0,0,34.92,0,0.0,28.27,1,100,52.33,1.8,17.2,96.4,17.2,56.28,1
95,13,1,0,0.19,1,1,48.01,0,0.0,25.76,1,100,46.24,10.0,10.8,80.0,10.8,100.0,0
100,13,2,1,0.43,1,0,45.42,0,0.0,38.65,1,100,60.94,5.2,21.2,89.6,21.2,36.67,0
90,147,2,1,0.7,0,1,69.74,0,0.0,26.93,1,100,50.22,6.4,24.1,87.2,24.1,100.0,0
100,7,2,1,0.46,1,0,33.68,0,0.0,42.64,1,100,52.14,0.3,8.4,99.4,8.4,100.0,0
95,20,2,1,1.0,1,0,59.78,0,0.0,18.95,1,100,40.46,0.9,13.8,98.2,13.8,100.0,0
100,32,2,1,1.22,1,0,54.26,0,0.0,22.65,1,100,38.45,6.6,9.6,86.8,9.6,36.67,1
85,53,2,0,0.55,0,1,36.05,1,0.0,25.73,1,100,50.0,2.3,13.4,95.4,13.4,100.0,1
80,12,1,1,0.39,1,1,44.49,1,0.0,21.28,1,0,28.8,1.2,13.0,97.6,13.0,26.67,0
90,7,0,1,0.69,0,0,30.91,1,0.0,40.34,1,100,33.52,1.2,8.7,97.6,8.7,100.0,0
90,9,1,1,0.6,0,0,38.5,1,0.0,34.22,1,100,50.0,3.5,10.2,93.0,10.2,100.0,0
90,7,2,0,0.45,0,1,62.23,1,0.0,33.06,1,100,35.46,0.7,3.9,98.6,3.9,55.42,1
70,50,1,0,0.81,0,0,39.62,1,0.0,31.14,1,0,35.88,2.9,6.8,94.2,6.8,50.0,0
75,7,2,0,1.42,0,0,40.9,1,0.0,30.83,1,0,25.72,1.9,4.6,96.2,4.6,36.67,0
90,193,1,0,0.44,0,0,28.25,1,0.0,24.87,1,100,51.79,2.3,11.1,95.4,11.1,100.0,0
95,32,1,0,0.41,1,1,50.48,1,0.0,22.99,1,100,50.53,1.0,7.4,98.0,7.4,50.0,0
95,12,1,0,0.56,1,1,44.63,1,0.0,17.09,1,0,32.69,3.3,7.7,93.4,7.7,62.2,0
100,203,1,0,0.73,1,0,28.66,1,0.0,52.08,1,100,58.73,0.3,14.4,99.4,14.4,27.71,0
95,12,1,1,0.67,0,0,49.52,1,0.0,30.5,1,100,39.63,2.8,6.0,94.4,6.0,26.67,1
85,172,2,1,0.65,0,1,67.35,0,0.0,39.64,1,0,50.0,2.7,5.9,94.6,5.9,50.95,0
85,8,0,0,0.74,0,1,60.05,0,0.0,26.87,1,100,50.0,1.8,6.0,96.4,6.0,100.0,0
80,5,2,1,0.5,1,1,58.03,1,0.0,26.21,1,0,31.57,0.4,2.9,99.2,2.9,50.0,1
100,45,2,1,1.13,1,0,67.45,1,0.0,35.09,1,100,45.28,4.0,10.0,92.0,10.0,100.0,0
90,24,2,0,0.83,0,1,47.59,1,0.0,24.55,1,100,50.0,2.1,14.7,95.8,14.7,100.0,0
75,8,1,0,0.56,0,0,38.24,1,0.0,27.88,1,100,46.74,9.1,9.9,81.8,9.9,36.67,0
90,79,1,0,0.32,0,1,46.53,1,0.0,18.19,1,0,18.71,2.3,9.0,95.4,9.0,100.0,1
75,21,2,0,0.72,0,0,44.46,1,0.0,19.4,1,100,42.58,2.4,4.0,95.2,4.0,53.17,0
95,53,1,0,0.2,1,1,46.47,1,0.0,19.79,1,0,22.96,0.4,4.7,99.2,4.7,100.0,0
65,9,2,0,0.47,0,0,46.12,1,0.0,18.08,1,0,50.0,0.6,5.8,98.8,5.8,50.0,0
95,26,1,0,0.61,0,1,47.17,1,0.0,23.21,1,0,37.76,2.9,5.0,94.2,5.0,100.0,1
95,24,2,0,1.32,0,1,48.49,1,0.0,30.46,1,100,39.09,0.4,12.1,99.2,12.1,47.06,0
90,25,2,1,0.7,0,0,50.15,1,0.0,18.49,1,100,61.07,1.5,12.5,97.0,12.5,51.67,0
75,73,2,0,0.67,0,0,39.17,0,0.0,26.73,1,100,46.21,0.4,12.4,99.2,12.4,50.0,0
90,13,0,1,0.78,0,0,45.95,0,0.0,30.22,1,100,51.83,4.5,12.6,91.0,12.6,36.67,0
75,11,1,1,0.87,0,0,47.43,0,0.0,17.15,1,100,37.81,0.4,3.8,99.2,3.8,100.0,0
75,8,1,1,0.72,0,1,43.18,0,0.0,46.52,1,100,27.38,5.4,6.9,89.2,6.9,100.0,1
75,76,2,1,0.43,1,0,47.75,0,0.0,18.71,1,100,32.82,4.7,10.6,90.6,10.6,50.0,0
75,128,2,0,0.57,1,1,47.47,0,0.0,26.56,1,0,26.37,3.8,6.2,92.4,6.2,50.0,0
90,25,1,0,0.71,0,1,48.5,1,0.0,21.67,1,100,37.13,1.4,8.4,97.2,8.4,100.0,0
95,11,2,0,0.41,1,1,62.41,1,0.0,32.19,1,100,41.09,3.9,4.6,92.2,4.6,38.14,0
95,13,1,0,0.64,0,1,60.74,1,0.0,18.46,1,100,42.6,5.4,6.8,89.2,6.8,50.0,1
95,48,1,0,0.4,1,0,33.83,1,0.0,42.44,1,100,46.68,3.6,6.5,92.8,6.5,63.5,0
80,9,2,0,0.54,1,0,49.77,0,0.0,15.89,1,100,35.37,1.1,5.3,97.8,5.3,100.0,1
65,17,2,1,0.52,0,1,57.0,1,0.0,22.45,1,0,50.0,0.2,6.1,99.6,6.1,100.0,0
90,10,1,0,0.82,0,1,58.97,1,0.0,46.01,1,0,23.86,2.7,10.6,94.6,10.6,100.0,0
85,74,0,0,0.73,0,1,42.13,1,0.0,13.03,1,100,50.0,1.0,6.3,98.0,6.3,100.0,0
80,41,2,0,0.09,1,1,54.9,1,0.0,22.92,1,100,50.0,3.2,14.5,93.6,14.5,50.0,1
90,11,2,0,0.55,0,1,56.23,1,0.0,11.31,1,100,54.7,0.5,14.5,99.0,14.5,26.84,0
90,41,2,0,0.48,0,1,56.69,1,0.0,12.52,1,0,50.0,3.4,23.5,93.2,23.5,50.0,0
95,28,1,0,0.73,0,1,40.83,1,0.0,18.7,1,0,21.53,6.3,6.3,87.4,6.3,36.67,0
85,12,2,0,0.76,0,1,54.78,1,0.0,13.74,1,0,50.0,1.9,5.9,96.2,5.9,100.0,0
85,11,1,1,1.24,0,0,41.46,0,0.0,43.39,1,100,50.0,2.3,24.7,95.4,24.7,100.0,0
80,11,2,0,0.79,1,0,39.15,0,0.0,41.01,1,100,50.0,3.4,2.2,93.2,2.2,100.0,1
80,8,1,1,0.31,1,1,48.8,0,0.0,11.8,1,100,50.0,0.4,6.2,99.2,6.2,100.0,0
95,9,2,0,0.9,0,1,68.35,1,0.0,28.38,1,100,50.36,8.9,8.8,82.2,8.8,50.0,1
90,11,2,0,0.47,0,1,58.86,1,0.0,18.39,1,100,43.23,7.1,11.9,85.8,11.9,36.62,1
95,13,2,0,0.86,0,1,55.58,1,0.0,26.74,1,100,41.6,3.7,6.7,92.6,6.7,42.4,0
95,7,1,1,1.22,0,0,42.66,1,0.0,29.5,1,100,49.21,2.7,11.1,94.6,11.1,50.08,0
85,78,0,0,0.62,0,1,46.42,1,0.0,26.89,1,0,50.0,3.4,25.4,93.2,25.4,100.0,0
75,8,2,1,0.68,1,1,48.53,1,0.0,16.81,1,100,40.79,0.3,8.3,99.4,8.3,100.0,0
100,17,2,0,0.78,1,1,49.64,1,0.0,15.17,1,100,49.5,7.4,8.7,85.2,8.7,26.67,0
95,52,2,1,0.41,1,1,63.01,1,0.0,15.76,1,0,33.29,5.7,20.4,88.6,20.4,44.81,1
90,29,2,1,0.39,0,0,56.16,1,0.0,18.71,1,100,44.62,0.9,33.9,98.2,33.9,100.0,0
95,40,2,1,0.42,0,0,61.64,1,0.0,19.0,1,100,45.47,8.6,16.4,82.8,16.4,54.47,1
90,9,2,0,1.09,0,1,54.9,1,0.0,24.32,1,100,40.72,3.5,12.5,93.0,12.5,50.0,0
90,13,1,1,1.29,0,0,40.71,0,0.0,54.45,1,100,50.0,6.3,13.4,87.4,13.4,36.67,1
95,30,2,0,0.52,1,1,38.37,1,0.0,20.41,1,0,36.06,5.4,19.7,89.2,19.7,100.0,0
95,14,0,0,0.78,1,1,56.34,1,0.0,27.19,1,100,50.41,0.5,12.2,99.0,12.2,50.0,1
95,26,2,0,0.69,0,1,54.93,1,0.0,16.47,1,100,51.87,1.4,15.5,97.2,15.5,50.0,0
90,110,2,1,0.45,0,1,62.49,0,0.0,24.78,1,0,37.81,1.2,9.4,97.6,9.4,100.0,1
100,16,1,0,0.35,1,1,47.67,1,0.0,14.75,1,100,37.45,5.1,5.3,89.8,5.3,25.0,0
90,138,2,0,0.24,0,0,36.57,1,0.0,19.52,1,100,41.51,0.1,6.2,99.8,6.2,100.0,0
95,26,0,0,1.02,1,1,49.29,1,0.0,11.71,1,100,51.56,1.8,8.1,96.4,8.1,70.17,1
85,19,2,0,1.09,0,0,43.74,1,0.0,20.49,1,100,50.0,6.1,14.7,87.8,14.7,36.67,0
100,7,2,0,0.44,1,1,60.26,1,0.0,19.31,1,100,47.26,1.2,5.8,97.6,5.8,50.0,1
80,11,1,1,0.54,1,1,49.66,1,0.0,34.9,1,0,39.34,2.5,4.1,95.0,4.1,50.0,0
100,7,1,0,0.68,1,1,58.19,1,0.0,27.85,1,100,38.13,0.2,5.7,99.6,5.7,100.0,0
95,9,2,0,1.08,0,1,54.24,1,0.0,9.81,1,100,41.68,0.1,5.4,99.8,5.4,50.0,1
90,8,0,0,1.38,0,1,65.22,1,0.0,34.64,1,100,38.33,4.3,8.3,91.4,8.3,100.0,0
90,10,1,1,1.3,0,0,43.94,1,0.0,35.53,1,100,50.0,3.9,10.6,92.2,10.6,100.0,0
90,17,0,0,0.79,0,1,49.69,1,0.0,16.02,1,100,42.38,0.1,6.6,99.8,6.6,100.0,0
80,13,1,1,1.12,1,1,60.04,1,0.0,36.08,1,0,33.34,1.4,2.5,97.2,2.5,52.61,0
100,12,2,0,0.41,1,1,45.4,1,0.0,15.95,1,100,49.37,8.1,7.8,83.8,7.8,37.95,0
90,13,1,1,0.71,0,0,43.31,1,0.0,28.55,1,100,36.35,1.2,7.8,97.6,7.8,100.0,0
75,50,2,1,0.39,0,1,65.31,0,0.0,17.3,1,100,54.14,7.8,12.6,84.4,12.6,39.44,0
70,14,2,0,0.88,0,0,40.82,0,0.0,28.07,1,0,37.33,8.8,12.1,82.4,12.1,63.92,0
95,42,2,1,1.24,0,0,61.02,0,0.0,18.57,1,100,35.53,6.0,52.9,88.0,52.9,100.0,0
85,10,0,1,0.44,0,0,49.44,0,0.0,13.84,1,100,50.0,8.8,18.3,82.4,18.3,100.0,0
95,36,2,0,0.64,0,1,35.59,0,0.0,31.56,1,100,36.54,3.3,22.9,93.4,22.9,50.0,0
90,8,2,0,0.54,0,1,45.34,0,0.0,13.24,1,100,36.42,1.2,10.0,97.6,10.0,39.54,0
90,54,1,1,1.01,0,0,61.61,0,0.0,19.19,1,100,47.9,0.4,56.1,99.2,56.1,50.0,0
100,17,2,0,0.54,1,1,47.14,0,0.0,16.97,1,100,50.0,5.9,19.8,88.2,19.8,50.0,0
90,27,1,0,0.74,0,1,43.61,0,0.0,35.57,1,100,45.25,3.5,8.2,93.0,8.2,100.0,1
90,109,2,0,0.47,0,0,41.37,0,0.0,38.98,1,100,52.37,7.6,14.6,84.8,14.6,50.0,0
90,11,2,0,0.78,0,1,56.47,1,0.0,11.92,1,100,46.79,3.3,9.7,93.4,9.7,44.15,1
70,62,0,0,0.73,0,0,33.03,1,0.0,31.3,1,100,54.36,2.6,20.6,94.8,20.6,59.56,1
75,39,0,1,0.52,1,1,61.7,1,0.0,24.19,1,0,33.53,2.0,7.3,96.0,7.3,100.0,0
85,63,1,1,0.77,0,0,65.46,0,0.0,23.63,1,100,50.0,1.1,19.1,97.8,19.1,100.0,0
95,17,0,0,0.67,1,1,54.21,1,0.0,19.4,1,100,42.61,6.0,16.1,88.0,16.1,26.67,1
90,89,2,0,0.65,0,0,29.83,1,0.0,42.27,1,0,27.71,1.3,12.9,97.4,12.9,49.22,0
80,24,1,0,0.82,1,0,38.19,1,0.0,16.6,1,100,50.0,4.2,11.6,91.6,11.6,43.21,0
95,22,2,1,0.79,0,0,52.5,0,0.0,17.68,1,100,43.01,7.8,14.3,84.4,14.3,60.63,0
95,61,2,1,0.5,0,0,60.99,0,0.0,19.66,1,100,51.41,1.8,42.6,96.4,42.6,100.0,0
95,23,2,0,0.81,1,1,43.82,1,0.0,29.69,1,100,37.21,3.0,14.7,94.0,14.7,100.0,0
100,65,2,0,0.68,1,1,32.55,1,0.0,25.76,1,100,65.0,4.6,66.6,90.8,66.6,42.7,0
85,24,1,0,0.62,0,1,43.27,1,0.0,23.32,1,100,50.0,0.3,9.6,99.4,9.6,50.0,0
90,12,2,1,0.62,0,0,47.22,1,0.0,16.65,1,100,45.39,2.8,23.3,94.4,23.3,26.67,1
95,26,1,1,0.66,0,0,59.65,1,0.0,26.78,1,100,52.89,9.4,17.3,81.2,17.3,100.0,0
90,7,0,0,0.49,0,1,56.18,1,0.0,24.74,1,100,28.53,0.5,2.3,99.0,2.3,100.0,0
100,23,2,0,0.86,1,1,41.55,1,0.0,23.12,1,100,42.51,0.5,26.7,99.0,26.7,100.0,0
95,10,2,0,0.88,0,1,64.17,1,0.0,29.28,1,100,40.25,0.5,7.3,99.0,7.3,29.73,0
90,20,1,0,0.7,0,0,43.54,1,0.0,24.92,1,0,34.59,9.9,27.2,80.2,27.2,100.0,1
75,145,0,0,0.81,0,0,26.29,1,0.0,28.82,1,100,57.36,1.2,2.6,97.6,2.6,45.95,0
95,84,0,1,1.78,1,1,61.49,0,0.0,31.67,1,100,47.0,6.3,10.6,87.4,10.6,46.42,0
75,35,2,1,0.35,1,1,58.56,1,0.0,17.43,1,0,50.0,1.9,1.7,96.2,1.7,41.43,0
85,15,2,1,0.92,0,0,47.98,1,0.0,35.71,1,100,50.0,7.5,24.2,85.0,24.2,40.68,0
95,17,0,0,0.55,1,1,47.13,1,0.0,18.23,1,100,43.98,9.7,4.7,80.6,4.7,26.67,0
75,8,2,0,0.85,1,0,58.54,0,0.0,19.64,1,100,44.04,1.3,7.4,97.4,7.4,69.48,0
85,101,1,0,0.37,0,0,36.23,1,0.0,23.18,1,100,50.0,9.3,15.3,81.4,15.3,41.45,0
90,42,1,1,0.49,0,0,59.42,0,0.0,16.14,1,0,30.79,1.4,46.1,97.2,46.1,50.0,1
85,10,2,0,0.78,0,1,51.58,1,0.0,19.64,1,0,50.0,5.2,14.7,89.6,14.7,36.67,0
75,16,2,0,0.96,0,0,44.99,0,0.0,22.06,1,100,47.92,3.5,16.0,93.0,16.0,50.0,0
90,62,2,0,0.87,0,1,33.56,1,0.0,25.67,1,0,27.74,7.4,15.2,85.2,15.2,100.0,0
95,12,2,0,0.72,0,1,43.76,1,0.0,19.68,1,100,43.18,7.5,21.7,85.0,21.7,100.0,1
100,17,2,0,0.97,1,1,54.72,1,0.0,23.07,1,100,47.0,0.7,5.7,98.6,5.7,31.07,1
95,28,1,0,0.47,1,1,40.38,1,0.0,33.51,1,0,31.47,0.1,9.6,99.8,9.6,31.82,0
90,12,2,0,0.72,0,1,53.83,1,0.0,30.24,1,100,50.0,6.7,19.8,86.6,19.8,100.0,0
65,40,2,1,0.45,0,1,52.65,0,0.0,14.89,1,100,50.0,0.7,14.0,98.6,14.0,50.0,0
85,14,2,0,0.82,0,1,47.86,1,0.0,12.08,1,100,50.0,2.0,7.6,96.0,7.6,100.0,0
90,259,2,0,0.6,0,0,32.87,1,0.0,26.69,1,0,18.9,0.4,14.3,99.2,14.3,100.0,0
90,6,0,0,0.71,0,1,61.68,1,0.0,21.61,1,100,36.1,0.4,4.3,99.2,4.3,50.0,0
95,8,2,1,0.69,1,0,31.64,0,0.0,47.82,1,0,35.57,3.7,17.9,92.6,17.9,50.0,0
90,59,2,1,1.07,0,0,63.19,0,0.0,23.44,1,100,46.86,9.5,42.7,81.0,42.7,26.67,0
75,16,2,0,0.5,1,0,53.12,0,0.0,14.54,1,0,50.0,4.3,11.1,91.4,11.1,33.33,0
70,9,2,0,0.78,0,0,59.88,0,0.0,30.81,1,100,50.0,6.7,17.0,86.6,17.0,100.0,1
80,10,1,1,0.74,1,1,48.96,0,0.88,19.73,1,0,24.52,7.8,12.5,84.4,12.5,51.01,0
90,9,2,0,0.96,0,1,58.47,0,0.87,31.18,1,0,50.0,1.3,30.9,97.4,30.9,100.0,0
70,9,2,0,0.45,0,0,41.1,0,0.76,24.55,1,0,26.79,0.4,5.6,99.2,5.6,100.0,1
80,43,2,0,0.85,1,0,37.69,0,1.22,26.67,1,0,33.69,0.9,18.7,98.2,18.7,50.0,0
95,15,1,1,0.81,0,0,50.85,0,0.91,14.02,1,100,30.92,0.9,20.4,98.2,20.4,100.0,0
80,8,2,0,0.55,1,0,50.4,0,1.27,28.28,1,100,58.54,6.4,6.7,87.2,6.7,100.0,0
90,132,2,1,1.16,0,1,60.69,1,2.71,20.94,1,100,50.0,1.4,22.7,97.2,22.7,50.0,0
95,52,2,1,0.82,0,1,73.88,0,1.02,32.98,1,0,19.29,1.0,13.2,98.0,13.2,50.0,0
90,15,2,1,1.39,0,0,42.98,1,0.81,29.44,1,100,41.25,4.0,13.8,92.0,13.8,100.0,1
95,7,2,0,0.85,0,1,67.48,0,1.37,39.18,1,100,56.66,3.9,11.3,92.2,11.3,50.0,1
95,12,2,0,0.65,1,1,54.98,1,0.96,22.96,1,100,50.0,5.0,10.2,90.0,10.2,100.0,0
90,9,1,0,1.04,0,1,53.06,1,1.13,20.28,1,0,50.0,4.6,17.4,90.8,17.4,100.0,0
95,183,1,0,0.92,0,0,39.92,1,1.57,22.1,1,0,24.44,4.2,12.0,91.6,12.0,100.0,1
70,15,2,0,0.78,0,0,48.27,0,1.52,13.64,1,100,41.93,3.6,10.4,92.8,10.4,100.0,0
95,43,2,1,0.97,0,1,61.47,0,0.69,31.5,1,100,62.98,2.3,12.6,95.4,12.6,50.27,1
75,89,2,0,0.79,0,0,27.65,0,1.12,33.09,1,100,49.92,6.1,3.8,87.8,3.8,28.53,0
80,10,2,1,0.43,1,1,39.4,0,1.54,16.24,1,100,63.88,3.5,23.1,93.0,23.1,100.0,1
100,13,1,0,0.73,1,1,58.24,0,1.55,12.26,1,100,45.78,1.4,11.3,97.2,11.3,55.26,1
95,11,2,1,1.16,1,0,41.77,0,1.05,9.69,1,0,26.19,0.3,15.2,99.4,15.2,50.0,0
70,17,1,0,0.71,0,0,47.69,1,1.44,22.02,1,100,46.88,3.6,24.4,92.8,24.4,50.0,0
90,127,2,0,0.33,0,1,43.77,1,1.37,15.54,1,0,18.44,1.5,6.1,97.0,6.1,50.0,0
100,22,1,0,0.38,1,1,47.88,1,1.02,31.17,1,100,43.98,3.8,13.6,92.4,13.6,65.43,1
65,15,2,1,0.63,0,1,51.28,1,1.19,26.06,1,0,50.0,3.2,14.8,93.6,14.8,100.0,0
90,161,2,0,0.4,0,0,42.24,1,1.41,21.04,1,100,62.51,2.6,8.6,94.8,8.6,50.0,0
100,35,2,1,0.6,1,1,55.15,1,0.7,14.07,1,100,54.65,7.3,41.7,85.4,41.7,100.0,0
75,33,2,0,0.68,0,0,40.7,1,1.45,17.84,1,0,29.13,3.2,25.5,93.6,25.5,50.0,1
70,12,2,1,0.52,0,1,54.08,1,0.82,21.72,1,100,50.0,4.3,11.6,91.4,11.6,100.0,0
100,209,1,0,0.39,1,0,40.87,1,1.69,12.85,1,100,36.64,0.8,26.1,98.4,26.1,50.0,0
90,18,1,1,0.59,0,0,51.5,0,1.09,15.53,1,0,39.66,2.9,58.6,94.2,58.6,50.0,0
80,29,2,0,1.54,1,0,59.35,0,1.25,16.71,1,0,26.5,7.0,60.1,86.0,60.1,100.0,1
75,56,1,0,0.61,1,0,39.91,0,0.93,20.85,1,0,25.91,9.6,17.9,80.8,17.9,49.82,1
90,69,2,0,0.63,0,1,36.1,1,1.01,17.6,1,100,50.0,0.3,18.8,99.4,18.8,50.0,0
100,81,2,0,0.4,1,1,33.15,0,1.05,25.45,1,0,50.0,5.6,27.3,88.8,27.3,100.0,0
65,28,2,1,0.63,0,1,57.74,1,1.07,15.77,1,0,50.0,6.8,22.9,86.4,22.9,25.46,0
80,12,2,1,0.47,1,1,53.46,1,0.87,11.8,1,100,48.72,9.4,9.7,81.2,9.7,26.67,0
95,27,2,1,0.67,0,0,54.22,0,0.87,16.38,1,100,40.65,0.7,17.8,98.6,17.8,100.0,0
95,26,2,1,0.94,0,1,53.88,1,0.94,27.84,1,100,42.07,5.2,14.9,89.6,14.9,38.92,1
75,42,0,0,0.73,1,0,39.2,1,1.58,19.2,1,100,50.0,0.1,3.2,99.8,3.2,100.0,1
90,26,1,0,1.08,0,1,43.59,1,0.87,14.5,1,0,50.0,2.0,14.5,96.0,14.5,100.0,0
85,13,1,0,0.86,0,1,66.02,1,0.74,59.68,1,100,50.0,3.3,9.8,93.4,9.8,50.0,1
95,30,2,0,0.96,0,1,44.33,1,1.81,21.74,1,0,28.33,3.8,15.7,92.4,15.7,50.0,1
95,16,2,1,0.61,1,0,44.62,1,1.61,33.1,1,100,44.56,5.6,9.3,88.8,9.3,50.0,1
95,13,2,0,0.91,0,1,47.61,1,1.14,18.11,1,100,41.3,7.8,12.6,84.4,12.6,53.4,0
75,7,1,0,0.67,0,0,44.38,1,0.92,27.98,1,0,24.01,1.7,9.7,96.6,9.7,100.0,1
90,41,2,1,0.69,0,0,64.33,1,0.84,28.29,1,100,42.71,1.0,20.6,98.0,20.6,100.0,0
75,44,2,0,0.69,0,0,44.64,1,2.0,16.93,1,100,56.87,1.0,19.3,98.0,19.3,50.0,1
90,37,0,1,0.37,0,0,57.96,0,1.49,28.58,1,100,34.49,3.7,14.8,92.6,14.8,100.0,0
90,15,2,0,0.69,0,1,50.79,0,1.05,13.5,1,100,50.0,1.7,8.9,96.6,8.9,63.27,0
65,74,2,0,0.44,0,0,31.57,0,1.7,22.37,1,100,50.0,0.9,4.1,98.2,4.1,50.0,1
90,22,2,1,0.92,0,0,52.68,0,0.85,11.81,1,100,50.0,1.6,26.3,96.8,26.3,100.0,0
95,10,0,1,0.62,1,0,51.84,0,1.34,16.28,1,100,50.0,0.8,12.2,98.4,12.2,50.0,0
95,13,2,0,0.4,1,1,52.3,1,1.41,17.01,1,100,48.45,5.2,8.8,89.6,8.8,72.84,0
90,24,2,0,0.78,0,1,49.41,1,0.94,15.19,1,100,50.0,3.8,19.1,92.4,19.1,57.73,0
90,16,2,0,1.21,0,0,48.47,1,0.97,26.34,1,100,50.0,8.2,15.3,83.6,15.3,100.0,0
90,26,2,0,0.94,0,1,40.79,1,1.16,15.21,1,100,40.41,1.4,10.0,97.2,10.0,100.0,0
90,9,2,0,0.56,0,1,68.51,1,1.11,36.69,1,0,24.26,0.4,4.6,99.2,4.6,50.0,0
80,14,2,1,0.2,1,1,54.5,1,1.25,21.68,1,0,31.48,0.3,21.2,99.4,21.2,100.0,1
80,13,2,1,1.17,1,1,49.97,1,1.08,17.16,1,100,52.71,2.1,7.3,95.8,7.3,50.0,0
90,43,1,0,0.8,0,1,39.98,1,0.78,18.53,1,0,28.29,1.4,10.5,97.2,10.5,100.0,0
75,257,2,0,0.52,0,0,32.8,0,1.74,23.76,1,0,26.79,6.0,13.0,88.0,13.0,100.0,0
100,7,2,0,0.56,1,1,60.05,1,0.88,37.04,1,100,50.0,3.0,6.6,94.0,6.6,100.0,0
90,28,0,0,0.8,0,1,44.6,1,1.3,28.19,1,100,32.2,3.0,9.3,94.0,9.3,52.12,1
90,35,2,0,0.49,0,1,53.3,1,1.65,31.08,1,100,50.0,3.7,13.2,92.6,13.2,100.0,0
75,37,2,0,0.75,0,0,41.35,1,1.35,16.07,1,100,41.44,2.6,13.6,94.8,13.6,50.0,0
90,12,2,0,0.93,0,1,56.68,1,1.37,34.09,1,0,28.96,6.3,5.6,87.4,5.6,45.42,1
80,32,2,0,1.09,1,0,30.96,0,0.81,41.15,1,0,50.0,1.1,8.9,97.8,8.9,47.48,1
95,7,1,0,0.99,0,1,63.66,1,1.03,31.85,1,100,50.77,0.4,9.0,99.2,9.0,50.0,0
95,40,2,1,0.65,0,0,53.53,0,1.16,17.32,1,100,25.51,1.4,12.1,97.2,12.1,50.0,0
90,10,0,0,0.72,0,1,55.72,1,1.4,30.57,1,0,29.04,1.0,13.2,98.0,13.2,100.0,0
95,50,0,0,1.45,1,0,30.34,0,1.22,23.2,1,100,58.45,2.9,21.1,94.2,21.1,32.18,0
70,63,1,1,0.44,0,1,69.86,0,1.27,25.24,1,0,31.25,2.8,9.2,94.4,9.2,100.0,0
90,11,1,0,0.82,0,1,52.81,0,0.88,35.7,1,0,50.0,3.2,9.2,93.6,9.2,100.0,1
90,20,2,1,0.89,0,0,45.79,0,1.03,21.64,1,0,22.71,4.1,17.4,91.8,17.4,100.0,0
75,14,1,1,0.63,0,1,59.68,0,0.93,21.41,1,0,37.5,5.8,8.8,88.4,8.8,100.0,0
80,131,2,0,2.09,1,0,44.59,0,1.81,22.1,1,100,59.77,1.0,21.0,98.0,21.0,50.0,0
75,16,0,0,0.37,1,0,47.28,0,0.93,21.28,1,0,21.77,4.6,13.8,90.8,13.8,100.0,0
95,8,0,1,0.37,1,0,52.21,0,0.84,20.3,1,0,31.75,2.4,4.3,95.2,4.3,100.0,1
100,196,1,1,1.78,1,1,66.68,0,1.09,24.8,1,0,41.76,0.9,14.8,98.2,14.8,100.0,0
90,35,1,0,1.02,0,1,38.01,0,1.19,27.68,1,100,50.0,0.4,7.3,99.2,7.3,53.32,1
75,9,2,1,0.33,1,1,48.28,0,1.26,14.06,1,100,46.36,1.9,10.1,96.2,10.1,100.0,0
95,25,1,0,0.64,0,1,43.8,0,0.83,24.83,1,100,48.57,7.2,15.0,85.6,15.0,58.94,0
95,11,1,0,0.77,0,1,59.53,0,1.07,34.32,1,100,61.05,9.3,8.5,81.4,8.5,38.87,1
95,12,2,0,0.3,1,1,50.56,1,1.03,21.39,1,100,32.53,1.7,4.3,96.6,4.3,100.0,0
95,13,1,0,1.19,0,1,46.21,1,1.02,13.63,1,100,44.58,2.2,7.1,95.6,7.1,42.78,0
75,68,1,1,0.38,1,1,61.78,1,1.04,15.08,1,100,46.53,3.5,28.0,93.0,28.0,100.0,0
90,14,0,1,0.65,0,0,44.09,1,1.24,37.36,1,100,44.65,3.2,13.5,93.6,13.5,42.96,0
70,9,2,1,1.11,0,1,56.01,1,0.91,28.54,1,100,50.0,0.1,6.5,99.8,6.5,43.26,0
90,28,0,0,0.68,0,1,43.32,1,1.19,16.13,1,0,34.87,3.1,13.3,93.8,13.3,31.35,0
75,50,1,1,1.01,1,1,60.38,1,0.97,21.0,1,100,50.46,1.1,7.6,97.8,7.6,36.51,0
70,35,0,0,0.52,0,0,44.87,0,1.52,23.02,1,100,46.19,1.4,4.4,97.2,4.4,100.0,0
70,187,2,0,1.06,0,0,26.15,0,0.97,33.83,1,0,25.13,0.9,13.5,98.2,13.5,50.0,1
70,9,2,0,0.6,0,0,45.33,0,1.12,22.41,1,100,48.52,1.7,1.3,96.6,1.3,100.0,0
95,50,0,0,0.96,1,0,36.3,1,1.11,22.65,1,100,50.0,0.8,6.6,98.4,6.6,100.0,0
95,287,1,1,0.95,0,1,61.17,0,0.84,20.24,1,100,41.94,2.0,23.2,96.0,23.2,57.51,0
75,24,2,0,0.75,1,0,57.1,0,1.86,18.16,1,100,46.47,9.2,12.9,81.6,12.9,27.15,1
95,58,2,0,0.67,0,1,36.32,1,1.18,36.22,1,100,40.61,3.3,12.7,93.4,12.7,100.0,1
95,69,2,1,0.55,0,1,61.72,1,1.17,25.06,1,0,24.39,1.1,1.5,97.8,1.5,100.0,0
65,13,0,1,0.54,0,1,49.4,0,1.01,22.8,1,0,50.0,1.8,8.1,96.4,8.1,47.18,0
80,5,1,0,0.81,1,0,37.97,0,0.8,40.0,1,0,50.0,0.2,3.2,99.6,3.2,100.0,0
75,9,2,0,0.46,0,0,43.12,0,1.42,15.73,1,100,46.56,2.7,3.5,94.6,3.5,50.0,1
80,13,2,0,0.71,1,0,45.64,0,1.19,20.52,1,100,37.72,7.9,7.9,84.2,7.9,36.67,0
100,40,2,1,0.39,1,0,69.33,0,0.93,35.89,1,0,23.85,3.6,8.2,92.8,8.2,100.0,0
95,11,2,1,0.88,0,0,52.24,0,0.76,18.54,1,100,48.65,6.8,5.5,86.4,5.5,100.0,0
75,169,2,1,0.83,1,1,78.15,1,1.14,34.08,1,100,49.06,7.3,25.3,85.4,25.3,100.0,0
80,16,2,0,0.31,1,0,66.14,1,1.81,23.81,1,100,49.84,0.1,15.6,99.8,15.6,50.0,0
95,10,2,1,0.6,0,0,49.33,1,0.68,14.64,1,0,32.33,8.7,22.4,82.6,22.4,40.75,1
90,21,1,0,1.2,0,1,46.0,1,0.92,19.02,1,100,50.0,4.7,13.4,90.6,13.4,100.0,0
90,9,2,0,0.84,0,1,57.72,0,1.08,40.43,1,0,33.42,5.8,17.9,88.4,17.9,74.33,0
70,11,1,0,1.1,0,0,45.97,1,1.16,21.59,1,100,50.0,8.6,13.4,82.8,13.4,100.0,0
85,5,0,0,0.8,0,1,62.98,1,2.22,22.36,1,100,50.0,3.5,13.3,93.0,13.3,100.0,0
95,34,2,0,0.89,0,1,52.82,1,1.59,29.25,1,100,45.13,4.3,15.7,91.4,15.7,50.0,0
90,9,0,0,0.63,0,1,49.95,1,0.93,16.52,1,0,35.02,1.5,3.9,97.0,3.9,100.0,0
95,16,2,1,0.18,1,0,34.76,1,2.52,26.31,1,100,47.28,5.3,3.5,89.4,3.5,100.0,0
90,9,0,1,0.6,0,0,48.96,0,1.72,18.79,1,100,42.94,6.4,8.1,87.2,8.1,100.0,0
95,44,1,0,0.62,1,0,36.16,1,0.88,26.02,1,100,42.87,4.9,29.1,90.2,29.1,36.67,0
65,63,1,0,0.67,0,0,38.88,0,1.07,32.54,1,100,50.0,5.7,12.8,88.6,12.8,57.75,0
80,28,2,1,0.71,1,1,66.34,0,1.0,20.1,1,100,46.33,7.0,5.9,86.0,5.9,100.0,0
95,13,2,0,0.56,0,1,56.04,0,1.54,34.0,1,100,48.83,7.3,13.2,85.4,13.2,100.0,1
90,8,1,0,0.49,0,1,68.63,1,0.93,45.86,1,100,50.0,1.5,10.8,97.0,10.8,72.97,0
100,18,2,0,0.94,1,0,45.99,1,1.34,24.32,1,100,53.31,6.2,12.5,87.6,12.5,100.0,1
90,7,1,0,0.79,0,1,62.12,1,1.51,12.52,1,0,50.0,1.8,9.8,96.4,9.8,50.0,1
95,11,2,1,1.03,0,0,44.9,1,0.95,29.67,1,0,23.33,3.2,33.8,93.6,33.8,100.0,0
100,16,2,0,1.83,1,1,44.42,1,0.95,18.67,1,100,51.09,6.1,9.3,87.8,9.3,100.0,1
100,7,2,0,0.39,1,1,56.22,1,0.98,31.16,1,0,23.11,2.7,10.7,94.6,10.7,100.0,1
95,7,0,0,0.41,1,1,53.92,1,0.94,29.33,1,0,31.64,0.5,9.9,99.0,9.9,63.56,0
90,115,2,1,0.64,0,1,61.05,1,1.36,21.44,1,0,31.54,0.1,8.6,99.8,8.6,43.41,0
75,69,2,1,0.45,0,1,59.23,1,1.28,18.67,1,100,42.76,1.1,4.9,97.8,4.9,26.19,1
70,27,2,1,0.82,0,1,55.52,1,1.04,15.93,1,100,50.0,1.2,10.0,97.6,10.0,34.19,0
95,13,1,0,1.55,1,1,45.73,1,1.24,17.59,1,100,55.24,4.0,5.4,92.0,5.4,44.74,0
95,17,1,0,1.01,0,1,53.81,1,0.84,27.58,1,100,43.8,1.0,6.8,98.0,6.8,100.0,1
80,38,2,1,0.7,1,1,63.71,1,1.34,20.64,1,0,32.47,1.4,0.6,97.2,0.6,100.0,0
75,82,2,1,0.77,0,1,67.4,1,0.95,26.57,1,100,36.24,0.8,9.3,98.4,9.3,50.0,0
70,12,2,1,0.9,0,1,48.09,1,0.97,24.31,1,0,26.89,2.0,6.0,96.0,6.0,100.0,0
95,10,1,0,1.11,0,1,56.46,1,1.01,21.6,1,100,53.98,3.1,8.1,93.8,8.1,50.0,0
80,30,2,0,0.56,1,1,53.73,1,2.07,20.16,1,100,53.58,3.0,12.5,94.0,12.5,31.06,0
75,116,2,0,1.14,1,0,36.73,1,1.3,16.78,1,100,44.75,1.7,6.4,96.6,6.4,100.0,0
90,162,2,1,0.49,0,1,60.78,1,1.08,24.83,1,100,47.32,6.5,8.1,87.0,8.1,100.0,1
90,113,1,1,0.55,0,1,66.97,0,1.12,32.26,1,100,43.57,0.3,5.2,99.4,5.2,100.0,0
85,6,2,0,1.36,0,1,61.87,1,0.94,35.86,1,100,50.0,0.8,7.1,98.4,7.1,36.67,0
95,100,1,0,0.79,1,0,27.17,1,1.04,32.64,1,100,57.53,1.9,9.8,96.2,9.8,55.24,0
70,10,2,0,0.71,0,0,44.74,1,0.85,25.62,1,100,41.22,1.2,6.9,97.6,6.9,100.0,0
75,50,2,1,0.59,0,1,56.64,1,1.11,14.85,1,100,57.21,1.2,3.1,97.6,3.1,50.0,0
75,57,2,0,0.73,1,0,32.92,1,0.82,18.17,1,0,27.04,1.1,14.6,97.8,14.6,100.0,0
85,11,2,1,1.27,0,0,56.7,1,0.84,15.39,1,100,50.0,0.3,7.7,99.4,7.7,100.0,1
85,8,0,0,2.1,0,1,49.84,1,1.01,22.79,1,100,50.0,4.8,3.9,90.4,3.9,100.0,0
95,27,2,1,0.55,1,0,56.32,1,0.83,17.47,1,100,40.42,3.7,21.5,92.6,21.5,100.0,0
100,13,2,0,0.24,1,1,56.41,1,1.37,19.24,1,100,45.27,4.4,13.0,91.2,13.0,100.0,1
90,14,1,0,0.87,0,1,51.13,1,1.46,15.87,1,100,45.61,1.9,9.0,96.2,9.0,57.21,0
75,11,1,1,0.78,0,1,37.66,1,1.58,21.26,1,0,24.0,4.0,7.6,92.0,7.6,50.0,0
90,211,2,0,0.49,0,0,34.87,1,1.25,33.32,1,0,31.08,3.0,4.6,94.0,4.6,100.0,0
90,31,2,1,0.74,0,0,49.38,1,1.02,25.76,1,0,22.22,1.1,7.7,97.8,7.7,100.0,0
75,33,2,0,0.8,0,0,36.74,1,1.3,25.39,1,100,59.85,0.4,4.0,99.2,4.0,100.0,0
90,28,2,1,0.63,0,0,55.98,0,1.01,13.58,1,100,37.89,5.7,14.4,88.6,14.4,60.21,0
100,19,2,1,1.25,1,1,48.13,1,0.63,22.21,1,0,35.13,2.1,18.2,95.8,18.2,33.83,1
90,13,0,0,0.97,0,1,49.41,1,1.17,19.9,1,100,44.41,2.6,4.2,94.8,4.2,100.0,0
65,116,1,0,1.21,0,0,37.08,1,1.55,38.04,1,100,50.0,0.8,20.8,98.4,20.8,50.0,0
90,7,2,1,0.59,0,0,37.65,1,1.26,45.86,1,0,22.81,2.0,9.9,96.0,9.9,100.0,0
95,41,0,1,0.71,1,0,59.56,1,0.94,18.33,1,0,33.07,0.6,18.1,98.8,18.1,68.12,0
95,7,2,1,1.1,0,0,32.52,0,1.65,27.87,1,100,56.21,2.2,14.2,95.6,14.2,50.0,0
95,94,2,0,0.47,1,0,27.65,1,1.0,35.49,1,0,39.06,8.8,7.7,82.4,7.7,74.82,0
95,18,2,0,0.75,1,1,43.75,1,0.91,20.97,1,100,40.37,1.1,7.4,97.8,7.4,50.0,1
95,20,2,0,0.62,0,1,50.47,1,1.34,27.93,1,100,40.32,2.4,16.3,95.2,16.3,50.0,0
90,11,1,1,1.16,0,0,48.21,0,1.19,20.0,1,0,36.63,1.1,12.8,97.8,12.8,50.0,1
85,7,2,1,0.6,0,0,46.34,1,1.04,16.92,1,100,50.0,0.7,12.1,98.6,12.1,100.0,0
90,50,1,1,0.63,0,0,56.05,1,1.03,23.33,1,100,39.4,7.5,17.0,85.0,17.0,47.77,0
70,164,2,1,0.7,0,1,68.24,1,1.16,33.79,1,100,50.37,2.2,6.0,95.6,6.0,26.67,0
65,22,1,1,0.68,0,1,50.58,1,1.29,25.24,1,100,50.0,0.2,6.6,99.6,6.6,100.0,0
65,14,0,1,0.49,0,1,59.68,0,0.0,25.19,1,0,50.0,0.6,9.7,98.8,9.7,50.0,1
80,6,2,1,0.59,1,1,27.0,0,0.0,35.48,1,100,50.0,1.0,2.4,98.0,2.4,50.0,1
75,8,2,1,0.72,0,1,43.78,0,0.0,19.02,1,0,22.2,0.1,12.8,99.8,12.8,100.0,0
75,37,2,0,0.82,0,0,36.84,0,0.0,24.48,1,100,43.91,0.7,19.4,98.6,19.4,30.05,0
100,8,2,1,0.12,1,0,39.78,0,0.0,25.92,1,0,28.87,1.3,13.5,97.4,13.5,100.0,1
85,10,1,0,1.02,0,1,57.38,1,0.0,37.89,1,0,50.0,1.1,10.9,97.8,10.9,100.0,1
90,22,2,0,0.35,0,1,44.29,1,0.0,27.93,1,100,50.0,3.8,17.7,92.4,17.7,100.0,0
90,54,1,0,0.37,0,1,45.23,1,0.0,17.18,1,100,42.08,4.2,6.6,91.6,6.6,28.81,0
100,27,2,1,0.81,1,0,58.76,0,0.0,22.5,1,100,40.88,5.6,12.0,88.8,12.0,37.15,1
90,8,2,0,0.56,0,1,60.47,1,0.0,31.81,1,0,35.62,0.8,4.8,98.4,4.8,100.0,0
85,20,0,1,0.96,0,0,52.9,0,0.0,10.36,1,100,50.0,0.3,14.7,99.4,14.7,100.0,0
75,144,2,0,0.79,1,0,27.59,0,0.0,33.73,1,100,61.38,3.5,36.5,93.0,36.5,31.76,0
90,49,2,1,0.23,0,1,66.24,0,0.0,31.6,1,0,30.35,5.7,7.4,88.6,7.4,100.0,1
100,39,2,1,0.62,1,0,56.92,0,0.0,28.52,1,100,46.96,7.4,7.9,85.2,7.9,100.0,0
95,24,2,0,1.63,0,1,43.18,1,0.0,33.34,1,0,22.76,3.2,23.9,93.6,23.9,100.0,0
85,32,2,0,0.68,0,1,42.14,1,0.0,23.27,1,100,50.0,1.4,14.2,97.2,14.2,100.0,0
70,37,2,0,0.53,0,1,60.52,1,0.0,11.53,1,0,50.0,1.5,7.2,97.0,7.2,100.0,1
95,9,1,0,0.97,0,1,56.6,1,0.0,16.5,1,100,38.78,1.1,6.8,97.8,6.8,100.0,0
90,105,2,0,0.42,0,0,26.96,1,0.0,26.89,1,100,41.07,3.5,3.3,93.0,3.3,100.0,0
90,34,2,0,0.67,0,1,40.55,1,0.0,28.43,1,100,50.0,2.0,9.4,96.0,9.4,100.0,0
90,13,1,0,0.93,0,1,50.92,1,0.0,27.09,1,100,50.0,4.3,7.8,91.4,7.8,36.67,1
95,37,1,1,1.16,0,0,61.93,1,0.0,27.21,1,100,29.86,5.3,23.8,89.4,23.8,45.13,0
90,19,2,0,0.54,0,1,58.63,1,0.0,29.58,1,100,44.01,3.7,4.1,92.6,4.1,50.0,1
95,40,1,1,0.35,1,0,61.14,1,0.0,26.29,1,100,52.51,0.5,13.4,99.0,13.4,59.73,1
90,9,2,1,0.85,0,0,37.18,0,0.0,25.57,1,100,42.21,0.3,6.0,99.4,6.0,50.0,0
75,66,0,0,1.21,1,0,29.05,0,0.0,27.28,1,100,51.91,3.8,12.8,92.4,12.8,50.0,1
95,55,2,0,1.77,1,1,38.34,0,0.0,20.33,1,100,29.15,0.6,25.7,98.8,25.7,50.71,0
95,82,2,1,0.13,1,0,67.96,0,0.0,21.11,1,100,33.48,3.6,16.1,92.8,16.1,100.0,0
90,7,2,1,1.01,0,0,40.34,0,0.0,26.13,1,0,50.0,6.7,26.7,86.6,26.7,100.0,0
100,187,1,0,2.07,1,0,39.75,0,0.0,29.32,1,0,32.55,2.6,29.9,94.8,29.9,50.0,1
75,191,1,1,1.11,0,1,67.06,0,0.0,37.76,1,100,37.75,0.2,37.7,99.6,37.7,62.46,0
90,12,1,1,0.93,0,0,46.68,0,0.0,31.03,1,100,50.0,7.3,18.3,85.4,18.3,43.28,0
95,21,2,0,0.71,1,1,43.35,0,0.0,26.2,1,100,54.56,5.7,6.3,88.6,6.3,100.0,0
70,124,1,0,0.91,0,0,21.03,1,0.0,33.34,1,0,29.57,0.5,1.3,99.0,1.3,100.0,0
75,34,2,0,1.49,0,0,35.92,1,0.0,21.28,1,0,21.89,4.9,11.7,90.2,11.7,26.79,1
95,15,0,1,0.56,1,1,56.66,0,0.0,15.47,1,100,29.5,0.3,4.8,99.4,4.8,29.55,0
90,10,1,0,0.79,0,1,49.39,1,0.0,17.32,1,100,48.85,6.3,8.0,87.4,8.0,100.0,0
90,21,2,0,0.72,0,1,50.13,1,0.0,46.47,1,0,50.0,0.6,8.1,98.8,8.1,50.0,1
75,54,2,0,0.8,0,1,73.24,0,0.0,28.08,1,0,24.27,1.7,8.9,96.6,8.9,50.0,1
70,7,2,1,0.57,0,1,65.65,1,0.0,44.14,1,100,50.0,2.8,4.4,94.4,4.4,53.33,0
95,34,0,0,0.27,1,1,37.79,1,0.0,24.48,1,0,35.06,6.8,8.8,86.4,8.8,48.24,1
80,34,2,1,0.74,1,1,56.93,1,0.0,23.53,1,0,37.47,3.2,14.2,93.6,14.2,100.0,0
100,104,2,0,1.16,1,0,37.38,1,0.0,26.7,1,100,49.32,0.4,8.7,99.2,8.7,36.67,0
95,15,0,1,1.28,1,0,48.11,1,0.0,17.77,1,0,31.67,2.2,5.6,95.6,5.6,100.0,0
100,9,2,1,0.71,1,0,44.78,1,0.0,9.03,1,100,49.07,0.4,5.2,99.2,5.2,100.0,1
85,49,1,0,0.59,0,1,42.74,0,0.0,26.7,1,100,50.0,0.5,12.5,99.0,12.5,25.0,1
90,65,1,0,0.68,0,1,27.27,1,0.0,33.08,1,100,37.47,5.2,8.3,89.6,8.3,100.0,1
90,24,0,1,0.6,0,0,54.16,1,0.0,29.54,1,0,36.36,1.4,4.8,97.2,4.8,78.69,1
75,7,1,0,0.82,0,0,45.9,1,0.0,29.17,1,100,38.56,3.7,0.7,92.6,0.7,54.94,0
70,14,2,0,0.65,0,0,41.77,1,0.0,14.69,1,0,50.0,3.3,5.2,93.4,5.2,46.67,0
80,23,2,1,0.69,1,1,60.18,1,0.0,17.94,1,100,41.92,5.9,6.9,88.2,6.9,49.17,0
90,25,1,0,1.33,0,1,48.98,0,0.0,35.17,1,100,50.0,2.6,5.2,94.8,5.2,32.95,0
90,65,1,0,0.38,0,1,28.63,1,0.0,23.51,1,100,52.25,1.5,5.6,97.0,5.6,50.0,0
65,4,2,1,0.89,0,1,58.35,1,0.0,21.73,1,0,50.0,0.2,0.7,99.6,0.7,50.0,0
95,10,2,0,1.1,0,1,49.56,1,0.0,17.37,1,100,53.02,0.9,16.1,98.2,16.1,100.0,1
85,40,1,1,0.46,0,0,53.26,1,0.0,20.96,1,100,50.0,1.7,13.4,96.6,13.4,100.0,1
75,41,1,0,0.17,1,0,36.18,1,0.0,46.88,1,100,50.0,7.3,3.9,85.4,3.9,28.83,0
75,10,2,0,1.01,0,0,49.43,1,0.0,26.1,1,100,32.24,1.4,12.8,97.2,12.8,50.0,0
90,8,0,0,0.74,0,1,44.83,1,0.0,21.52,1,100,45.09,0.2,2.2,99.6,2.2,100.0,0
90,37,0,1,0.57,0,0,57.39,0,0.0,17.06,1,100,41.73,3.9,7.4,92.2,7.4,47.59,1
85,14,2,1,0.66,0,0,53.95,0,0.0,18.35,1,100,50.0,3.4,17.1,93.2,17.1,36.67,0
100,9,1,0,0.86,1,1,50.56,1,0.0,11.32,1,100,42.28,0.8,5.2,98.4,5.2,100.0,0
90,7,2,1,0.57,0,0,23.86,1,0.0,24.03,1,0,28.13,0.9,5.7,98.2,5.7,50.0,1
95,11,2,1,0.7,0,0,45.76,1,0.0,21.2,1,100,48.82,3.3,4.9,93.4,4.9,42.89,0
80,14,1,1,1.22,1,1,44.86,1,0.0,23.43,1,0,30.53,1.0,8.5,98.0,8.5,100.0,1
90,12,2,0,0.97,0,1,49.68,1,0.0,16.47,1,0,25.43,8.1,8.0,83.8,8.0,47.13,0
95,9,1,0,0.41,1,1,53.69,1,0.0,33.68,1,100,53.66,7.5,3.3,85.0,3.3,71.54,0
90,49,2,0,1.45,0,0,31.3,1,0.0,20.76,1,100,50.0,1.3,7.0,97.4,7.0,50.0,0
90,32,2,1,0.48,0,0,56.9,1,0.0,26.71,1,100,44.5,0.3,26.7,99.4,26.7,50.0,0
95,87,2,1,1.3,0,0,68.77,1,0.0,26.44,1,0,34.31,1.0,6.9,98.0,6.9,100.0,0
80,213,1,0,0.68,1,0,28.5,1,0.0,33.43,1,100,47.64,3.4,24.3,93.2,24.3,100.0,0
75,45,2,0,0.49,0,1,69.54,0,0.0,12.81,1,100,58.5,8.2,25.2,83.6,25.2,100.0,0
90,11,2,1,0.51,0,0,42.24,0,0.0,13.63,1,100,47.76,4.1,5.5,91.8,5.5,100.0,1
75,262,2,1,0.22,0,1,63.01,0,0.0,26.06,1,100,61.06,5.1,32.1,89.8,32.1,50.0,1
80,7,1,1,0.54,1,1,62.88,1,0.0,50.18,1,0,24.67,0.6,11.3,98.8,11.3,50.0,1
95,44,2,1,0.5,0,0,44.03,1,0.0,20.98,1,100,48.67,0.2,17.5,99.6,17.5,41.81,0
90,13,0,0,0.84,0,1,55.66,1,0.0,21.61,1,100,58.02,3.2,4.1,93.6,4.1,51.72,1
95,10,2,1,0.49,1,0,48.92,0,0.0,17.83,1,100,51.77,4.7,8.0,90.6,8.0,100.0,0
65,12,2,1,0.6,0,1,55.61,0,0.0,29.44,1,100,50.0,0.3,6.9,99.4,6.9,100.0,0
90,11,1,0,0.85,0,1,42.86,1,0.0,18.3,1,100,45.75,1.8,7.2,96.4,7.2,100.0,1
90,10,2,0,0.87,0,1,63.88,1,0.0,38.16,1,100,37.8,8.8,11.4,82.4,11.4,38.08,0
95,12,0,0,0.31,1,1,53.42,1,0.0,21.47,1,0,50.0,0.5,8.6,99.0,8.6,36.67,0
90,8,0,0,0.75,0,1,48.35,1,0.0,22.64,1,100,44.33,3.0,3.9,94.0,3.9,100.0,1
90,17,2,0,0.95,0,1,54.37,1,0.0,18.34,1,100,50.0,2.5,5.9,95.0,5.9,40.2,1
95,18,2,1,0.89,0,0,49.7,1,0.0,20.13,1,100,55.78,3.3,8.1,93.4,8.1,100.0,1
90,14,0,0,0.76,0,1,47.43,1,0.0,17.91,1,100,45.95,2.6,7.2,94.8,7.2,100.0,0
95,9,1,0,1.13,0,1,55.78,1,0.0,11.5,1,100,48.29,0.6,6.2,98.8,6.2,100.0,1
90,31,1,0,0.4,0,1,40.76,1,0.0,19.32,1,100,46.3,4.5,16.7,91.0,16.7,100.0,0
90,29,0,0,0.51,0,1,49.72,1,0.0,29.6,1,100,37.05,2.1,5.9,95.8,5.9,100.0,1
90,14,1,0,0.87,0,1,54.01,1,0.0,38.32,1,100,36.56,4.5,11.3,91.0,11.3,36.67,1
75,12,0,0,0.88,1,0,47.78,1,0.0,21.34,1,100,46.66,2.8,3.7,94.4,3.7,50.0,0
90,14,2,1,0.6,0,0,47.64,1,0.0,36.57,1,0,28.82,2.8,6.9,94.4,6.9,100.0,0
85,24,1,1,0.86,0,0,53.5,0,0.0,22.95,1,100,50.0,2.0,28.1,96.0,28.1,100.0,0
100,29,2,0,0.72,1,1,39.49,1,0.0,14.89,1,100,58.59,3.4,6.8,93.2,6.8,38.59,0
100,7,2,0,0.88,1,1,58.37,1,0.0,11.41,1,100,45.39,0.3,5.0,99.4,5.0,50.0,0
95,202,2,0,0.42,1,0,30.82,1,0.0,25.72,1,100,44.75,2.5,24.1,95.0,24.1,50.0,1
85,14,2,0,0.64,0,1,48.73,1,0.0,16.41,1,100,50.0,2.4,4.7,95.2,4.7,47.47,0
90,87,2,0,0.57,0,1,37.62,1,0.0,21.0,1,0,26.45,7.4,10.2,85.2,10.2,36.08,1
90,49,1,1,0.25,0,0,55.87,1,0.0,25.18,1,100,42.0,1.1,1.4,97.8,1.4,100.0,0
65,6,2,0,0.77,0,0,53.61,1,0.0,20.51,1,0,50.0,0.6,0.2,98.8,0.2,50.0,1
90,28,0,0,0.94,0,1,40.69,1,0.0,13.7,1,100,42.86,2.2,6.1,95.6,6.1,38.89,0
90,8,0,0,0.71,0,1,63.75,1,0.0,19.23,1,0,24.91,0.9,9.5,98.2,9.5,50.0,0
90,16,1,0,0.63,0,1,45.29,1,0.0,22.35,1,100,57.12,7.2,4.9,85.6,4.9,46.78,0
70,24,2,0,0.35,0,0,50.44,1,0.0,9.17,1,0,50.0,1.2,7.4,97.6,7.4,100.0,0
95,7,2,0,0.79,0,1,56.57,1,0.0,23.9,1,100,41.51,0.7,8.2,98.6,8.2,50.0,0
90,13,1,0,0.96,0,1,61.26,1,0.0,19.54,1,100,50.0,0.1,3.6,99.8,3.6,26.67,0
90,36,2,1,0.74,0,0,64.99,0,0.0,15.18,1,100,50.0,0.8,11.5,98.4,11.5,100.0,0
70,9,2,1,0.4,0,1,50.07,1,0.0,20.74,1,0,34.54,1.8,4.1,96.4,4.1,100.0,0
90,13,2,0,1.12,0,0,50.08,1,0.0,22.72,1,0,50.0,1.3,6.6,97.4,6.6,100.0,0
75,11,2,1,0.66,1,0,41.54,1,0.0,38.8,1,100,44.91,0.5,2.9,99.0,2.9,36.67,1
95,14,0,0,0.63,1,1,67.97,1,0.0,35.69,1,0,32.36,0.4,7.0,99.2,7.0,50.0,0
95,26,2,0,0.63,1,1,42.77,0,0.0,28.59,1,100,47.61,5.0,5.5,90.0,5.5,57.61,1
95,8,1,0,1.6,0,1,49.37,1,0.0,32.26,1,100,45.85,1.3,6.0,97.4,6.0,100.0,1
95,18,2,0,0.17,1,1,48.23,1,0.0,16.93,1,100,62.22,0.8,4.4,98.4,4.4,100.0,1
95,41,2,0,0.9,0,1,45.19,1,0.0,13.38,1,100,59.66,1.4,3.8,97.2,3.8,39.39,0
90,56,1,1,0.19,0,0,54.07,0,0.0,19.37,1,100,42.18,3.6,10.7,92.8,10.7,32.74,0
95,10,2,0,0.62,1,1,52.39,1,0.0,23.07,1,100,55.97,1.3,4.5,97.4,4.5,100.0,0
85,21,2,0,0.38,0,1,40.87,1,0.0,21.31,1,0,50.0,2.5,4.7,95.0,4.7,100.0,0
90,9,1,1,0.56,0,0,44.58,0,0.0,15.19,1,100,60.28,0.6,9.4,98.8,9.4,50.0,1
95,105,1,1,1.01,1,1,71.19,0,0.0,34.29,1,100,54.38,3.6,23.7,92.8,23.7,33.81,1
70,67,2,0,1.09,0,0,37.3,0,0.0,25.03,1,100,50.0,0.9,12.4,98.2,12.4,29.9,1
90,12,2,1,0.56,0,0,51.17,0,0.0,38.16,1,100,50.0,2.3,18.8,95.4,18.8,100.0,1
80,255,1,1,1.69,1,1,73.41,0,0.0,45.73,1,100,49.09,2.6,59.2,94.8,59.2,40.0,0
95,16,2,0,0.54,1,1,51.31,0,0.0,24.44,1,100,65.11,8.1,8.2,83.8,8.2,100.0,1
90,9,2,1,0.61,0,0,34.47,0,0.0,43.3,1,0,31.94,1.3,12.5,97.4,12.5,100.0,0
70,11,0,1,0.81,0,0,43.01,0,0.0,19.7,1,100,45.96,4.7,5.9,90.6,5.9,79.22,1
70,85,1,1,0.59,0,1,64.85,0,0.0,26.28,1,100,40.34,1.7,8.8,96.6,8.8,58.0,0
70,4,2,1,0.68,0,1,48.56,0,0.0,20.68,1,100,50.0,0.1,0.4,99.8,0.4,50.0,1
90,9,1,1,0.91,0,0,41.8,0,0.0,26.59,1,100,50.0,2.0,3.9,96.0,3.9,59.39,0
90,5,1,0,0.96,0,1,75.33,1,0.0,39.06,1,100,50.0,0.5,6.2,99.0,6.2,100.0,1
90,18,2,0,0.54,0,1,50.34,1,0.0,37.86,1,100,50.0,7.9,12.0,84.2,12.0,100.0,1
70,41,2,0,0.58,0,0,42.04,1,0.0,20.76,1,100,50.0,4.9,6.5,90.2,6.5,100.0,0
90,50,1,0,0.86,0,1,40.75,1,0.0,17.79,1,100,43.75,3.2,11.3,93.6,11.3,36.67,1
75,10,2,0,0.89,1,0,51.53,1,0.0,15.53,1,100,33.59,1.1,4.9,97.8,4.9,100.0,1
90,15,2,0,0.92,0,1,56.39,1,0.0,19.78,1,100,43.65,1.1,11.7,97.8,11.7,48.03,0
80,8,1,0,1.03,1,0,51.89,1,0.0,11.09,1,100,35.44,3.8,3.5,92.4,3.5,36.67,0
90,83,1,0,0.95,0,0,30.85,1,0.0,49.1,1,0,29.99,0.7,32.5,98.6,32.5,50.0,0
80,15,2,0,0.5,1,0,47.18,1,0.0,18.11,1,100,46.12,0.5,6.5,99.0,6.5,45.21,1
70,73,1,0,0.82,0,0,31.03,1,0.0,21.93,1,0,21.2,0.6,21.7,98.8,21.7,100.0,0
70,115,2,0,0.96,0,0,34.68,1,0.0,40.55,1,100,45.97,6.2,11.7,87.6,11.7,51.3,0
75,13,2,0,0.75,0,0,48.08,1,0.0,22.57,1,0,25.63,1.9,11.0,96.2,11.0,100.0,1
90,91,1,0,0.24,0,0,37.72,1,0.0,23.16,1,100,47.14,5.2,6.3,89.6,6.3,58.38,0
85,68,2,1,0.98,0,0,55.42,1,0.0,19.95,1,100,50.0,0.2,4.7,99.6,4.7,50.0,0
70,50,2,0,0.64,0,0,42.98,1,0.0,13.39,1,100,59.49,1.5,10.3,97.0,10.3,50.0,0
90,76,1,0,0.58,0,1,39.11,1,0.0,28.44,1,100,40.43,0.6,24.1,98.8,24.1,100.0,0
100,7,2,1,0.52,1,0,36.05,1,0.0,47.55,1,100,48.05,1.3,4.9,97.4,4.9,51.99,1
90,12,1,1,0.88,0,0,33.22,1,0.0,33.28,1,100,38.77,1.6,4.1,96.8,4.1,100.0,0
90,22,2,1,0.56,0,0,50.69,1,0.0,26.91,1,100,55.2,2.1,5.7,95.8,5.7,36.67,0
75,7,2,0,1.26,0,0,33.6,0,0.0,38.63,1,0,33.94,1.9,6.3,96.2,6.3,100.0,0
95,16,2,1,0.63,0,0,46.63,0,0.0,30.48,1,100,33.9,0.7,4.1,98.6,4.1,50.0,1
100,25,2,1,0.57,1,0,54.17,0,0.0,20.4,1,100,40.62,8.3,25.9,83.4,25.9,100.0,1
100,30,2,1,0.74,1,0,46.59,0,0.0,13.69,1,100,29.74,0.1,13.8,99.8,13.8,50.0,0
95,21,2,1,0.9,0,0,56.12,0,0.0,16.42,1,100,37.45,3.6,16.8,92.8,16.8,45.3,1
75,22,1,1,1.02,1,1,55.65,0,0.0,36.84,1,0,27.25,2.9,9.1,94.2,9.1,100.0,0
65,153,0,1,0.42,0,1,68.55,0,0.0,31.01,1,100,50.0,4.1,2.0,91.8,2.0,100.0,0
75,54,2,1,1.12,0,1,64.96,0,0.0,24.46,1,100,41.94,1.9,7.5,96.2,7.5,100.0,1
85,32,1,0,0.42,0,1,51.02,1,0.0,32.56,1,100,50.0,5.3,39.1,89.4,39.1,100.0,1
75,63,2,1,0.96,0,1,57.64,1,0.0,21.99,1,100,33.33,1.8,12.3,96.4,12.3,59.08,0
75,96,1,1,1.45,1,1,61.94,1,0.0,25.41,1,100,53.4,1.9,7.3,96.2,7.3,61.16,0
90,11,1,0,1.11,0,1,56.34,1,0.0,19.81,1,100,32.08,2.3,1.5,95.4,1.5,100.0,1
90,11,1,0,0.67,0,1,56.43,1,0.0,16.4,1,100,37.22,1.3,3.0,97.4,3.0,100.0,0
95,28,1,0,0.77,0,1,43.73,1,0.0,20.72,1,100,34.93,3.5,7.1,93.0,7.1,48.67,0
75,38,2,1,0.3,0,0,29.87,1,0.0,27.82,1,100,35.43,0.9,4.4,98.2,4.4,50.0,0
90,29,0,0,0.52,0,1,51.47,1,0.0,28.88,1,100,52.7,0.7,7.5,98.6,7.5,44.44,0
100,16,1,0,0.98,1,1,60.64,1,0.0,11.4,1,0,26.23,0.3,6.2,98.4,5.1,36.67,0
65,7,2,1,0.81,0,1,61.43,1,0.0,32.46,1,100,50.0,0.4,1.7,99.2,1.7,100.0,0
90,5,2,0,1.0,0,1,58.48,1,0.0,35.7,1,100,50.0,1.1,5.1,97.8,5.1,50.0,0
75,9,2,0,1.11,1,0,45.82,0,0.0,30.93,1,100,36.21,2.8,13.7,94.4,13.7,50.0,0
100,61,2,0,0.75,1,1,40.39,1,0.0,25.25,1,100,42.37,0.3,7.2,99.4,7.2,100.0,0
90,83,2,0,0.66,0,1,27.33,1,0.0,24.47,1,100,44.5,1.0,7.6,98.0,7.6,100.0,1
100,15,2,0,0.88,1,1,51.72,1,0.0,22.16,1,0,31.01,1.8,11.0,96.4,11.0,100.0,0
100,20,1,0,0.57,1,1,56.61,1,0.0,29.47,1,0,32.43,1.9,11.0,96.2,11.0,48.99,0
90,58,0,1,0.5,0,0,55.52,0,0.0,22.92,1,100,41.71,5.0,12.7,90.0,12.7,50.0,0
75,207,1,1,1.64,0,1,71.57,0,0.0,44.8,1,0,19.99,4.9,10.7,90.2,10.7,59.68,0
90,165,2,0,0.4,0,0,40.47,1,0.0,33.54,1,100,59.92,2.7,2.9,94.6,2.9,36.67,0
100,264,2,0,0.86,1,0,31.86,1,0.0,38.51,1,0,29.44,0.3,5.0,99.4,5.0,66.32,0
85,71,2,0,0.66,0,1,37.49,1,0.0,20.38,1,100,50.0,1.0,2.8,98.0,2.8,100.0,0
100,16,1,0,0.84,1,1,54.57,1,0.0,17.52,1,100,53.88,2.2,3.7,95.6,3.7,100.0,0
75,12,2,1,0.34,1,1,60.27,1,0.0,30.24,1,100,44.4,4.4,4.9,91.2,4.9,31.01,0
90,26,0,0,0.67,0,1,47.65,1,0.0,21.48,1,0,26.67,1.1,5.7,97.8,5.7,100.0,0
90,32,2,0,0.33,0,1,36.66,1,0.0,30.53,1,100,50.0,4.5,3.8,91.0,3.8,100.0,1
95,8,2,0,0.79,0,1,60.08,1,0.0,26.28,1,100,43.98,3.2,5.8,93.6,5.8,100.0,1
90,18,2,0,0.7,0,1,54.87,1,0.0,18.07,1,0,50.0,0.1,4.8,99.8,4.8,36.67,1
95,8,1,0,1.01,0,1,61.01,1,0.0,18.98,1,100,51.16,1.6,1.7,96.8,1.7,100.0,1
90,10,2,1,1.32,0,0,37.33,1,0.0,26.08,1,100,55.4,1.6,5.3,96.8,5.3,100.0,1
70,116,2,0,0.41,0,0,34.94,0,0.0,31.63,1,100,58.54,4.4,16.1,91.2,16.1,36.67,1
100,55,2,1,0.92,1,0,45.23,1,0.0,14.48,1,100,60.0,0.7,4.9,98.6,4.9,61.4,1
90,20,0,1,0.51,0,0,47.12,0,0.0,49.35,1,100,45.65,1.2,12.3,97.6,12.3,100.0,0
75,29,1,0,0.52,1,0,40.53,0,0.0,21.39,1,100,50.0,1.6,16.0,96.8,16.0,50.0,1
75,6,2,0,0.54,0,0,46.11,0,0.0,34.66,1,100,41.03,6.9,15.1,86.2,15.1,100.0,0
95,30,2,1,1.18,0,0,52.84,0,0.0,18.38,1,100,39.8,0.1,9.9,99.8,9.9,51.01,1
95,7,0,1,0.79,1,0,45.2,0,0.0,14.17,1,100,35.58,0.4,15.3,99.2,15.3,50.0,0
95,10,2,1,0.33,1,0,42.42,0,0.0,34.85,1,100,48.27,5.6,16.9,88.8,16.9,100.0,1
75,265,2,1,0.97,0,1,73.86,0,0.0,44.75,1,100,29.51,1.0,25.8,98.0,25.8,50.0,1
90,29,1,0,1.42,0,1,46.18,1,0.0,17.51,1,100,45.97,8.8,18.1,82.4,18.1,61.13,0
80,9,2,0,0.49,1,0,40.19,0,0.0,36.29,1,100,46.25,1.8,2.8,96.4,2.8,50.31,0
90,19,2,1,0.82,0,0,45.94,0,0.0,19.06,1,100,50.0,4.9,9.6,90.2,9.6,30.47,1
75,13,2,1,0.27,1,0,45.67,0,0.0,22.25,1,100,38.59,0.1,8.5,99.8,8.5,50.0,0
90,13,0,0,0.75,0,1,49.5,1,0.0,13.28,1,0,35.4,1.6,3.3,96.8,3.3,100.0,0
75,123,2,0,0.08,1,1,54.92,0,0.0,36.67,1,100,53.38,3.3,72.6,93.4,72.6,50.0,0
95,39,0,1,0.49,1,1,61.58,0,0.0,22.88,1,0,36.33,0.6,20.5,98.8,20.5,100.0,0
95,30,1,0,0.28,1,1,43.34,0,0.0,17.2,1,100,54.13,2.6,17.2,94.8,17.2,43.23,1
80,20,2,0,0.88,1,0,34.75,0,0.0,36.62,1,0,50.0,4.5,2.1,91.0,2.1,100.0,0
80,262,2,1,0.83,1,0,22.5,0,0.0,47.85,1,0,30.82,1.9,17.8,96.2,17.8,50.0,0
95,20,1,1,0.48,0,0,60.43,0,0.0,13.93,1,100,37.81,7.1,13.4,85.8,13.4,56.42,0
75,15,2,1,0.69,0,1,48.09,0,0.0,14.6,1,100,44.56,0.7,10.2,98.6,10.2,50.0,0
95,51,2,0,0.91,0,1,32.67,1,0.0,22.54,1,100,37.9,7.0,19.7,86.0,19.7,100.0,0
90,112,1,0,0.3,0,1,38.25,1,0.0,25.8,1,100,62.19,9.8,47.4,80.4,47.4,36.67,1
75,12,2,1,0.33,1,1,47.38,1,0.0,12.51,1,100,50.0,0.5,4.3,99.0,4.3,100.0,0
70,6,2,1,0.54,0,1,54.66,1,0.0,24.09,1,100,50.0,3.7,7.6,92.6,7.6,100.0,1
90,107,1,0,1.54,0,1,34.04,1,0.0,23.88,1,100,41.97,2.4,24.8,95.2,24.8,100.0,0
95,31,1,0,1.01,0,1,52.36,1,0.0,27.85,1,0,24.48,0.1,12.2,99.8,12.2,100.0,1
90,87,2,0,0.54,0,1,35.58,1,0.0,36.15,1,100,52.55,7.3,9.2,85.4,9.2,50.0,0
80,61,2,0,0.75,1,0,34.65,1,0.0,22.14,1,0,34.17,4.1,14.3,91.8,14.3,100.0,0
95,62,1,0,0.59,1,0,37.93,1,0.0,27.04,1,0,28.38,0.6,11.0,98.8,11.0,100.0,1
75,17,2,1,1.04,1,1,55.57,1,0.0,13.99,1,100,54.61,6.0,8.9,88.0,8.9,36.67,0
90,22,2,1,0.87,0,0,54.06,0,0.0,24.16,1,0,50.0,2.9,7.5,94.2,7.5,54.85,0
100,13,2,0,0.86,1,1,54.77,0,0.0,19.49,1,0,27.94,3.7,12.0,92.6,12.0,100.0,0
95,55,1,0,0.91,1,1,35.35,1,0.0,18.51,1,0,26.65,0.9,3.2,98.2,3.2,50.0,0
70,280,2,0,1.25,0,0,24.03,0,0.0,38.03,1,100,50.0,8.7,26.5,82.6,26.5,28.16,1
100,18,1,0,0.65,1,1,50.48,1,0.0,18.14,1,100,46.82,9.0,7.7,82.0,7.7,38.9,0
90,22,1,0,0.91,0,1,44.14,1,0.0,26.14,1,100,50.0,3.4,8.2,93.2,8.2,68.61,0
75,37,2,1,0.54,0,1,60.34,1,0.0,26.19,1,100,43.76,3.1,1.3,93.8,1.3,50.0,1
90,17,0,1,0.6,0,0,55.6,0,0.0,17.3,1,0,34.32,7.5,10.9,85.0,10.9,36.67,0
70,34,2,0,0.68,0,0,44.62,0,0.0,21.33,1,100,49.61,1.6,14.2,96.8,14.2,100.0,0
95,70,1,0,0.36,1,1,46.47,0,0.0,14.95,1,100,54.31,2.8,13.1,94.4,13.1,100.0,0
75,8,2,0,0.76,0,0,50.74,0,0.0,39.19,1,0,31.44,0.1,7.5,99.8,7.5,100.0,1
75,16,2,0,1.26,1,0,43.24,0,0.0,30.12,1,0,36.26,0.7,12.8,98.6,12.8,59.95,1
85,6,0,1,0.78,0,0,48.98,0,0.0,19.02,1,0,50.0,2.9,8.0,94.2,8.0,100.0,0
70,226,1,1,1.34,0,1,72.54,0,0.0,40.48,1,100,50.0,0.8,22.8,98.4,22.8,100.0,0
95,8,2,0,0.57,0,1,63.56,1,0.0,32.82,1,100,52.54,0.9,2.8,98.2,2.8,100.0,0
70,8,2,1,0.94,0,1,48.76,1,0.0,21.05,1,100,50.0,1.7,10.5,96.6,10.5,100.0,1
70,84,2,0,0.45,0,0,33.06,1,0.0,36.89,1,0,21.96,7.2,10.8,85.6,10.8,43.69,1
95,30,2,0,0.64,0,0,44.36,1,0.0,20.0,1,100,45.88,7.9,11.3,84.2,11.3,45.9,0
80,43,2,0,0.58,1,0,32.93,1,0.0,24.05,1,0,37.92,0.1,15.0,99.8,15.0,50.0,1
90,17,2,1,0.57,0,0,50.03,1,0.0,21.6,1,0,30.36,2.5,13.5,95.0,13.5,66.47,0
85,75,1,0,1.22,0,1,37.8,1,0.0,36.88,1,100,50.0,1.1,11.3,97.8,11.3,37.67,1
90,111,1,0,0.24,0,0,29.64,1,0.0,39.98,1,0,25.67,2.9,4.3,94.2,4.3,100.0,0
90,30,0,0,0.71,0,1,43.69,1,0.0,19.62,1,100,50.49,5.6,5.5,88.8,5.5,100.0,0
95,46,0,0,0.42,1,1,42.26,1,0.0,20.52,1,0,40.72,4.1,6.7,91.8,6.7,100.0,0
90,14,1,1,1.19,0,0,49.78,0,0.0,23.88,1,100,50.0,5.6,13.5,88.8,13.5,60.62,0
85,18,2,1,1.0,0,1,50.95,0,0.0,17.05,1,100,50.0,1.5,11.3,97.0,11.3,100.0,0
80,22,2,1,0.74,1,1,55.69,0,1.02,9.12,1,100,53.07,2.0,9.0,96.0,9.0,50.91,1
80,6,1,1,0.42,1,1,56.24,0,0.66,16.01,1,100,56.47,0.2,3.6,99.6,3.6,100.0,0
75,142,1,1,2.68,1,1,65.07,0,0.96,26.94,1,100,55.32,0.2,10.0,99.6,10.0,50.0,0
90,8,1,0,0.8,0,1,50.11,1,1.12,22.47,1,0,32.17,0.7,10.7,98.6,10.7,50.0,0
75,35,2,0,0.83,0,0,38.88,1,1.62,28.99,1,0,40.34,3.7,6.1,92.6,6.1,36.67,0
90,32,2,1,0.79,0,1,57.65,0,0.84,24.51,1,100,57.11,1.2,5.2,97.6,5.2,100.0,0
90,12,0,0,0.48,0,1,60.98,0,1.44,55.19,1,100,37.98,6.9,6.1,86.2,6.1,85.26,1
90,20,2,1,0.91,0,0,51.34,0,0.55,36.53,1,0,50.0,0.8,18.5,98.4,18.5,50.0,0
95,12,2,1,1.01,0,0,47.02,0,0.96,19.36,1,100,52.5,6.6,17.3,86.8,17.3,50.0,1
95,10,2,1,0.37,1,0,37.71,0,0.76,44.69,1,0,50.0,1.2,6.6,97.6,6.6,50.0,0
95,21,2,0,1.64,1,1,49.2,0,1.45,18.69,1,0,26.44,5.0,5.9,90.0,5.9,50.0,0
100,29,1,0,0.63,1,1,40.15,1,0.92,16.83,1,100,52.65,1.3,10.1,97.4,10.1,50.0,0
80,93,2,1,1.04,1,1,62.63,0,0.78,22.61,1,0,28.74,2.0,20.4,96.0,20.4,100.0,0
85,10,1,1,1.33,0,0,40.91,0,0.99,26.7,1,100,50.0,0.2,8.3,99.6,8.3,100.0,0
95,61,1,1,0.63,1,0,57.69,0,0.99,23.84,1,100,43.5,1.6,23.4,96.8,23.4,50.0,1
95,15,2,0,0.92,0,1,52.46,0,1.24,27.21,1,100,58.54,3.5,9.0,93.0,9.0,100.0,0
80,189,1,0,1.07,1,0,31.45,0,1.55,26.47,1,0,28.2,7.4,37.7,85.2,37.7,100.0,0
95,32,1,0,0.92,1,1,44.63,0,1.42,15.77,1,100,42.79,4.7,22.4,90.6,22.4,100.0,0
90,10,2,0,0.52,0,1,56.56,0,1.23,21.18,1,100,53.17,7.4,4.8,85.2,4.8,40.14,0
90,14,1,0,0.92,0,0,49.28,1,1.04,12.43,1,0,37.17,0.4,18.1,99.2,18.1,100.0,0
65,15,1,1,0.66,0,1,43.42,0,1.75,20.76,1,0,50.0,4.2,12.8,91.6,12.8,50.0,1
90,244,2,0,0.54,0,0,34.52,0,0.84,30.63,1,100,47.08,5.0,13.3,90.0,13.3,100.0,0
95,10,2,1,0.71,1,0,45.35,0,1.16,25.85,1,100,48.71,7.3,15.1,85.4,15.1,100.0,1
90,21,1,1,0.76,0,0,51.26,0,1.53,17.37,1,100,53.06,3.7,22.6,92.6,22.6,100.0,0
90,135,2,0,0.76,0,0,39.69,0,1.21,33.34,1,0,38.83,2.3,72.1,95.4,72.1,100.0,1
95,21,1,1,0.84,1,0,45.91,0,0.99,36.33,1,100,34.08,3.0,11.0,94.0,11.0,100.0,0
75,110,2,0,0.39,1,0,38.43,0,1.3,35.83,1,100,54.53,3.2,25.5,93.6,25.5,41.03,0
100,32,2,1,0.62,1,0,57.16,0,0.94,23.76,1,100,56.52,3.4,6.7,93.2,6.7,36.67,0
95,22,2,1,1.38,0,0,50.44,1,1.22,32.3,1,100,46.6,0.3,13.6,99.4,13.6,43.0,1
90,10,0,0,0.47,0,1,68.59,1,1.96,49.36,1,0,38.72,4.9,5.6,90.2,5.6,100.0,0
95,34,2,1,0.86,0,0,52.49,0,1.36,15.03,1,0,34.98,2.6,22.1,94.8,22.1,100.0,0
95,16,2,0,0.82,0,1,47.37,1,0.95,20.0,1,100,48.57,3.0,5.7,94.0,5.7,89.24,0
95,14,1,0,1.05,0,1,52.56,1,1.27,17.99,1,100,61.85,5.1,9.1,89.8,9.1,43.36,0
95,71,1,0,0.47,1,0,26.01,1,1.27,29.3,1,100,48.16,7.0,3.7,86.0,3.7,60.77,0
90,32,1,1,0.66,0,0,55.88,0,1.45,19.25,1,100,55.5,6.0,14.4,88.0,14.4,68.77,0
80,14,1,0,0.36,1,0,51.62,0,1.01,22.54,1,100,50.0,6.4,7.4,87.2,7.4,40.18,0
95,5,1,1,0.67,0,0,32.2,0,0.9,30.31,1,100,55.97,0.4,4.9,99.2,4.9,50.0,0
90,11,2,1,0.75,0,0,50.99,0,1.14,10.39,1,100,36.21,2.3,9.4,95.4,9.4,100.0,0
75,27,0,0,0.89,1,0,46.4,0,1.27,18.6,1,0,36.34,1.2,29.2,97.6,29.2,50.0,0
70,70,1,1,1.17,0,1,66.78,0,1.05,31.01,1,0,27.26,1.8,8.8,96.4,8.8,50.0,1
100,17,2,1,0.54,1,0,58.86,0,0.9,13.88,1,100,51.21,7.2,9.9,85.6,9.9,36.67,1
90,42,0,0,0.97,0,1,40.46,0,1.45,25.01,1,100,45.31,0.4,11.4,99.2,11.4,50.0,0
70,14,2,0,0.81,0,0,39.41,1,1.21,18.65,1,100,45.13,6.7,6.1,86.6,6.1,100.0,0
65,11,2,0,0.85,0,0,59.65,1,2.5,22.88,1,100,50.0,0.1,3.5,99.8,3.5,50.0,0
70,5,1,0,0.81,0,0,43.58,1,0.94,21.5,1,100,50.0,0.1,3.1,99.8,3.1,50.0,0
80,10,1,1,1.1,1,1,49.2,0,0.8,18.71,1,0,32.83,0.7,4.8,98.6,4.8,100.0,0
95,7,1,1,0.76,1,0,34.44,1,1.72,25.61,1,100,46.67,2.7,11.1,94.6,11.1,50.0,0
85,7,2,1,0.49,0,0,52.64,0,1.06,12.16,1,0,50.0,1.9,5.1,96.2,5.1,100.0,1
95,13,1,0,0.74,0,1,61.43,0,0.6,29.57,1,100,41.61,0.4,6.3,99.2,6.3,100.0,0
100,28,1,1,0.73,1,0,50.34,1,1.31,18.64,1,0,37.44,2.6,15.2,94.8,15.2,36.67,0
100,16,2,1,0.52,1,0,43.03,1,0.95,40.25,1,100,34.41,0.3,16.9,99.4,16.9,50.0,1
95,98,0,1,0.39,1,0,59.38,0,1.59,18.94,1,100,50.24,3.5,21.9,93.0,21.9,100.0,0
75,5,1,0,0.65,0,0,33.96,0,1.02,44.77,1,100,39.83,0.2,3.8,99.6,3.8,50.0,0
90,8,1,1,0.57,0,1,41.37,0,0.88,26.02,1,100,50.0,2.7,6.8,94.6,6.8,49.09,0
90,10,2,0,0.43,0,1,79.83,1,1.73,31.71,1,0,28.89,1.1,4.9,97.8,4.9,50.0,0
100,6,1,1,0.34,1,0,45.36,0,0.79,10.43,1,100,45.47,3.3,6.9,93.4,6.9,100.0,1
95,24,0,1,0.76,1,0,49.53,1,1.31,30.84,1,0,29.28,0.8,13.1,98.4,13.1,50.0,0
75,9,2,1,0.7,1,1,41.35,1,1.14,28.15,1,100,40.69,3.5,6.5,93.0,6.5,100.0,0
80,236,2,1,0.6,1,1,47.1,1,2.37,38.26,1,0,31.21,2.5,8.8,95.0,8.8,100.0,0
90,11,0,1,1.1,0,0,51.66,0,1.42,18.37,1,0,21.07,10.0,4.9,80.0,4.9,91.55,1
95,22,1,1,1.24,0,0,48.96,0,1.02,35.66,1,100,32.81,1.5,16.9,97.0,16.9,50.0,0
70,155,1,0,0.44,0,0,41.63,0,1.26,30.52,1,0,22.17,0.4,8.0,99.2,8.0,50.0,1
70,57,0,0,0.79,0,0,34.39,0,2.16,32.4,1,0,39.73,0.2,0.3,99.6,0.3,50.0,1
100,30,2,0,1.83,1,1,42.2,0,0.65,13.54,1,100,46.18,7.8,24.0,84.4,24.0,50.56,0
90,15,1,0,0.88,0,1,54.01,1,1.31,33.26,1,0,40.22,0.3,13.2,99.4,13.2,50.0,1
90,17,2,0,0.62,0,1,47.83,1,0.88,31.0,1,100,50.0,5.7,7.9,88.6,7.9,100.0,0
90,8,1,1,0.66,0,0,35.86,1,0.84,31.62,1,0,50.0,2.4,6.1,95.2,6.1,53.31,0
100,13,1,0,1.15,1,1,55.45,1,0.92,18.33,1,100,37.15,1.1,8.7,97.8,8.7,25.62,0
95,22,2,0,1.07,0,1,52.47,1,1.16,42.34,1,100,55.65,4.8,10.7,90.4,10.7,100.0,1
95,274,2,0,0.84,0,0,37.07,1,2.49,22.07,1,100,62.34,7.1,8.9,85.8,8.9,100.0,1
95,196,0,1,0.9,0,1,67.3,1,1.67,34.13,1,100,45.44,2.0,12.8,96.0,12.8,100.0,0
85,29,1,0,0.4,0,1,54.56,1,1.16,21.59,1,100,50.0,0.4,5.3,99.2,5.3,56.33,0
85,45,2,1,0.57,0,0,53.25,1,0.84,16.39,1,100,50.0,0.5,8.0,99.0,8.0,50.0,0
90,7,2,1,0.77,0,0,43.15,0,0.87,42.47,1,100,50.0,1.0,8.5,98.0,8.5,100.0,0
100,36,2,1,1.43,1,0,53.27,0,1.85,24.78,1,100,34.87,2.0,20.3,96.0,20.3,63.0,0
95,6,1,0,0.34,1,1,70.78,0,1.55,29.54,1,100,54.11,1.8,6.2,96.4,6.2,100.0,0
90,124,1,1,0.36,0,1,61.42,0,1.09,43.5,1,0,17.96,0.6,25.0,98.8,25.0,50.0,0
75,31,1,1,0.45,1,1,51.86,0,1.29,29.87,1,100,57.75,3.9,7.7,92.2,7.7,35.87,0
70,42,2,1,0.54,0,1,56.63,1,0.79,26.96,1,100,50.0,2.6,15.2,94.8,15.2,50.0,1
75,27,2,1,0.62,0,1,56.25,0,1.26,12.13,1,0,25.29,3.1,15.1,93.8,15.1,100.0,0
95,11,1,0,0.88,0,1,60.01,0,1.21,37.21,1,0,24.67,3.4,6.7,93.2,6.7,100.0,0
70,48,2,0,0.57,0,0,37.4,0,1.23,29.27,1,100,50.0,6.5,7.0,87.0,7.0,100.0,1
95,19,1,1,0.66,0,0,54.59,0,0.88,12.33,1,0,36.2,2.7,15.9,94.6,15.9,100.0,0
90,44,1,1,0.49,0,0,55.26,0,0.81,16.95,1,0,33.03,1.3,4.1,97.4,4.1,50.0,1
90,34,1,1,0.75,0,0,57.61,1,0.91,20.39,1,100,46.34,1.4,11.4,97.2,11.4,36.67,0
70,9,0,1,0.96,0,1,53.47,1,1.59,23.57,1,0,36.4,0.6,1.1,98.8,1.1,50.0,0
70,25,1,1,0.91,0,1,58.27,1,1.18,34.08,1,100,50.08,5.4,3.6,89.2,3.6,67.4,0
75,40,1,1,0.44,1,1,63.9,1,1.06,27.95,1,0,30.94,0.3,8.8,99.4,8.8,100.0,0
90,14,2,0,0.69,0,1,53.41,1,1.44,13.32,1,100,48.64,0.8,14.6,98.4,14.6,62.8,0
65,13,2,0,0.97,0,0,45.69,1,1.38,22.73,1,100,50.0,0.4,0.7,99.2,0.7,56.87,1
100,45,2,1,0.87,1,0,67.79,0,0.95,31.34,1,100,50.0,0.1,11.3,99.8,11.3,50.0,0
95,25,2,1,1.26,1,0,50.78,0,0.84,13.89,1,100,48.43,3.6,6.1,92.8,6.1,100.0,0
80,20,2,0,0.86,1,0,40.36,0,0.84,15.34,1,100,57.19,2.8,7.1,94.4,7.1,43.2,0
95,14,0,1,0.64,1,0,42.49,0,0.9,44.18,1,100,56.23,2.6,1.8,94.8,1.8,36.67,0
90,9,2,1,0.79,0,0,30.32,0,1.12,46.25,1,100,44.11,0.3,3.3,99.4,3.3,57.48,0
95,9,1,1,0.88,0,0,43.86,0,0.93,36.94,1,0,26.83,5.1,5.1,89.8,5.1,100.0,0
75,21,2,0,0.63,0,0,41.65,0,1.13,17.87,1,100,57.59,4.6,7.5,90.8,7.5,36.67,1
90,14,1,1,0.5,0,0,47.22,1,0.89,40.62,1,100,50.0,3.1,7.8,93.8,7.8,69.3,1
80,46,2,0,0.76,1,0,47.89,1,1.43,21.15,1,0,33.75,4.8,20.7,90.4,20.7,100.0,0
90,29,1,0,0.65,0,1,44.22,1,0.79,24.04,1,100,61.72,8.2,5.3,83.6,5.3,100.0,1
90,10,2,1,0.75,0,0,50.17,1,1.17,24.01,1,100,45.94,3.1,4.5,93.8,4.5,100.0,0
100,12,2,1,0.5,1,0,49.18,1,0.54,14.64,1,0,25.15,0.9,6.5,98.2,6.5,100.0,0
90,13,1,1,0.64,0,0,28.17,0,1.8,44.97,1,100,42.49,3.4,5.9,93.2,5.9,31.44,1
95,59,2,1,0.61,0,0,63.69,0,0.79,27.33,1,0,25.95,3.9,8.0,92.2,8.0,100.0,0
95,55,0,0,0.76,1,1,42.75,0,0.79,19.67,1,0,36.73,3.6,20.4,92.8,20.4,100.0,0
90,143,2,1,1.02,0,1,71.23,1,1.94,31.0,1,0,42.37,3.1,14.2,93.8,14.2,100.0,0
75,156,2,0,0.12,1,0,36.56,0,0.97,32.1,1,0,22.53,0.2,11.5,99.6,11.5,100.0,0
80,9,1,1,0.66,1,1,54.45,0,0.74,14.06,1,100,43.11,2.3,6.3,95.4,6.3,100.0,0
95,34,0,0,0.3,1,1,45.58,1,1.9,22.54,1,100,53.24,1.3,15.1,97.4,15.1,28.77,0
90,39,1,0,0.76,0,1,41.48,1,1.13,29.43,1,0,27.89,3.6,6.0,92.8,6.0,78.54,1
95,19,2,1,0.59,0,0,55.2,0,1.03,21.15,1,0,22.42,3.3,4.9,93.4,4.9,100.0,0
70,154,2,1,0.52,0,1,51.75,1,2.49,36.45,1,0,23.21,0.3,6.2,99.4,6.2,100.0,0
70,9,0,1,0.83,0,1,52.64,1,2.05,14.92,1,100,46.66,5.8,5.9,88.4,5.9,92.18,0
75,36,2,1,0.82,0,1,48.23,1,1.5,18.82,1,0,26.92,3.5,5.5,93.0,5.5,100.0,1
80,9,2,1,0.5,1,1,55.31,1,0.66,18.57,1,100,43.67,0.1,2.2,99.8,2.2,50.0,0
95,48,2,0,1.33,0,1,39.51,1,0.94,20.36,1,100,54.08,0.3,16.9,99.4,16.9,50.0,0
90,11,2,0,0.9,0,1,46.49,1,0.65,11.26,1,100,38.2,4.1,1.8,91.8,1.8,36.67,1
95,18,2,0,0.82,0,1,49.95,1,1.49,29.84,1,0,32.89,3.9,6.7,92.2,6.7,100.0,0
100,95,2,1,0.61,1,0,62.87,0,0.7,26.1,1,100,51.64,0.9,18.1,98.2,18.1,29.6,0
95,90,2,0,0.62,0,1,38.87,0,1.15,17.8,1,100,56.29,5.2,7.6,89.6,7.6,26.35,0
95,15,2,1,0.35,1,0,42.96,0,1.37,35.43,1,0,38.67,0.5,7.2,99.0,7.2,50.0,1
95,17,2,0,0.89,0,1,53.95,0,1.18,41.77,1,100,44.49,2.5,6.1,95.0,6.1,100.0,1
85,23,2,0,0.79,0,1,47.62,0,0.92,19.08,1,100,50.0,0.3,13.1,99.4,13.1,51.51,1
75,15,2,1,1.05,1,1,60.36,1,1.35,17.74,1,0,25.81,7.0,7.3,86.0,7.3,100.0,1
95,23,0,1,0.9,1,0,55.09,0,0.92,22.12,1,0,37.11,1.7,7.9,96.6,7.9,44.03,0
95,6,2,1,0.12,1,0,39.2,0,0.82,17.25,1,100,47.37,1.4,2.6,97.2,2.6,50.0,1
85,15,2,1,0.24,0,0,42.82,0,2.18,39.17,1,0,50.0,2.6,3.9,94.8,3.9,100.0,0
75,23,2,1,0.6,0,1,50.62,0,0.76,9.02,1,100,64.14,0.2,11.3,99.6,11.3,100.0,0
90,13,2,1,1.39,0,0,45.35,0,0.89,47.17,1,0,50.0,3.3,11.0,93.4,11.0,100.0,0
100,9,2,1,0.67,1,0,42.22,1,0.7,43.03,1,100,40.41,1.2,7.1,97.6,7.1,40.51,1
90,15,1,1,0.38,0,0,50.27,0,1.7,20.76,1,100,52.36,1.1,13.3,97.8,13.3,100.0,0
70,10,2,1,0.48,0,1,49.3,0,1.12,11.96,1,100,50.53,0.6,0.8,98.8,0.8,69.93,1
80,22,1,0,0.73,1,0,45.25,1,1.09,18.39,1,100,58.27,8.1,5.9,83.8,5.9,28.99,1
100,28,2,0,0.44,1,0,47.66,1,1.31,13.77,1,100,50.0,2.8,7.1,94.4,7.1,42.01,0
75,7,1,0,1.2,0,0,37.85,1,1.03,40.59,1,0,33.52,1.3,5.9,97.4,5.9,50.0,0
90,29,1,1,0.49,0,0,47.68,0,1.28,32.06,1,100,42.74,0.8,7.0,98.4,7.0,58.97,0
95,15,2,0,0.43,0,0,46.4,1,1.07,19.33,1,100,42.21,2.3,6.3,95.4,6.3,44.7,0
90,12,2,0,0.76,0,1,48.71,1,1.14,25.13,1,0,33.1,6.1,3.2,87.8,3.2,42.05,0
90,14,0,0,1.3,0,1,55.56,1,1.04,25.49,1,100,49.79,1.2,6.2,97.6,6.2,52.99,0
90,10,1,1,1.26,0,0,53.78,0,1.28,17.71,1,0,35.19,4.8,8.4,90.4,8.4,100.0,1
70,13,2,1,0.99,0,1,55.65,0,0.98,26.15,1,0,33.8,0.3,2.9,99.4,2.9,50.0,0
90,21,2,0,0.43,0,1,48.62,0,1.39,28.56,1,100,48.91,3.3,7.9,93.4,7.9,50.0,0
80,12,1,1,0.66,1,1,48.75,0,1.13,16.54,1,0,27.95,2.4,11.9,95.2,11.9,26.67,0
95,25,1,0,0.64,0,1,44.8,0,0.87,29.9,1,0,18.34,0.8,17.6,98.4,17.6,100.0,0
95,14,1,0,0.81,0,1,61.49,1,0.67,41.89,1,100,47.14,2.4,7.3,95.2,7.3,40.37,0
75,13,1,1,1.08,0,1,63.36,0,0.75,42.61,1,0,25.18,46.0,142.0,8.0,100.0,100.0,1
95,14,2,1,2.08,0,0,43.23,0,0.69,40.78,1,100,41.13,193.0,154.0,0.0,100.0,100.0,0
70,95,1,0,0.94,0,0,33.42,0,1.5,19.26,1,100,70.73,169.0,100.0,0.0,100.0,100.0,1
65,46,0,1,0.69,0,1,58.8,0,1.09,24.02,1,100,50.0,98.0,281.0,0.0,100.0,36.67,1
65,9,0,1,0.94,0,1,66.45,0,0.8,40.31,1,0,50.0,4.0,89.0,92.0,89.0,26.67,0
75,11,1,1,1.01,0,1,48.28,0,1.84,24.47,1,0,30.88,116.0,105.0,0.0,100.0,35.0,0
75,55,2,0,0.58,0,0,30.91,1,1.08,32.71,1,100,47.45,1.0,63.0,98.0,63.0,100.0,1
90,39,0,1,1.35,0,0,67.89,1,1.19,38.97,1,100,76.03,176.0,265.0,0.0,100.0,60.89,0
65,11,1,1,0.65,0,1,50.48,1,1.28,21.16,1,100,50.0,47.0,179.0,6.0,100.0,100.0,0
95,34,2,1,0.64,0,0,59.64,1,0.69,26.43,1,0,40.85,213.0,532.0,0.0,100.0,67.52,1
95,51,2,0,0.41,0,0,37.98,1,1.62,21.63,1,100,50.75,128.0,187.0,0.0,100.0,100.0,0
90,46,1,1,0.6,0,1,67.1,1,1.29,36.95,1,0,50.0,145.0,242.0,0.0,100.0,54.26,1
75,12,2,0,1.63,0,0,31.1,0,0.63,55.18,1,0,29.46,109.0,393.0,0.0,100.0,100.0,0
85,62,1,1,0.82,0,0,61.24,0,1.46,13.0,1,0,50.0,40.0,144.0,20.0,100.0,100.0,1
70,5,2,0,1.05,0,0,35.16,0,0.76,61.07,1,100,50.0,66.0,128.0,0.0,100.0,100.0,0
70,18,0,0,0.74,0,0,55.74,0,1.03,39.26,1,0,13.84,67.0,131.0,0.0,100.0,50.0,0
90,89,1,0,0.79,0,1,47.93,0,0.94,11.17,1,100,46.89,21.0,388.0,58.0,100.0,100.0,1
95,40,2,0,0.51,0,0,37.32,0,0.94,20.76,1,0,32.4,192.0,1003.0,0.0,100.0,100.0,0
70,10,2,1,1.45,0,1,48.47,0,1.32,11.4,1,100,39.93,7.0,207.0,86.0,100.0,100.0,0
90,21,1,0,0.47,0,1,45.31,0,1.21,29.9,1,0,35.48,29.0,168.0,42.0,100.0,53.85,1
75,21,2,1,0.61,0,0,48.53,0,1.03,30.81,1,100,47.44,48.0,78.0,4.0,78.0,100.0,0
70,13,1,0,0.6,0,0,49.99,0,1.15,25.65,1,0,50.0,5.0,126.0,90.0,100.0,100.0,0
95,17,2,1,1.05,0,0,52.19,0,0.73,14.91,1,100,40.77,75.0,343.0,0.0,100.0,100.0,1
95,39,2,1,0.47,0,0,60.24,0,1.4,18.53,1,100,57.89,23.0,739.0,54.0,100.0,50.0,0
65,34,2,0,0.74,0,0,44.47,0,1.44,18.47,1,0,50.0,12.0,87.0,76.0,87.0,50.0,0
90,221,2,1,0.72,0,1,72.14,0,1.44,33.31,1,0,70.39,126.0,257.0,0.0,100.0,50.0,0
95,82,2,0,1.41,0,1,39.81,0,0.79,22.2,1,0,33.64,7.0,340.0,86.0,100.0,100.0,0
70,171,1,0,0.39,0,0,39.48,0,1.51,15.16,1,100,35.65,13.0,112.0,74.0,100.0,50.0,1
75,42,1,1,1.15,0,1,67.82,0,1.1,22.51,1,100,35.14,243.0,91.0,0.0,91.0,39.38,0
85,9,2,1,0.57,0,0,41.06,0,3.77,26.78,1,100,50.0,64.0,160.0,0.0,100.0,100.0,1
70,152,1,0,0.78,0,0,30.42,0,1.73,13.32,1,100,57.71,191.0,221.0,0.0,100.0,39.03,0
90,10,1,1,1.48,0,0,48.36,0,0.97,14.36,1,0,50.0,20.0,85.0,60.0,85.0,100.0,0
90,41,0,1,0.96,0,0,53.19,0,1.34,23.47,1,100,52.4,46.0,118.0,8.0,100.0,50.0,0
90,52,1,0,0.28,0,1,43.07,1,0.52,17.27,1,100,36.77,21.0,187.0,58.0,100.0,50.0,1
90,12,2,0,1.03,0,1,51.0,1,1.66,19.7,1,100,42.67,34.0,150.0,32.0,100.0,100.0,0
90,111,2,0,0.47,0,0,39.42,1,1.5,26.43,1,100,36.2,83.0,54.0,0.0,54.0,100.0,1
95,31,2,1,0.56,0,0,56.01,1,1.78,19.05,1,100,45.21,118.0,96.0,0.0,96.0,36.67,0
85,119,1,1,0.49,0,0,58.16,0,1.56,23.43,1,100,50.0,8.0,114.0,84.0,100.0,50.0,0
95,59,2,0,0.94,0,1,40.17,0,2.31,24.83,1,0,39.38,43.0,288.0,14.0,100.0,50.0,1
90,38,1,0,0.49,0,1,43.88,1,1.12,28.18,1,100,53.44,105.0,268.0,0.0,100.0,100.0,1
75,55,2,1,0.43,0,1,56.78,1,4.72,22.28,1,0,44.67,196.0,245.0,0.0,100.0,50.0,1
95,10,1,0,0.98,0,1,65.57,1,0.88,45.43,1,100,55.2,10.0,407.0,80.0,100.0,100.0,0
75,11,1,1,0.94,0,1,57.07,1,0.87,29.9,1,0,26.75,3.0,86.0,94.0,86.0,50.0,1
90,15,2,1,0.53,0,0,45.74,1,0.74,34.39,1,100,30.58,19.0,85.0,62.0,85.0,50.0,0
70,7,2,1,1.22,0,1,54.82,1,1.01,13.44,1,100,31.42,196.0,135.0,0.0,100.0,100.0,0
90,61,1,0,0.49,0,1,45.3,1,1.13,17.18,1,100,47.77,54.0,274.0,0.0,100.0,50.0,1
75,13,2,0,1.09,0,1,54.71,1,1.24,15.89,1,100,43.95,5.0,95.0,90.0,95.0,100.0,0
95,177,0,1,1.78,0,1,72.74,1,1.22,54.67,1,0,31.6,11.0,854.0,78.0,100.0,50.0,0
90,28,1,0,0.98,0,1,47.71,1,1.19,42.11,1,100,56.99,27.0,234.0,46.0,100.0,100.0,1
85,228,2,0,0.25,0,1,46.59,1,1.78,26.24,1,100,50.0,47.0,426.0,6.0,100.0,50.0,0
70,124,2,0,0.98,0,0,23.59,1,1.48,21.28,1,100,30.4,9.0,146.0,82.0,100.0,100.0,0
95,7,2,0,1.19,0,1,56.46,1,0.96,19.14,1,100,53.45,71.0,153.0,0.0,100.0,100.0,1
75,33,1,0,0.67,0,0,34.3,1,1.67,23.42,1,100,46.3,49.0,207.0,2.0,100.0,50.0,0
95,29,1,0,0.68,0,1,43.47,0,1.44,19.24,1,0,30.76,30.0,160.0,40.0,100.0,100.0,1
75,35,1,1,0.87,0,1,60.76,1,1.51,23.95,1,0,26.07,107.0,200.0,0.0,100.0,53.23,0
95,7,1,1,1.14,0,0,39.5,0,0.65,28.24,1,100,48.68,10.0,242.0,80.0,100.0,100.0,0
70,23,0,1,0.35,0,1,50.65,1,1.28,20.24,1,100,52.15,32.0,158.0,36.0,100.0,34.41,0
70,35,1,1,1.16,0,1,57.93,1,2.76,22.58,1,100,43.93,119.0,42.0,0.0,42.0,36.67,1
90,25,0,0,1.79,0,1,47.17,1,2.06,15.59,1,100,50.55,85.0,119.0,0.0,100.0,26.67,0
75,42,2,0,1.05,0,0,40.73,1,1.48,16.9,1,0,23.46,20.0,118.0,60.0,100.0,50.0,0
70,42,0,1,0.83,0,1,68.24,0,1.93,17.31,1,0,28.04,191.0,199.0,0.0,100.0,79.05,0
75,20,2,1,1.93,0,1,55.3,0,0.57,18.87,1,100,36.11,121.0,258.0,0.0,100.0,85.22,0
95,13,2,1,0.52,0,0,52.91,0,0.79,36.58,1,0,38.51,290.0,189.0,0.0,100.0,69.76,0
90,25,0,1,0.57,0,0,53.14,0,1.2,41.33,1,100,39.94,121.0,43.0,0.0,43.0,47.9,1
90,13,1,1,0.79,0,0,43.65,0,1.11,31.01,1,100,52.91,130.0,165.0,0.0,100.0,65.96,1
95,74,2,0,0.42,0,0,28.63,0,1.07,35.88,1,100,54.79,19.0,295.0,62.0,100.0,100.0,0
70,86,1,0,1.35,0,0,33.51,0,1.21,38.51,1,100,35.2,93.0,365.0,0.0,100.0,100.0,1
75,21,2,1,0.42,0,1,56.06,1,1.17,20.3,1,100,45.45,160.0,153.0,0.0,100.0,100.0,1
75,33,2,0,0.53,0,0,34.16,1,1.43,55.5,1,100,39.1,61.0,101.0,0.0,100.0,100.0,1
75,81,2,0,0.45,0,0,41.33,1,1.17,22.93,1,0,30.08,53.0,897.0,0.0,100.0,38.13,0
75,18,1,0,0.52,0,0,46.06,1,0.99,16.19,1,0,25.51,1.0,146.0,98.0,100.0,50.0,1
85,38,0,0,0.92,0,0,35.71,0,2.97,23.59,1,100,50.0,3.0,103.0,94.0,100.0,58.21,1
90,23,0,1,0.38,0,0,54.5,0,2.59,33.44,1,0,16.39,40.0,237.0,20.0,100.0,100.0,0
90,7,1,0,0.97,0,1,60.31,1,0.93,30.57,1,0,50.0,7.0,78.0,86.0,78.0,50.0,1
95,53,2,0,0.71,0,1,38.44,1,1.97,26.89,1,0,21.04,34.0,115.0,32.0,100.0,100.0,0
70,17,2,0,0.63,0,0,50.3,0,0.99,24.92,1,100,54.5,19.0,136.0,62.0,100.0,100.0,0
95,128,2,1,0.78,0,1,61.39,0,1.14,26.88,1,0,28.26,46.0,230.0,8.0,100.0,50.0,0
90,10,1,1,0.65,0,0,46.35,0,2.56,21.98,1,0,38.2,143.0,151.0,0.0,100.0,100.0,0
95,30,2,0,1.11,0,1,42.96,0,2.26,15.45,1,100,41.01,42.0,78.0,16.0,78.0,100.0,0
90,15,0,1,0.56,0,0,46.56,0,0.64,34.03,1,100,40.46,54.0,216.0,0.0,100.0,69.1,0
70,24,2,1,0.78,0,1,55.25,1,2.82,18.03,1,100,50.0,13.0,103.0,74.0,100.0,50.0,1
70,53,1,1,0.92,0,1,60.46,1,0.75,27.07,1,0,21.6,1.0,46.0,98.0,46.0,50.0,0
90,58,2,0,0.78,0,1,33.79,1,2.72,20.6,1,100,50.0,50.0,158.0,0.0,100.0,50.0,0
95,16,1,1,0.63,0,0,37.33,1,1.43,17.68,1,0,18.15,29.0,102.0,42.0,100.0,50.0,0
70,104,2,1,0.43,0,1,54.06,1,2.87,28.26,1,100,36.76,106.0,77.0,0.0,77.0,46.8,1
90,47,0,1,1.52,0,0,67.96,1,1.34,26.22,1,0,27.65,59.0,109.0,0.0,100.0,100.0,0
90,9,2,1,0.63,0,0,57.41,1,0.77,16.27,1,100,33.35,79.0,45.0,0.0,45.0,100.0,1
65,22,0,1,0.69,0,1,49.23,1,1.67,27.69,1,0,50.0,36.0,186.0,28.0,100.0,100.0,0
90,7,0,1,1.22,0,0,42.19,0,0.97,29.05,1,100,40.22,8.0,117.0,84.0,100.0,50.0,1
90,22,2,1,0.81,0,0,43.51,0,1.81,21.44,1,100,45.82,8.0,264.0,84.0,100.0,50.0,1
95,42,2,1,1.99,0,0,63.01,0,0.96,17.94,1,0,31.05,15.0,373.0,70.0,100.0,100.0,0
95,7,1,0,0.46,0,1,56.89,0,1.27,22.83,1,100,53.19,124.0,71.0,0.0,71.0,100.0,0
75,9,2,1,0.57,0,1,54.73,0,0.7,12.0,1,100,55.26,37.0,28.0,26.0,28.0,100.0,1
90,11,0,1,0.84,0,0,44.62,0,1.48,25.79,1,100,52.44,102.0,91.0,0.0,91.0,49.73,1
65,59,1,0,0.59,0,0,47.47,0,1.8,14.11,1,100,50.0,2.0,22.0,96.0,22.0,50.0,0
95,12,1,1,0.39,0,0,47.03,0,1.27,17.21,1,100,45.68,54.0,131.0,0.0,100.0,51.73,1
95,6,2,1,0.74,0,0,46.97,0,1.34,19.9,1,0,32.65,20.0,74.0,60.0,74.0,100.0,0
65,197,2,0,0.6,0,0,34.99,0,0.91,20.99,1,0,50.0,19.0,84.0,62.0,84.0,100.0,0
90,7,0,0,0.7,0,1,51.15,0,1.41,16.38,1,0,31.26,10.0,14.0,80.0,14.0,100.0,1
95,157,0,1,1.46,0,1,66.83,0,1.16,25.12,1,100,57.34,66.0,229.0,0.0,100.0,35.35,0
70,179,2,0,0.4,0,0,28.5,0,2.29,22.8,1,100,51.46,34.0,73.0,32.0,73.0,43.72,1
65,151,2,0,0.4,0,0,29.92,0,0.95,35.97,1,100,50.0,59.0,6.0,0.0,6.0,100.0,1
90,20,0,0,1.07,0,1,54.97,1,1.35,35.03,1,100,52.87,45.0,104.0,10.0,100.0,36.67,1
65,13,1,0,0.68,0,0,49.51,1,1.61,13.85,1,0,50.0,6.0,134.0,88.0,100.0,50.0,1
95,15,1,0,0.84,0,1,51.46,1,0.92,22.25,1,100,46.9,32.0,60.0,36.0,60.0,100.0,1
90,17,2,1,0.54,0,0,48.9,1,0.95,49.09,1,100,48.3,73.0,87.0,0.0,87.0,100.0,0
70,11,2,1,0.77,0,1,62.53,1,1.75,39.76,1,100,50.0,97.0,6.0,0.0,6.0,36.35,0
90,18,2,0,0.9,0,1,50.27,1,0.68,26.51,1,100,50.0,8.0,364.0,84.0,100.0,100.0,0
70,32,0,0,0.46,0,0,41.83,0,1.83,33.27,1,0,19.94,13.0,45.0,74.0,45.0,50.0,0
90,21,1,1,1.4,0,0,52.68,0,0.88,19.97,1,100,50.0,11.0,169.0,78.0,100.0,36.67,0
90,76,1,0,1.47,0,1,41.09,0,1.14,16.95,1,100,71.78,42.0,287.0,16.0,100.0,100.0,0
75,28,2,0,0.62,0,0,33.59,0,0.56,29.21,1,0,39.82,119.0,266.0,0.0,100.0,28.88,0
90,11,2,1,1.07,0,0,50.74,0,1.63,17.13,1,100,46.88,11.0,47.0,78.0,47.0,36.67,0
65,14,0,1,0.59,0,1,58.31,0,1.89,13.73,1,100,50.0,24.0,26.0,52.0,26.0,100.0,0
85,100,0,1,0.39,0,1,63.09,1,1.01,24.36,1,100,50.0,1.0,36.0,98.0,36.0,50.0,0
95,226,2,1,0.97,0,1,65.77,1,1.47,23.76,1,100,42.42,15.0,241.0,70.0,100.0,100.0,0
95,24,2,1,0.97,0,0,53.75,0,0.91,14.21,1,0,24.19,48.0,154.0,4.0,100.0,45.97,0
95,275,1,1,0.92,0,1,65.23,1,1.23,20.04,1,100,56.53,5.0,105.0,90.0,100.0,100.0,0
95,41,2,0,0.45,0,0,40.19,1,1.91,23.64,1,100,49.36,105.0,136.0,0.0,100.0,16.67,0
90,58,1,0,0.99,0,0,28.94,0,1.61,27.55,1,100,67.03,58.0,102.0,0.0,100.0,100.0,0
90,67,1,0,1.37,0,0,31.11,0,1.65,37.02,1,100,65.83,43.0,134.0,14.0,100.0,58.56,1
75,13,1,1,0.93,0,1,56.39,0,1.04,22.64,1,100,51.99,112.0,81.0,0.0,81.0,100.0,1
95,213,1,1,0.98,0,1,60.22,0,1.92,15.7,1,0,32.06,101.0,309.0,0.0,100.0,100.0,0
95,7,2,1,0.53,0,0,42.91,0,0.81,12.25,1,100,45.77,3.0,97.0,94.0,97.0,50.0,1
70,14,2,0,0.74,0,0,47.79,0,0.82,9.37,1,100,50.0,28.0,207.0,44.0,100.0,50.0,1
85,17,1,1,0.51,0,0,47.35,0,0.88,36.79,1,100,50.0,23.0,155.0,54.0,100.0,48.39,0
85,6,0,0,0.58,0,1,47.16,1,1.72,30.72,1,100,50.0,11.0,56.0,78.0,56.0,50.0,0
95,18,1,0,1.64,0,1,49.62,1,0.71,17.79,1,100,49.18,8.0,153.0,84.0,100.0,50.0,0
95,32,2,0,1.81,0,1,46.22,1,0.82,15.29,1,100,37.96,4.0,395.0,92.0,100.0,33.2,1
90,15,1,0,1.12,0,1,56.79,1,0.93,43.53,1,100,50.0,23.0,101.0,54.0,100.0,50.0,1
90,15,0,0,0.75,0,1,49.29,1,1.92,17.89,1,100,54.3,20.0,200.0,60.0,100.0,100.0,0
70,161,1,1,0.62,0,1,66.68,1,1.07,38.04,1,100,43.12,88.0,607.0,0.0,100.0,100.0,1
95,7,2,1,0.67,0,0,50.14,1,3.36,22.37,1,100,42.64,18.0,234.0,64.0,100.0,100.0,0
70,48,0,1,0.89,0,1,59.94,1,2.13,21.25,1,100,37.61,123.0,364.0,0.0,100.0,70.6,1
90,20,0,0,1.03,0,1,43.27,1,1.36,19.76,1,0,30.06,24.0,69.0,52.0,69.0,100.0,0
95,17,2,1,0.58,0,0,45.63,1,2.04,16.71,1,0,22.32,81.0,193.0,0.0,100.0,95.45,0
95,26,2,0,0.82,0,1,42.39,1,0.93,10.73,1,0,29.41,29.0,281.0,42.0,100.0,100.0,0
90,61,1,1,0.86,0,0,58.24,1,1.27,19.87,1,0,27.01,3.0,100.0,94.0,100.0,100.0,0
90,24,2,0,1.19,0,1,41.47,1,0.85,20.23,1,100,30.76,79.0,107.0,0.0,100.0,100.0,0
70,10,2,0,0.97,0,0,49.31,0,2.08,13.41,1,100,54.82,45.0,127.0,10.0,100.0,100.0,0
95,275,2,1,0.55,0,1,67.85,0,1.22,40.03,1,0,45.92,52.0,264.0,0.0,100.0,100.0,0
70,38,1,0,0.33,0,0,42.92,0,1.4,24.61,1,100,46.62,11.0,174.0,78.0,100.0,100.0,0
70,98,1,1,0.64,0,1,62.61,0,1.59,16.47,1,100,58.67,54.0,115.0,0.0,100.0,100.0,0
90,50,1,0,0.78,0,1,39.43,1,1.22,27.82,1,100,64.15,4.0,298.0,92.0,100.0,50.0,0
90,73,0,0,0.6,0,1,37.03,1,1.22,31.39,1,0,52.73,3.0,426.0,94.0,100.0,100.0,1
95,37,1,0,1.15,0,1,47.76,1,1.0,26.03,1,100,56.84,31.0,92.0,38.0,92.0,100.0,0
70,15,2,1,0.63,0,1,59.56,1,0.42,14.63,1,100,42.16,43.0,110.0,14.0,100.0,100.0,0
90,9,2,0,0.74,0,1,52.3,1,1.64,12.27,1,100,44.33,25.0,117.0,50.0,100.0,100.0,1
95,15,2,0,0.56,0,1,46.63,1,1.14,14.07,1,100,51.52,72.0,159.0,0.0,100.0,68.02,0
65,22,1,0,0.95,0,0,47.17,1,2.42,23.67,1,100,50.0,8.0,62.0,84.0,62.0,50.0,0
90,94,1,1,1.03,0,0,61.56,1,1.32,19.06,1,100,37.07,107.0,309.0,0.0,100.0,50.0,1
85,7,2,0,0.52,0,1,78.77,0,4.77,32.68,1,100,50.0,128.0,172.0,0.0,100.0,50.0,0
90,26,1,0,0.88,0,1,49.7,0,1.57,23.38,1,0,32.97,29.0,162.0,42.0,100.0,50.0,0
90,69,1,1,0.5,0,0,65.76,0,1.34,28.32,1,0,40.91,13.0,221.0,74.0,100.0,100.0,0
70,11,2,1,0.64,0,0,22.01,1,5.71,21.69,1,0,38.37,36.0,20.0,28.0,20.0,50.0,1
90,8,2,1,0.88,0,0,46.57,1,0.68,15.68,1,100,51.93,4.0,94.0,92.0,94.0,100.0,1
95,16,2,1,0.75,0,0,46.67,1,1.35,46.98,1,100,53.66,61.0,120.0,0.0,100.0,50.0,1
70,124,1,0,0.44,0,0,34.82,1,1.3,18.19,1,0,29.74,10.0,87.0,80.0,87.0,50.0,1
95,21,2,0,0.7,0,1,46.64,1,0.93,24.96,1,100,60.79,32.0,898.0,36.0,100.0,50.0,1
70,7,1,1,0.93,0,1,62.01,1,1.84,40.03,1,100,83.85,3.0,37.0,94.0,37.0,50.0,0
75,10,2,0,1.19,0,0,39.55,1,0.87,21.26,1,100,24.76,17.0,31.0,66.0,31.0,100.0,1
90,164,1,0,0.58,0,0,26.39,1,1.76,37.8,1,0,27.39,69.0,148.0,0.0,100.0,50.0,1
90,35,1,0,0.78,0,1,49.41,1,1.24,29.9,1,0,48.4,73.0,204.0,0.0,100.0,26.67,1
90,78,2,0,0.85,0,0,32.86,0,1.48,18.85,1,100,31.96,32.0,56.0,36.0,56.0,50.0,0
95,60,2,0,1.05,0,0,38.83,0,1.84,17.16,1,100,41.74,57.0,202.0,0.0,100.0,100.0,1
90,11,2,1,0.83,0,0,48.66,0,0.64,19.7,1,100,50.0,20.0,170.0,60.0,100.0,36.67,1
70,20,0,1,0.61,0,1,57.14,0,1.35,21.08,1,0,57.72,2.0,0.0,96.0,0.0,32.4,0
90,56,1,1,0.38,0,0,73.44,0,1.81,38.12,1,100,51.13,62.0,255.0,0.0,100.0,36.67,1
75,23,1,1,0.8,0,1,57.48,0,0.96,19.91,1,0,37.8,74.0,248.0,0.0,100.0,100.0,0
70,97,2,0,0.28,0,1,44.45,0,4.61,24.59,1,100,51.85,88.0,599.0,0.0,100.0,50.0,1
70,7,2,1,0.74,0,1,61.44,0,0.87,41.54,1,100,38.38,23.0,92.0,54.0,92.0,100.0,0
90,112,2,1,0.46,0,1,69.47,0,1.3,32.44,1,0,28.73,126.0,133.0,0.0,100.0,100.0,0
75,38,2,0,0.85,0,0,38.42,0,1.26,20.31,1,100,63.81,260.0,50.0,0.0,50.0,58.43,0
90,82,1,0,0.78,0,1,38.13,0,2.22,15.91,1,0,29.68,44.0,128.0,12.0,100.0,100.0,0
95,66,2,0,0.98,0,1,29.77,1,5.29,21.6,1,100,54.58,15.0,253.0,70.0,100.0,50.0,0
70,11,0,1,0.78,0,1,51.37,1,1.9,14.86,1,0,27.5,13.0,48.0,74.0,48.0,36.67,0
90,13,2,1,0.82,0,0,55.01,1,1.29,12.23,1,100,43.64,3.0,127.0,94.0,100.0,50.0,0
70,231,2,1,0.57,0,1,59.28,1,1.72,20.43,1,100,45.5,3.0,158.0,94.0,100.0,50.0,0
90,85,1,1,0.28,0,1,71.28,1,1.14,27.51,1,0,35.8,114.0,403.0,0.0,100.0,66.01,0
90,15,1,1,0.37,0,0,37.93,0,4.66,22.53,1,100,46.24,60.0,49.0,0.0,49.0,45.21,1
70,7,2,0,0.62,0,0,52.39,0,3.34,11.55,1,100,50.0,1.0,172.0,98.0,100.0,100.0,0
95,19,2,1,1.02,0,0,52.82,0,0.56,24.61,1,0,30.32,146.0,386.0,0.0,100.0,99.19,0
90,8,2,1,0.74,0,0,33.84,0,1.18,32.28,1,0,50.0,177.0,220.0,0.0,100.0,100.0,0
70,22,0,1,0.88,0,1,53.78,1,1.17,20.09,1,100,63.89,102.0,77.0,0.0,77.0,100.0,0
75,17,2,1,0.43,0,1,58.1,1,1.85,15.53,1,0,29.55,138.0,110.0,0.0,100.0,69.78,0
70,89,2,1,0.72,0,1,66.86,1,3.02,15.83,1,100,33.68,74.0,140.0,0.0,100.0,71.22,1
90,21,2,0,0.58,0,1,45.56,1,1.99,15.13,1,100,23.37,7.0,75.0,86.0,75.0,50.0,0
90,10,0,0,0.74,0,1,53.22,1,1.15,25.56,1,100,45.29,95.0,60.0,0.0,60.0,55.53,1
70,14,1,0,0.78,0,0,45.64,1,1.73,21.61,1,100,50.0,15.0,118.0,70.0,100.0,50.0,0
75,22,2,1,0.62,0,1,60.26,1,1.63,18.42,1,100,48.87,62.0,243.0,0.0,100.0,100.0,0
90,184,2,0,0.72,0,0,35.38,1,0.7,15.31,1,100,31.05,8.0,232.0,84.0,100.0,50.0,0
85,18,1,0,0.44,0,1,52.1,1,1.44,35.86,1,100,50.0,63.0,93.0,0.0,93.0,100.0,0
90,12,2,0,0.52,0,1,51.59,1,2.66,15.13,1,100,50.72,14.0,54.0,72.0,54.0,50.0,0
75,14,2,1,0.6,0,1,48.1,1,0.94,12.87,1,0,33.2,103.0,144.0,0.0,100.0,61.97,1
75,22,2,0,0.54,0,0,45.78,1,1.15,15.14,1,100,42.09,69.0,346.0,0.0,100.0,100.0,0
90,12,2,1,0.89,0,0,45.58,1,0.58,34.96,1,100,35.75,104.0,126.0,0.0,100.0,26.67,0
90,39,0,1,0.83,0,0,52.28,1,1.52,12.8,1,100,45.19,12.0,166.0,76.0,100.0,50.0,1
95,38,2,0,1.96,0,1,40.69,1,1.09,17.37,1,100,39.18,51.0,149.0,0.0,100.0,100.0,0
90,8,2,1,0.78,0,0,39.22,1,1.94,27.26,1,100,44.09,7.0,198.0,86.0,100.0,50.0,1
95,34,1,0,0.98,0,1,38.88,1,0.74,19.74,1,100,51.51,110.0,234.0,0.0,100.0,100.0,0
95,75,2,0,0.54,0,1,42.59,1,1.06,17.0,1,100,40.2,73.0,95.0,0.0,95.0,16.67,1
95,15,2,0,0.69,0,1,50.92,1,0.49,14.46,1,100,40.37,59.0,185.0,0.0,100.0,100.0,1
65,6,2,0,0.79,0,0,48.13,1,1.9,20.7,1,100,50.0,13.0,105.0,74.0,100.0,100.0,0
90,42,2,1,0.32,0,0,55.81,1,1.21,18.42,1,100,50.0,25.0,298.0,50.0,100.0,100.0,1
90,235,2,0,1.88,0,0,21.37,1,1.01,64.37,1,100,36.56,229.0,712.0,0.0,100.0,100.0,0
90,74,2,1,1.11,0,0,69.73,1,2.19,24.41,1,100,39.7,12.0,172.0,76.0,100.0,100.0,0
90,20,0,1,0.78,0,0,44.25,1,1.3,12.48,1,0,22.72,5.0,111.0,90.0,100.0,50.0,1
90,6,1,1,0.62,0,0,45.22,1,0.98,19.05,1,100,50.0,37.0,171.0,26.0,100.0,100.0,0
95,28,2,0,0.47,0,1,47.25,1,1.54,44.34,1,100,69.05,41.0,242.0,18.0,100.0,100.0,0
70,98,2,1,0.33,0,1,65.17,1,1.78,20.38,1,100,49.16,175.0,220.0,0.0,100.0,23.75,0
75,41,2,1,0.59,0,1,53.87,1,1.88,26.27,1,100,34.37,47.0,250.0,6.0,100.0,50.0,0
90,85,2,1,0.47,0,1,64.97,1,2.93,21.14,1,100,52.64,103.0,329.0,0.0,100.0,100.0,1
75,10,1,0,0.77,0,0,38.76,1,0.88,27.05,1,100,45.56,44.0,148.0,12.0,100.0,50.0,1
75,13,1,0,0.97,0,0,45.1,1,1.92,21.4,1,100,29.77,20.0,144.0,60.0,100.0,50.0,1
65,75,2,1,0.66,0,1,66.52,0,1.11,30.14,1,100,50.0,91.0,223.0,0.0,100.0,50.0,1
85,10,2,0,1.2,0,1,54.96,0,1.23,26.1,1,0,50.0,94.0,444.0,0.0,100.0,100.0,1
75,13,2,0,0.76,0,0,45.26,0,0.76,20.02,1,0,24.94,118.0,269.0,0.0,100.0,50.0,0
65,6,2,0,0.99,0,0,52.14,0,0.84,19.09,1,100,50.0,86.0,12.0,0.0,12.0,35.6,1
95,20,2,0,0.63,0,1,48.35,0,0.87,39.86,1,0,30.73,164.0,387.0,0.0,100.0,50.0,1
70,7,2,1,0.58,0,1,53.15,0,0.68,20.21,1,0,50.0,96.0,186.0,0.0,100.0,100.0,0
70,18,0,1,0.47,0,1,49.47,0,2.27,31.4,1,100,33.08,197.0,310.0,0.0,100.0,42.08,0
95,53,2,0,1.56,0,0,38.59,0,0.69,26.61,1,0,44.06,67.0,511.0,0.0,100.0,39.75,0
90,14,0,0,0.37,0,1,51.35,1,1.23,40.82,1,0,28.56,272.0,154.0,0.0,100.0,26.67,0
90,22,2,0,0.43,0,1,40.55,1,1.2,40.58,1,100,54.17,135.0,318.0,0.0,100.0,100.0,1
70,10,2,1,1.31,0,1,40.35,1,1.79,35.24,1,0,38.76,45.0,161.0,10.0,100.0,50.0,1
90,40,0,0,0.55,0,1,38.75,1,1.34,36.85,1,100,37.27,206.0,455.0,0.0,100.0,36.67,1
75,35,1,0,1.35,0,0,42.17,1,1.41,16.39,1,100,52.42,15.0,12.0,70.0,12.0,50.0,0
90,8,2,1,0.83,0,0,40.3,0,0.8,20.14,1,0,50.0,55.0,239.0,0.0,100.0,100.0,1
70,9,1,1,0.84,0,1,58.5,0,0.66,29.93,1,0,50.0,1.0,45.0,98.0,45.0,100.0,0
70,9,2,1,0.95,0,1,48.29,0,0.65,28.13,1,0,50.0,299.0,388.0,0.0,100.0,34.74,0
95,10,2,0,0.89,0,1,56.39,0,0.76,17.54,1,100,45.95,26.0,297.0,48.0,100.0,50.0,0
75,21,1,0,0.75,0,0,47.59,0,1.38,23.06,1,100,47.31,17.0,317.0,66.0,100.0,100.0,0
85,29,2,1,0.51,0,0,55.68,0,0.99,27.27,1,100,50.0,19.0,280.0,62.0,100.0,100.0,0
90,57,0,0,0.61,0,0,31.96,0,1.92,37.38,1,100,48.57,14.0,169.0,72.0,100.0,100.0,1
90,11,1,0,1.42,0,1,47.94,1,0.78,18.45,1,100,43.57,158.0,106.0,0.0,100.0,93.11,0
75,61,2,1,0.87,0,0,42.93,1,2.5,15.85,1,100,27.88,67.0,165.0,0.0,100.0,50.0,0
75,18,2,0,0.63,0,0,41.58,0,0.66,23.61,1,0,28.51,52.0,2.0,0.0,2.0,50.0,0
90,26,0,1,0.45,0,0,50.72,0,1.68,28.4,1,0,27.57,194.0,290.0,0.0,100.0,36.67,0
95,54,2,1,0.55,0,0,55.97,0,1.7,25.53,1,100,41.57,45.0,164.0,10.0,100.0,100.0,0
95,29,2,0,0.67,0,1,45.01,1,0.99,11.49,1,0,30.26,33.0,32.0,34.0,32.0,100.0,1
95,27,2,1,0.66,0,0,48.49,1,3.19,22.6,1,100,55.38,144.0,155.0,0.0,100.0,100.0,0
90,25,0,0,0.58,0,1,47.23,1,1.99,34.54,1,100,51.22,77.0,141.0,0.0,100.0,63.77,0
95,13,1,0,0.6,0,1,54.29,1,1.01,36.22,1,100,41.53,129.0,189.0,0.0,100.0,100.0,1
90,18,2,0,0.76,0,1,56.99,1,2.36,14.91,1,0,35.96,14.0,378.0,72.0,100.0,50.0,1
70,265,2,0,0.86,0,0,33.54,1,1.07,30.65,1,100,40.0,89.0,46.0,0.0,46.0,100.0,0
85,7,0,1,0.47,0,0,42.95,1,2.76,24.43,1,100,50.0,13.0,167.0,74.0,100.0,100.0,1
70,56,2,1,0.78,0,1,52.97,0,1.45,9.41,1,100,48.28,26.0,410.0,48.0,100.0,100.0,1
95,12,1,1,0.67,0,0,49.08,0,0.79,11.0,1,0,36.96,240.0,135.0,0.0,100.0,74.51,0
70,106,2,1,1.59,0,1,56.67,0,1.35,12.03,1,0,21.38,17.0,677.0,0.0,100.0,100.0,0
95,19,1,0,0.65,0,1,47.64,0,0.77,15.37,1,0,23.9,70.0,205.0,0.0,100.0,50.0,0
75,23,2,1,1.21,0,1,51.79,0,1.08,20.37,1,100,45.97,17.0,217.0,66.0,100.0,50.0,0
85,6,2,1,0.82,0,0,35.6,0,2.18,20.84,1,0,50.0,22.0,132.0,56.0,100.0,50.0,0
90,34,2,0,0.97,0,1,37.36,1,1.47,20.98,1,0,50.0,4.0,209.0,92.0,100.0,36.67,1
85,32,1,0,0.83,0,1,46.82,1,0.55,15.91,1,100,50.0,6.0,397.0,88.0,100.0,50.0,0
75,12,2,0,1.55,0,0,36.72,1,0.78,42.57,1,100,33.85,33.0,29.0,34.0,29.0,50.0,1
95,9,1,0,1.08,0,1,55.58,1,0.79,36.4,1,0,38.4,75.0,255.0,0.0,100.0,100.0,1
75,186,1,0,1.13,0,0,32.66,1,0.65,31.16,1,100,44.15,44.0,350.0,12.0,100.0,51.6,0
90,10,2,1,1.2,0,0,49.98,1,1.25,16.81,1,100,54.11,80.0,241.0,0.0,100.0,68.44,1
70,8,2,1,0.78,0,1,51.13,1,0.67,12.19,1,0,19.26,8.0,149.0,84.0,100.0,100.0,0
70,49,0,1,0.96,0,1,63.47,1,1.71,22.51,1,100,47.76,21.0,122.0,58.0,100.0,100.0,0
70,79,1,1,0.74,0,1,71.28,1,1.15,35.75,1,100,58.35,58.0,88.0,0.0,88.0,46.07,0
90,48,0,1,1.25,0,0,66.73,1,1.79,26.3,1,100,61.36,100.0,222.0,0.0,100.0,47.9,0
90,88,2,0,0.66,0,1,31.11,1,1.38,27.53,1,0,26.06,29.0,607.0,42.0,100.0,50.0,1
90,9,0,1,0.58,0,0,41.74,1,0.72,28.15,1,100,42.54,12.0,157.0,76.0,100.0,50.0,0
90,10,1,1,0.83,0,0,46.82,0,0.68,15.84,1,0,35.93,54.0,167.0,0.0,100.0,100.0,0
75,189,1,0,1.19,0,0,35.39,0,1.02,47.39,1,100,36.63,101.0,199.0,0.0,100.0,100.0,0
65,190,0,1,2.22,0,1,62.71,1,1.92,51.75,1,0,50.0,75.0,1301.0,0.0,100.0,36.67,0
95,232,2,0,0.56,0,1,70.24,1,8.31,27.55,1,100,41.68,61.0,229.0,0.0,100.0,50.0,0
95,17,2,1,1.45,0,0,45.63,0,0.7,32.24,1,100,40.56,24.0,585.0,52.0,100.0,100.0,0
75,16,1,1,0.64,0,1,55.48,1,1.39,21.71,1,100,57.82,50.0,58.0,0.0,58.0,100.0,1
95,39,1,1,0.91,0,0,65.12,1,1.8,27.86,1,100,46.11,37.0,257.0,26.0,100.0,50.0,1
70,130,0,0,1.87,0,0,20.81,1,1.22,37.9,1,100,30.64,97.0,468.0,0.0,100.0,91.12,0
95,11,2,0,1.5,0,1,54.37,1,1.2,21.29,1,100,40.62,144.0,385.0,0.0,100.0,50.0,1
90,28,0,0,1.89,0,1,51.34,1,1.23,30.13,1,100,55.08,88.0,152.0,0.0,100.0,50.0,0
90,33,2,0,0.38,0,1,47.48,1,1.09,14.37,1,100,50.0,52.0,139.0,0.0,100.0,100.0,1
90,62,0,0,0.47,0,0,29.65,1,2.65,42.9,1,100,63.67,184.0,356.0,0.0,100.0,100.0,0
90,217,1,0,0.57,0,0,38.11,1,0.9,38.04,1,0,18.2,54.0,1100.0,0.0,100.0,100.0,1
95,10,1,0,1.17,0,1,53.28,1,0.89,16.04,1,100,52.58,20.0,142.0,60.0,100.0,50.0,1
90,151,1,0,0.39,0,1,41.9,1,0.93,24.15,1,0,27.47,209.0,194.0,0.0,100.0,100.0,1
90,16,2,0,0.78,0,1,51.9,1,1.27,40.02,1,0,50.0,130.0,393.0,0.0,100.0,100.0,0
95,31,2,0,0.59,0,1,43.92,1,1.57,35.11,1,0,38.95,21.0,392.0,58.0,100.0,100.0,0
70,13,1,0,1.68,0,0,48.81,1,1.91,14.62,1,100,51.59,39.0,275.0,22.0,100.0,100.0,0
70,158,1,0,0.61,0,0,29.85,1,1.78,22.72,1,0,31.19,275.0,223.0,0.0,100.0,67.76,0
65,199,2,1,0.94,0,1,66.78,1,1.7,15.07,1,100,50.0,144.0,220.0,0.0,100.0,100.0,1
95,28,2,1,1.26,0,0,56.92,0,0.71,16.24,1,100,81.3,22.0,497.0,56.0,100.0,100.0,0
95,15,1,0,0.6,0,0,49.25,0,1.68,19.22,1,100,43.53,144.0,165.0,0.0,100.0,100.0,1
70,24,2,0,1.29,0,0,38.84,0,0.87,20.81,1,100,50.0,61.0,244.0,0.0,100.0,100.0,0
90,12,2,0,0.61,0,1,56.57,1,1.79,20.01,1,100,50.33,61.0,216.0,0.0,100.0,100.0,1
95,53,2,0,0.27,0,1,37.3,1,1.44,22.76,1,100,53.83,275.0,526.0,0.0,100.0,77.82,1
70,4,2,1,0.51,0,1,50.4,1,0.69,17.2,1,100,50.0,9.0,53.0,82.0,53.0,50.0,0
90,45,1,0,0.87,0,1,33.54,1,0.99,17.28,1,100,60.51,60.0,567.0,0.0,100.0,100.0,0
95,19,1,0,1.02,0,1,41.49,1,0.91,22.16,1,100,55.46,182.0,230.0,0.0,100.0,43.53,0
95,24,1,0,1.1,0,1,39.77,1,1.6,29.15,1,100,34.62,159.0,132.0,0.0,100.0,51.56,0
70,95,1,0,1.31,0,0,34.44,1,1.43,30.83,1,100,48.63,25.0,643.0,50.0,100.0,100.0,0
85,18,0,0,0.83,0,1,47.24,1,1.71,18.77,1,100,50.0,51.0,247.0,0.0,100.0,100.0,0
85,90,1,0,0.48,0,1,39.97,1,2.34,18.83,1,100,50.0,37.0,327.0,26.0,100.0,50.0,1
70,23,2,1,0.61,0,1,53.5,1,1.27,28.29,1,100,50.0,1.0,322.0,98.0,100.0,50.0,0
95,9,2,0,1.27,0,1,49.84,1,0.91,19.07,1,100,56.87,45.0,362.0,10.0,100.0,50.0,0
75,27,2,0,1.16,0,0,42.28,1,3.28,13.7,1,100,50.09,32.0,61.0,36.0,61.0,100.0,0
75,22,1,0,0.75,0,0,44.39,1,0.89,19.6,1,100,42.27,220.0,366.0,0.0,100.0,100.0,0
85,13,2,0,0.84,0,1,50.14,1,1.37,27.0,1,100,50.0,20.0,709.0,60.0,100.0,50.0,0
75,86,2,0,0.53,0,0,37.74,0,0.84,25.55,1,100,52.32,155.0,879.0,0.0,100.0,63.19,0
90,69,0,1,0.53,0,0,57.11,0,2.43,15.06,1,0,31.18,12.0,261.0,76.0,100.0,27.45,0
85,7,2,1,0.7,0,0,36.53,0,1.88,17.33,1,0,50.0,53.0,118.0,0.0,100.0,100.0,0
75,88,2,0,0.51,0,0,37.74,1,1.07,29.02,1,100,53.87,207.0,946.0,0.0,100.0,53.53,1
85,16,2,0,0.64,0,1,46.48,0,1.43,10.17,1,0,50.0,61.0,294.0,0.0,100.0,66.4,0
70,49,1,1,0.27,0,1,60.16,0,1.4,17.36,1,0,17.98,286.0,180.0,0.0,100.0,86.17,0
90,16,1,1,0.71,0,0,49.09,0,0.86,20.25,1,0,39.12,49.0,522.0,2.0,100.0,62.82,0
75,12,2,1,0.95,0,1,54.0,0,0.64,13.02,1,100,49.1,287.0,264.0,0.0,100.0,58.69,0
85,10,2,0,0.64,0,1,49.29,0,0.96,15.04,1,100,50.0,120.0,171.0,0.0,100.0,45.81,0
70,120,2,1,0.43,0,1,78.19,1,1.58,34.48,1,0,21.97,56.0,57.0,0.0,57.0,50.0,0
90,69,2,0,0.61,0,1,39.46,1,3.19,25.94,1,100,50.0,71.0,272.0,0.0,100.0,50.0,1
90,105,2,0,0.78,0,0,32.21,1,1.44,32.69,1,0,26.78,32.0,344.0,36.0,100.0,50.0,1
70,22,2,1,0.91,0,1,52.04,1,1.26,23.93,1,100,50.0,183.0,535.0,0.0,100.0,51.99,0
90,77,1,1,0.67,0,0,64.95,0,0.75,31.52,1,100,43.56,15.0,161.0,70.0,100.0,100.0,0
75,9,2,1,1.42,0,1,51.48,1,1.06,12.66,1,0,37.11,162.0,337.0,0.0,100.0,100.0,1
90,10,2,0,1.51,0,1,50.99,1,0.81,11.3,1,100,50.0,34.0,236.0,32.0,100.0,100.0,0
90,75,2,0,0.68,0,1,36.15,0,1.26,18.03,1,100,50.0,158.0,356.0,0.0,100.0,60.65,0
90,139,1,1,0.79,0,1,68.22,0,1.74,29.25,1,100,56.95,44.0,137.0,12.0,100.0,50.0,0
70,94,2,0,0.56,0,0,40.22,0,2.61,25.61,1,100,40.63,3.0,207.0,94.0,100.0,50.0,1
95,11,1,0,1.38,0,1,56.72,1,1.5,28.66,1,100,52.03,61.0,150.0,0.0,100.0,100.0,0
75,11,1,1,0.74,0,1,58.48,1,1.84,19.5,1,0,34.65,64.0,262.0,0.0,100.0,50.0,1
90,13,2,1,0.5,0,0,43.78,1,2.49,18.6,1,100,45.24,122.0,331.0,0.0,100.0,50.0,1
90,21,0,1,0.51,0,0,53.37,0,1.22,13.22,1,100,38.0,46.0,139.0,8.0,100.0,44.48,0
90,14,0,1,0.74,0,0,49.11,0,3.39,32.26,1,100,49.06,197.0,151.0,0.0,100.0,100.0,0
90,24,1,0,0.94,0,1,42.28,0,1.45,33.12,1,100,35.72,25.0,49.0,50.0,49.0,50.0,1
70,24,1,1,0.52,0,1,55.44,0,0.67,19.51,1,100,58.03,8.0,224.0,84.0,100.0,50.0,1
95,44,2,1,0.52,0,0,49.03,0,1.73,14.69,1,100,42.52,28.0,191.0,44.0,100.0,16.67,0
65,6,0,1,0.89,0,1,45.14,0,2.06,14.68,1,100,50.0,39.0,115.0,22.0,100.0,50.0,0
90,8,1,0,0.79,0,1,61.97,1,1.97,19.46,1,100,47.07,78.0,139.0,0.0,100.0,50.0,0
90,79,2,1,0.61,0,1,63.26,0,2.78,22.03,1,100,52.86,251.0,310.0,0.0,100.0,52.96,0
90,46,0,1,0.55,0,0,52.63,0,2.08,19.91,1,100,49.73,5.0,469.0,90.0,100.0,100.0,0
85,73,1,1,1.04,0,1,63.91,0,1.23,16.61,1,100,50.0,64.0,144.0,0.0,100.0,100.0,0
90,13,2,1,1.17,0,0,40.59,1,0.96,20.0,1,100,32.6,43.0,148.0,14.0,100.0,100.0,1
85,12,2,0,0.65,0,0,53.98,1,0.86,15.97,1,100,50.0,51.0,274.0,0.0,100.0,100.0,0
70,25,2,0,0.68,0,0,41.91,1,1.04,15.3,1,0,36.06,4.0,187.0,92.0,100.0,100.0,1
65,67,1,1,1.51,0,1,59.33,1,1.98,24.03,1,100,50.0,25.0,335.0,50.0,100.0,50.0,0
95,26,2,0,0.96,0,1,48.81,1,2.03,26.33,1,100,34.56,89.0,187.0,0.0,100.0,42.23,0
70,118,2,1,0.33,0,1,67.33,1,1.15,16.85,1,100,56.4,14.0,385.0,72.0,100.0,100.0,1
85,8,2,0,0.59,0,1,61.52,1,1.31,30.48,1,100,50.0,78.0,217.0,0.0,100.0,50.0,0
90,14,1,0,0.49,0,1,45.98,1,1.15,20.84,1,100,43.65,116.0,155.0,0.0,100.0,36.67,1
70,8,2,1,1.05,0,1,51.1,1,0.87,21.52,1,0,26.65,31.0,120.0,38.0,100.0,50.0,0
95,55,2,1,0.64,0,0,52.94,1,1.37,25.63,1,0,35.23,159.0,749.0,0.0,100.0,50.0,0
75,40,1,1,0.97,0,1,58.95,1,1.51,16.23,1,0,36.35,57.0,490.0,0.0,100.0,100.0,0
75,31,2,1,0.89,0,1,59.81,1,2.2,13.33,1,0,37.92,127.0,373.0,0.0,100.0,100.0,1
65,41,1,1,0.45,0,1,59.14,1,2.5,33.75,1,100,50.0,100.0,439.0,0.0,100.0,100.0,1
75,33,2,1,0.76,0,1,70.4,1,1.02,18.65,1,100,45.54,8.0,23.0,84.0,23.0,100.0,0
70,12,2,1,0.6,0,1,53.82,1,0.88,11.66,1,100,37.8,14.0,194.0,72.0,100.0,100.0,0
65,8,0,1,0.48,0,1,58.31,1,1.81,37.27,1,0,50.0,67.0,112.0,0.0,100.0,37.98,0
85,9,2,0,1.15,0,1,52.66,1,0.84,20.57,1,100,50.0,8.0,161.0,84.0,100.0,100.0,0
95,62,2,0,0.24,0,1,39.85,1,1.13,15.19,1,0,24.0,144.0,808.0,0.0,100.0,100.0,1
75,17,2,1,0.73,0,1,51.02,1,0.78,20.42,1,0,21.3,37.0,424.0,26.0,100.0,57.17,0
85,10,2,0,1.1,0,1,56.0,1,0.77,17.71,1,100,50.0,23.0,206.0,54.0,100.0,50.0,0
90,44,0,1,0.61,0,0,61.32,1,1.27,24.37,1,100,62.65,135.0,183.0,0.0,100.0,100.0,0
95,9,1,1,0.54,0,0,45.49,1,1.03,12.16,1,100,49.93,5.0,215.0,90.0,100.0,50.0,1
90,9,1,0,0.96,0,1,57.49,1,1.28,36.35,1,0,50.0,2.0,113.0,96.0,100.0,50.0,1
95,23,2,0,0.85,0,0,49.43,1,1.07,14.9,1,100,43.32,99.0,523.0,0.0,100.0,100.0,0
75,28,2,0,0.91,0,0,42.33,1,2.19,24.99,1,100,41.5,101.0,195.0,0.0,100.0,100.0,1
95,12,1,0,0.76,0,1,53.81,1,1.0,16.63,1,100,42.67,115.0,288.0,0.0,100.0,62.2,0
85,7,0,1,1.03,0,0,34.93,1,1.41,24.58,1,0,50.0,15.0,153.0,70.0,100.0,50.0,0
75,163,0,0,1.89,0,0,22.21,0,1.28,53.37,1,100,52.38,269.0,697.0,0.0,100.0,56.42,0
75,10,1,0,0.45,0,0,57.68,0,1.36,24.46,1,0,26.2,165.0,357.0,0.0,100.0,50.0,0
90,27,2,1,1.04,0,0,50.54,0,1.1,16.61,1,100,40.73,300.0,270.0,0.0,100.0,100.0,0
95,32,2,0,0.54,0,1,53.02,0,1.95,33.71,1,100,38.07,158.0,233.0,0.0,100.0,100.0,1
85,115,0,0,1.78,0,0,34.26,1,0.61,34.18,1,100,50.0,20.0,726.0,60.0,100.0,50.0,0
75,22,1,0,0.73,0,0,37.94,1,0.75,34.58,1,100,45.43,145.0,81.0,0.0,81.0,100.0,0
90,24,2,1,1.44,0,0,50.06,0,1.05,29.87,1,100,42.08,109.0,931.0,0.0,100.0,100.0,1
95,15,2,0,0.78,0,1,57.84,1,1.25,51.01,1,100,38.5,166.0,227.0,0.0,100.0,36.67,0
65,36,1,1,0.4,0,1,64.48,1,1.15,45.2,1,100,50.0,90.0,338.0,0.0,100.0,50.0,0
95,29,2,0,2.25,0,1,40.96,1,1.29,19.87,1,100,60.43,75.0,591.0,0.0,100.0,67.34,1
90,47,2,0,0.31,0,1,41.75,1,2.37,40.88,1,100,50.0,49.0,174.0,2.0,100.0,50.0,0
90,22,2,0,0.56,0,1,42.33,1,2.47,27.89,1,0,33.93,30.0,455.0,40.0,100.0,50.0,1
90,7,2,1,1.38,0,0,41.53,1,0.95,30.67,1,100,50.0,129.0,276.0,0.0,100.0,100.0,0
90,153,1,0,1.93,0,0,36.13,1,0.95,27.07,1,100,57.48,30.0,1113.0,40.0,100.0,100.0,0
90,46,0,1,0.44,0,0,60.15,1,0.95,27.74,1,0,30.93,118.0,286.0,0.0,100.0,45.08,1
90,91,2,0,1.27,0,0,36.63,1,1.94,22.98,1,0,34.43,46.0,758.0,8.0,100.0,70.02,0
85,20,2,0,0.83,0,1,46.18,1,1.19,19.42,1,0,50.0,28.0,251.0,44.0,100.0,50.0,0
70,28,2,0,0.36,0,0,44.42,1,1.02,32.91,1,100,50.0,66.0,698.0,0.0,100.0,100.0,0
70,243,2,0,1.62,0,0,28.22,0,1.26,33.34,1,100,59.92,191.0,1018.0,0.0,100.0,50.0,0
70,13,1,1,0.87,0,1,52.83,0,0.56,25.8,1,100,50.0,17.0,685.0,66.0,100.0,100.0,0
65,87,2,1,1.05,0,1,62.31,1,2.91,25.39,1,100,50.0,41.0,430.0,18.0,100.0,50.0,1
70,10,0,0,0.65,0,0,49.55,1,0.92,20.73,1,100,37.62,111.0,343.0,0.0,100.0,36.67,0
90,24,1,1,0.93,0,0,57.76,0,1.53,15.1,1,100,33.65,63.0,377.0,0.0,100.0,100.0,0
85,10,2,0,0.64,0,1,58.11,1,1.22,26.69,1,100,50.0,118.0,529.0,0.0,100.0,100.0,0
70,37,1,0,1.02,0,0,37.97,1,1.35,26.44,1,0,27.08,156.0,693.0,0.0,100.0,100.0,1
70,7,1,0,0.67,0,0,54.0,1,0.7,11.24,1,100,36.88,31.0,239.0,38.0,100.0,50.0,1
95,12,1,0,0.8,0,1,54.6,1,1.03,11.7,1,100,45.88,64.0,418.0,0.0,100.0,100.0,0
65,30,0,0,0.66,0,0,45.6,0,3.05,14.1,1,100,50.0,51.0,425.0,0.0,100.0,100.0,0
95,7,2,1,1.08,0,0,43.38,0,0.66,29.79,1,0,29.53,157.0,382.0,0.0,100.0,100.0,0
90,8,1,1,1.08,0,0,43.23,0,1.13,15.12,1,100,34.63,88.0,339.0,0.0,100.0,100.0,1
85,80,2,0,0.56,0,1,39.26,0,1.79,19.3,1,100,50.0,15.0,762.0,70.0,100.0,100.0,0
90,8,2,0,0.68,0,1,54.59,0,0.58,10.79,1,100,50.0,23.0,357.0,54.0,100.0,100.0,0
90,21,2,0,0.62,0,1,50.59,0,1.78,26.94,1,100,50.0,71.0,335.0,0.0,100.0,100.0,1
90,7,1,0,0.75,0,1,50.62,1,0.66,13.91,1,100,50.0,59.0,284.0,0.0,100.0,100.0,0
75,14,2,1,0.4,0,1,55.57,1,0.98,19.73,1,100,34.4,109.0,688.0,0.0,100.0,100.0,1
90,23,0,0,0.75,0,1,51.11,1,1.04,15.94,1,100,32.9,23.0,448.0,54.0,100.0,100.0,0
95,21,1,0,1.08,0,1,50.21,1,0.77,33.37,1,100,43.66,155.0,341.0,0.0,100.0,60.74,0
90,81,2,0,0.47,0,0,45.97,1,1.44,25.98,1,0,34.09,120.0,211.0,0.0,100.0,39.42,0
85,86,2,0,0.3,0,0,39.32,1,1.06,27.81,1,100,50.0,178.0,529.0,0.0,100.0,50.0,0
90,26,2,0,0.86,0,1,40.05,1,1.12,21.78,1,100,69.03,291.0,489.0,0.0,100.0,36.67,0
85,7,0,0,0.97,0,1,50.54,1,0.67,16.01,1,100,50.0,45.0,249.0,10.0,100.0,51.7,0
95,15,1,1,0.55,0,0,48.73,1,1.35,20.79,1,0,21.48,44.0,166.0,12.0,100.0,50.0,1
70,6,2,1,0.83,0,1,57.8,1,0.66,11.98,1,0,50.0,12.0,195.0,76.0,100.0,100.0,1
90,7,0,1,0.63,0,0,38.29,0,1.66,24.74,1,100,49.29,5.0,103.0,90.0,100.0,100.0,1
75,31,1,0,0.76,0,0,42.82,0,1.59,20.53,1,100,43.37,67.0,188.0,0.0,100.0,100.0,0
95,7,1,0,0.98,0,1,57.22,0,0.77,35.18,1,100,41.36,87.0,238.0,0.0,100.0,100.0,1
75,6,2,1,0.33,0,1,51.75,1,1.41,28.16,1,100,40.73,198.0,281.0,0.0,100.0,100.0,1
95,40,2,0,1.71,0,1,37.11,1,1.42,27.36,1,100,58.69,66.0,464.0,0.0,100.0,50.0,1
70,9,1,0,0.84,0,0,49.41,0,0.7,28.9,1,100,50.0,20.0,608.0,60.0,100.0,100.0,0
75,238,2,0,1.04,0,0,33.51,0,1.73,21.33,1,100,54.52,132.0,567.0,0.0,100.0,100.0,0
75,267,2,0,0.62,0,0,27.45,0,1.2,25.47,1,0,30.81,216.0,435.0,0.0,100.0,65.78,1
95,15,1,1,0.93,0,1,46.2,0,0.64,31.97,1,100,74.4,121.0,566.0,0.0,100.0,62.42,1
90,115,1,0,1.24,0,0,29.2,0,1.29,41.7,1,100,65.16,197.0,630.0,0.0,100.0,100.0,1
90,189,1,0,0.69,0,0,35.05,0,0.93,31.04,1,0,50.0,59.0,339.0,0.0,100.0,100.0,0
65,36,0,0,1.5,0,0,38.27,0,1.67,24.19,1,0,50.0,129.0,357.0,0.0,100.0,31.83,0
75,32,1,0,0.78,0,0,34.83,0,1.34,21.29,1,100,46.22,164.0,249.0,0.0,100.0,35.04,0
95,11,2,0,0.96,0,1,59.45,0,0.63,41.85,1,100,27.01,122.0,346.0,0.0,100.0,48.12,0
75,16,2,1,0.6,0,1,61.36,0,0.78,30.16,1,100,36.52,22.0,76.0,56.0,76.0,100.0,0
95,25,2,0,1.29,0,1,41.36,1,0.64,25.81,1,0,44.54,215.0,251.0,0.0,100.0,33.33,0
90,180,0,1,1.38,0,1,73.85,1,1.21,35.56,1,100,41.82,187.0,1182.0,0.0,100.0,100.0,0
90,115,2,0,0.67,0,0,40.77,1,2.44,31.3,1,100,53.39,213.0,243.0,0.0,100.0,100.0,0
70,129,2,0,0.48,0,0,38.29,1,1.78,26.85,1,0,36.18,4.0,441.0,92.0,100.0,50.0,0
65,12,2,0,0.53,0,0,45.22,1,1.67,18.85,1,0,50.0,40.0,197.0,20.0,100.0,100.0,0
95,14,1,0,0.87,0,1,50.62,1,2.19,33.3,1,100,40.39,172.0,413.0,0.0,100.0,100.0,1
90,45,0,0,0.66,0,1,42.79,1,0.91,18.26,1,100,45.73,87.0,269.0,0.0,100.0,42.09,1
85,7,0,1,0.9,0,0,40.74,1,1.36,18.46,1,100,50.0,58.0,189.0,0.0,100.0,50.0,0
70,5,0,0,0.57,0,0,51.9,1,0.68,32.04,1,0,29.67,129.0,36.0,0.0,36.0,100.0,0
65,15,2,0,0.73,0,0,42.52,0,0.72,13.85,1,100,50.0,29.0,216.0,42.0,100.0,100.0,1
95,8,2,1,0.67,0,1,46.29,0,0.65,15.56,1,100,46.25,152.0,223.0,0.0,100.0,100.0,0
95,14,2,1,0.69,0,0,43.45,0,0.63,37.88,1,100,34.51,31.0,684.0,38.0,100.0,100.0,1
90,11,0,1,1.57,0,0,48.84,0,0.94,17.66,1,0,32.97,62.0,183.0,0.0,100.0,100.0,0
70,41,1,1,0.5,0,1,62.43,0,1.07,25.74,1,100,32.8,1.0,165.0,98.0,100.0,50.0,0
90,60,0,1,1.69,0,1,60.77,1,1.1,28.73,1,100,55.96,40.0,513.0,20.0,100.0,100.0,1
90,9,0,0,0.62,0,1,64.11,0,1.16,26.38,1,100,66.76,85.0,80.0,0.0,80.0,100.0,0
95,60,2,1,0.8,0,1,53.13,0,1.72,15.84,1,100,64.14,94.0,669.0,0.0,100.0,50.0,1
90,16,0,0,1.01,0,1,49.5,0,2.58,11.45,1,100,41.54,16.0,243.0,68.0,100.0,63.55,0
95,137,0,1,1.37,0,0,66.08,0,0.75,20.52,1,100,28.81,7.0,211.0,86.0,100.0,50.0,0
90,35,1,0,1.09,0,1,48.76,0,1.21,16.62,1,100,66.92,26.0,453.0,48.0,100.0,82.95,1
90,6,1,0,1.11,0,1,55.98,0,1.21,19.26,1,0,50.0,2.0,197.0,96.0,100.0,50.0,1
90,9,2,1,0.66,0,0,43.12,0,2.09,18.19,1,0,30.38,19.0,188.0,62.0,100.0,100.0,1
90,27,1,0,0.87,0,1,46.37,1,1.24,15.07,1,100,36.49,71.0,354.0,0.0,100.0,100.0,0
85,19,0,0,0.56,0,1,43.69,1,1.4,17.13,1,100,50.0,3.0,88.0,94.0,88.0,72.73,1
90,5,1,0,0.63,0,0,44.0,1,0.71,15.98,1,0,50.0,43.0,174.0,14.0,100.0,100.0,0
65,17,0,0,0.69,0,0,47.41,1,1.15,21.72,1,100,50.0,7.0,69.0,86.0,69.0,35.56,0
75,27,2,0,1.21,0,0,44.04,1,1.27,25.48,1,100,51.73,6.0,330.0,88.0,100.0,100.0,0
90,99,1,0,0.76,0,0,32.33,1,1.27,30.88,1,100,48.35,79.0,507.0,0.0,100.0,100.0,1
90,81,2,0,0.4,0,1,35.05,1,0.77,26.65,1,0,37.35,34.0,804.0,32.0,100.0,41.39,0
75,28,2,0,0.88,0,0,38.53,1,0.63,16.43,1,100,51.35,267.0,253.0,0.0,100.0,100.0,1
75,9,2,1,1.04,0,1,63.31,1,0.54,34.46,1,0,23.13,130.0,71.0,0.0,71.0,100.0,1
75,9,2,1,0.97,0,1,53.71,1,0.6,22.11,1,0,20.14,80.0,205.0,0.0,100.0,100.0,0
70,9,1,1,1.53,0,1,65.32,1,1.21,53.63,1,100,39.34,38.0,240.0,24.0,100.0,50.0,0
75,46,2,1,0.62,0,1,56.41,1,1.04,12.88,1,100,49.36,28.0,1088.0,44.0,100.0,50.0,1
90,16,2,0,0.43,0,1,60.42,1,3.25,14.07,1,100,46.21,108.0,462.0,0.0,100.0,50.0,1
90,13,1,0,1.11,0,1,54.38,1,1.46,14.05,1,0,50.0,30.0,496.0,40.0,100.0,50.0,0
70,228,2,1,0.55,0,1,70.13,1,2.34,27.32,1,0,23.9,123.0,1594.0,0.0,100.0,100.0,0
90,103,1,0,0.84,0,1,35.77,1,2.09,34.6,1,100,62.02,181.0,1968.0,0.0,100.0,50.0,0
90,46,2,0,0.77,0,1,38.54,0,1.39,22.56,1,100,70.03,239.0,568.0,0.0,100.0,100.0,1
90,15,1,1,0.82,0,0,41.09,0,0.9,55.81,1,100,50.0,36.0,912.0,28.0,100.0,100.0,0
75,14,1,1,0.95,0,1,54.57,0,0.59,14.54,1,0,17.73,21.0,962.0,58.0,100.0,100.0,0
85,92,1,0,0.65,0,0,33.22,0,1.72,25.73,1,100,50.0,107.0,1185.0,0.0,100.0,50.0,1
75,24,2,0,0.96,0,1,56.03,0,0.98,25.5,1,100,43.48,190.0,267.0,0.0,100.0,69.89,0
70,6,2,0,0.74,0,0,50.98,1,0.98,23.06,1,100,44.28,243.0,253.0,0.0,100.0,100.0,0
70,133,1,0,0.74,0,0,23.94,1,0.83,51.03,1,100,48.03,105.0,1024.0,0.0,100.0,50.0,1
95,60,2,1,0.77,0,0,52.47,0,1.64,15.68,1,0,41.97,92.0,1752.0,0.0,100.0,50.0,1
90,6,1,1,1.24,0,0,40.58,0,0.98,18.27,1,0,31.41,74.0,435.0,0.0,100.0,50.0,1
90,82,1,1,0.89,0,1,64.18,0,0.97,24.61,1,100,64.71,273.0,2052.0,0.0,100.0,40.26,0
65,85,2,1,0.54,0,1,59.76,1,1.41,15.43,1,100,50.0,1.0,767.0,98.0,100.0,50.0,0
90,17,2,0,0.8,0,1,44.88,1,1.0,17.78,1,100,45.68,43.0,247.0,14.0,100.0,100.0,0
95,64,2,0,0.8,0,1,43.26,1,1.46,15.9,1,100,55.51,100.0,801.0,0.0,100.0,100.0,0
70,31,1,0,0.65,0,0,47.2,1,1.61,14.98,1,0,26.23,253.0,867.0,0.0,100.0,100.0,1
95,16,2,0,0.86,0,1,53.09,1,1.58,29.01,1,100,38.84,72.0,903.0,0.0,100.0,100.0,1
90,12,2,1,0.79,0,0,45.51,1,1.43,17.07,1,0,33.15,60.0,257.0,0.0,100.0,50.0,0
95,79,2,1,0.43,0,1,67.35,1,1.01,18.89,1,100,49.9,67.0,301.0,0.0,100.0,16.67,1
90,10,1,0,0.53,0,1,50.56,1,1.18,21.79,1,100,50.0,70.0,425.0,0.0,100.0,100.0,0
90,134,1,0,0.39,0,0,43.31,1,0.83,18.18,1,100,43.21,44.0,215.0,12.0,100.0,50.0,1
95,7,1,0,0.91,0,0,45.98,1,1.37,14.02,1,100,41.17,73.0,194.0,0.0,100.0,100.0,0
95,19,2,0,0.94,0,1,55.84,1,0.67,23.94,1,0,21.45,67.0,744.0,0.0,100.0,100.0,0
90,175,2,0,0.43,0,0,28.64,1,0.78,29.06,1,100,40.19,132.0,369.0,0.0,100.0,50.0,0
65,20,1,1,0.85,0,1,67.34,1,0.51,31.78,1,100,50.0,76.0,765.0,0.0,100.0,100.0,0
85,19,0,0,0.58,0,1,50.5,1,2.31,17.38,1,0,50.0,237.0,484.0,0.0,100.0,100.0,1
90,22,2,0,1.0,0,1,46.7,1,1.42,18.4,1,100,50.0,56.0,885.0,0.0,100.0,50.0,1
75,10,1,0,1.1,0,0,47.74,1,1.39,10.94,1,100,41.96,269.0,146.0,0.0,100.0,38.86,0
85,87,2,0,1.67,0,0,37.88,1,1.19,16.26,1,0,50.0,16.0,1343.0,68.0,100.0,100.0,1
90,70,2,0,0.25,0,0,34.27,1,1.77,40.97,1,100,60.34,272.0,115.0,0.0,100.0,50.0,1
70,26,1,0,1.29,0,0,46.33,1,1.48,18.3,1,100,47.62,104.0,968.0,0.0,100.0,63.07,1
70,9,2,1,0.43,0,1,40.54,1,1.65,17.84,1,0,31.66,53.0,411.0,0.0,100.0,100.0,0
90,47,1,0,1.06,0,1,29.87,1,0.86,31.65,1,100,42.03,227.0,961.0,0.0,100.0,59.13,0
65,15,2,1,0.59,0,1,54.29,1,1.43,11.63,1,100,50.0,154.0,37.0,0.0,37.0,46.59,1
95,11,1,0,1.25,0,1,48.84,1,1.07,12.92,1,0,25.9,55.0,275.0,0.0,100.0,100.0,1
70,9,2,0,1.36,0,1,60.17,1,2.12,19.03,1,100,41.47,288.0,282.0,0.0,100.0,100.0,1
75,31,2,1,1.21,0,1,51.91,1,1.15,18.17,1,100,47.57,35.0,910.0,30.0,100.0,50.0,0
90,76,1,0,0.76,0,1,35.11,1,2.26,29.78,1,100,28.37,87.0,783.0,0.0,100.0,50.0,1
90,35,1,0,0.92,0,1,42.05,1,1.54,15.93,1,100,58.67,26.0,2063.0,48.0,100.0,100.0,0
75,6,1,1,1.11,0,1,47.25,0,1.7,14.98,1,100,33.88,240.0,1181.0,0.0,100.0,50.0,0
95,25,2,0,1.42,0,1,50.6,1,0.79,17.16,1,0,32.04,12.0,2487.0,76.0,100.0,50.0,1
