Trade #,Type,Date and time,Signal,Price USD,Position size (qty),Position size (value),Net P&L USD,Net P&L %,Favorable excursion USD,Favorable excursion %,Adverse excursion USD,Adverse excursion %,Cumulative P&L USD,Cumulative P&L %
1,Exit short,2023-01-02 22:45,Short Exit,1.06645,34884,37169.94852,-32.09,-0.09,3.84,0.01,-32.09,-0.09,-32.09,0.00
1,Entry short,2023-01-02 22:15," | F:75,49,2,1,2.29,0,0,52.18,0,0,29.63,1,80,56.75,97.8,10.5,27.4",1.06553,34884,37169.94852,-32.09,-0.09,3.84,0.01,-32.09,-0.09,-32.09,0.00
2,Exit short,2023-01-02 23:45,Short Exit,1.06589,23438,24998.26766,15.94,0.06,15.94,0.06,-6.8,-0.03,-16.16,0.00
2,Entry short,2023-01-02 23:10," | F:75,72,3,1,0.78,0,0,60.12,0,0,46.34,1,80,43.37,99.4,11.4,36.67",1.06657,23438,24998.26766,15.94,0.06,15.94,0.06,-6.8,-0.03,-16.16,0.00
3,Exit short,2023-01-03 14:00,Short Exit,1.0526,57692,60758.3298,31.73,0.05,31.73,0.05,-22.5,-0.04,15.58,0.00
3,Entry short,2023-01-03 13:40," | F:70,10,1,1,0.76,0,0,40.01,0,0,53.12,1,40,50,96.2,8,36.67",1.05315,57692,60758.3298,31.73,0.05,31.73,0.05,-22.5,-0.04,15.58,0.00
4,Exit short,2023-01-10 04:10,Short Exit,1.07412,55556,59640.47712,-33.33,-0.06,16.11,0.03,-33.33,-0.06,-17.76,0.00
4,Entry short,2023-01-10 03:45," | F:55,61,0,1,0.79,1,1,60.25,0,0,28.28,1,80,47.51,99.2,13.8,40.86",1.07352,55556,59640.47712,-33.33,-0.06,16.11,0.03,-33.33,-0.06,-17.76,0.00
5,Exit short,2023-01-10 08:30,Short Exit,1.07334,26786,28766.28898,15.8,0.05,15.8,0.05,-9.91,-0.03,-1.95,0.00
5,Entry short,2023-01-10 07:50," | F:55,114,0,1,0.77,1,1,58.54,0,0,24.93,1,100,41.45,96.2,5.2,54.9",1.07393,26786,28766.28898,15.8,0.05,15.8,0.05,-9.91,-0.03,-1.95,0.00
6,Exit short,2023-01-10 14:40,Short Exit,1.07214,28571,30664.39717,32.29,0.11,32.29,0.11,-25.14,-0.08,30.33,0.00
6,Entry short,2023-01-10 13:10," | F:60,12,1,1,0.93,1,1,42.86,0,0,12.46,1,60,37.55,98.2,3.7,73.62",1.07327,28571,30664.39717,32.29,0.11,32.29,0.11,-25.14,-0.08,30.33,0.00
7,Exit short,2023-01-10 16:50,Short Exit,1.07332,23256,24993.45576,32.33,0.13,32.33,0.13,-4.88,-0.02,62.66,0.00
7,Entry short,2023-01-10 16:35," | F:60,261,2,1,0.65,1,1,65.59,0,0,32.39,1,60,39.99,98.6,14.3,23.56",1.07471,23256,24993.45576,32.33,0.13,32.33,0.13,-4.88,-0.02,62.66,0.00
8,Exit short,2023-01-12 10:15,Short Exit,1.07547,55556,59780.47824,31.67,0.05,31.67,0.05,-27.22,-0.05,94.32,0.00
8,Entry short,2023-01-12 09:40," | F:55,19,1,1,0.44,1,1,46.26,1,0,20.37,1,100,41.54,96.8,3.6,22.14",1.07604,55556,59780.47824,31.67,0.05,31.67,0.05,-27.22,-0.05,94.32,0.00
9,Exit short,2023-01-13 17:10,Short Exit,1.08314,39474,42723.49968,-32.37,-0.08,11.05,0.03,-32.37,-0.08,61.95,0.00
9,Entry short,2023-01-13 17:05," | F:70,47,2,1,0.55,0,0,63.63,1,0,25,1,80,42.7,84.4,16.9,45.49",1.08232,39474,42723.49968,-32.37,-0.08,11.05,0.03,-32.37,-0.08,61.95,0.00
10,Exit long,2023-01-17 17:25,Long Exit,1.08264,38961,42148.78902,31.95,0.08,31.95,0.08,-9.35,-0.02,93.9,0.00
10,Entry long,2023-01-17 17:20," | F:75,57,2,0,0.34,0,0,32.94,1,0,38.03,1,80,50.18,98.6,14.1,42.55",1.08182,38961,42148.78902,31.95,0.08,31.95,0.08,-9.35,-0.02,93.9,0.00
11,Exit long,2023-01-20 02:45,Long Exit,1.08306,38462,41688.9618,-32.31,-0.08,5.38,0.01,-32.31,-0.08,61.59,0.00
11,Entry long,2023-01-20 02:10," | F:70,13,0,0,0.49,0,1,66.07,1,0,15.2,1,40,36.62,94.6,2,36.67",1.0839,38462,41688.9618,-32.31,-0.08,5.38,0.01,-32.31,-0.08,61.59,0.00
12,Exit short,2023-01-20 17:40,Short Exit,1.08309,17647,19129.348,16.06,0.08,16.06,0.08,-0.53,0.00,77.65,0.00
12,Entry short,2023-01-20 17:30," | F:50,74,2,1,0.6,0,1,69.2,1,0,33.64,1,20,50,99.4,21.5,50",1.084,17647,19129.348,16.06,0.08,16.06,0.08,-0.53,0.00,77.65,0.00
13,Exit long,2023-01-20 20:15,Long Exit,1.08357,23622,25627.5078,-31.42,-0.12,2.83,0.01,-31.42,-0.12,46.24,0.00
13,Entry long,2023-01-20 20:00," | F:70,11,2,0,0.58,0,1,63.34,1,0,20.23,1,60,55.21,92.6,6,69.02",1.0849,23622,25627.5078,-31.42,-0.12,2.83,0.01,-31.42,-0.12,46.24,0.00
14,Exit long,2023-01-23 10:20,Long Exit,1.08986,50847,55449.16197,-33.05,-0.06,0,0.00,-33.05,-0.06,13.19,0.00
14,Entry long,2023-01-23 10:15," | F:75,7,1,0,0.73,0,1,52.89,1,0,29.83,1,80,48.46,92.2,8.5,36.67",1.09051,50847,55449.16197,-33.05,-0.06,0,0.00,-33.05,-0.06,13.19,0.00
15,Exit short,2023-01-23 15:35,Short Exit,1.08673,18750,20392.125,15.94,0.08,15.94,0.08,-3.56,-0.02,29.12,0.00
15,Entry short,2023-01-23 14:50," | F:70,11,2,1,0.73,0,0,40.74,1,0,30.18,1,60,37.39,91,6.6,36.67",1.08758,18750,20392.125,15.94,0.08,15.94,0.08,-3.56,-0.02,29.12,0.00
16,Exit long,2023-01-26 16:25,Long Exit,1.08972,28846,31465.79372,-31.73,-0.10,7.5,0.02,-31.73,-0.10,-2.61,0.00
16,Entry long,2023-01-26 16:15," | F:70,7,2,0,1.34,0,1,60.04,1,0,16.01,1,20,50,98,8.6,50",1.09082,28846,31465.79372,-31.73,-0.10,7.5,0.02,-31.73,-0.10,-2.61,0.00
17,Exit long,2023-01-27 04:15,Long Exit,1.08847,65217,71020.66083,-33.91,-0.05,26.09,0.04,-33.91,-0.05,-36.52,0.00
17,Entry long,2023-01-27 03:25," | F:55,33,0,0,0.51,1,0,38.61,1,0,28.85,1,40,53.45,89.8,3.2,37.41",1.08899,65217,71020.66083,-33.91,-0.05,26.09,0.04,-33.91,-0.05,-36.52,0.00
18,Exit short,2023-01-27 11:35,Short Exit,1.08824,29412,32023.19736,15.88,0.05,15.88,0.05,-8.24,-0.03,-20.64,0.00
18,Entry short,2023-01-27 11:05," | F:65,90,1,1,0.55,0,1,65.07,1,0,33.37,1,80,50,97,3.6,50",1.08878,29412,32023.19736,15.88,0.05,15.88,0.05,-8.24,-0.03,-20.64,0.00
19,Exit long,2023-01-30 14:55,Long Exit,1.09055,46154,50301.39844,31.85,0.06,31.85,0.06,-3.23,-0.01,11.21,0.00
19,Entry long,2023-01-30 14:40," | F:65,10,2,0,0.88,0,1,50.71,1,0,18.15,1,60,50,99.6,5.6,29.71",1.08986,46154,50301.39844,31.85,0.06,31.85,0.06,-3.23,-0.01,11.21,0.00
20,Exit short,2023-01-31 11:25,Short Exit,1.08212,65217,70538.7072,-33.91,-0.05,2.61,0.00,-33.91,-0.05,-22.7,0.00
20,Entry short,2023-01-31 11:20," | F:80,12,1,1,0.64,1,0,42.55,0,0,39.47,1,100,42.81,84.2,6.7,36.67",1.0816,65217,70538.7072,-33.91,-0.05,2.61,0.00,-33.91,-0.05,-22.7,0.00
21,Exit long,2023-02-08 09:20,Long Exit,1.07339,57692,61894.28528,31.73,0.05,31.73,0.05,-10.96,-0.02,9.03,0.00
21,Entry long,2023-02-08 09:00," | F:75,56,1,0,0.97,1,1,39.31,0,0,16.6,1,80,47.18,99,7.5,36.67",1.07284,57692,61894.28528,31.73,0.05,31.73,0.05,-10.96,-0.02,9.03,0.00
22,Exit short,2023-02-08 22:00,Short Exit,1.07206,21127,22665.46814,16.06,0.07,16.06,0.07,-10.35,-0.05,25.08,0.00
22,Entry short,2023-02-08 21:05," | F:70,11,2,1,0.75,0,0,47.47,0,0,14.71,1,80,50.37,90.6,3.1,38.84",1.07282,21127,22665.46814,16.06,0.07,16.06,0.07,-10.35,-0.05,25.08,0.00
23,Exit long,2023-02-10 17:00,Long Exit,1.06845,14354,15367.3924,-30.86,-0.20,0,0.00,-30.86,-0.20,-5.78,0.00
23,Entry long,2023-02-10 16:45," | F:50,13,2,0,0.91,0,0,61.03,0,0,16.31,1,60,50,95,8.8,36.67",1.0706,14354,15367.3924,-30.86,-0.20,0,0.00,-30.86,-0.20,-5.78,0.00
24,Exit short,2023-02-13 03:20,Short Exit,1.06627,35294,37665.05092,32.12,0.09,32.12,0.09,-16.59,-0.04,26.34,0.00
24,Entry short,2023-02-13 02:05," | F:75,23,0,1,0.57,1,0,37.81,0,0,20.74,1,80,37.88,99,5.9,36.67",1.06718,35294,37665.05092,32.12,0.09,32.12,0.09,-16.59,-0.04,26.34,0.00
25,Exit short,2023-02-13 16:35,Short Exit,1.06936,25424,27170.88304,-16.53,-0.06,2.29,0.01,-16.53,-0.06,9.81,0.00
25,Entry short,2023-02-13 16:30," | F:55,18,2,1,1.09,0,1,55.7,0,0,21.16,1,80,39.92,88.4,3.4,36.67",1.06871,25424,27170.88304,-16.53,-0.06,2.29,0.01,-16.53,-0.06,9.81,0.00
26,Exit long,2023-02-14 08:40,Long Exit,1.07406,65217,70015.66686,31.3,0.04,31.3,0.04,-24.78,-0.04,41.12,0.00
26,Entry long,2023-02-14 05:50," | F:75,10,0,0,0.98,1,1,61.79,0,0,20.41,1,100,49.82,99.6,2.5,54.79",1.07358,65217,70015.66686,31.3,0.04,31.3,0.04,-24.78,-0.04,41.12,0.00
27,Exit long,2023-02-17 23:15,Long Exit,1.06923,65217,69765.88575,-33.91,-0.05,3.91,0.01,-33.91,-0.05,7.2,0.00
27,Entry long,2023-02-17 22:30," | F:70,10,2,0,1.2,0,1,60.46,0,0,26.54,1,80,43.16,98.4,3.9,36.67",1.06975,65217,69765.88575,-33.91,-0.05,3.91,0.01,-33.91,-0.05,7.2,0.00
28,Exit long,2023-02-20 11:50,Long Exit,1.06808,63830,68209.3763,-33.83,-0.05,13.4,0.02,-33.83,-0.05,-26.63,0.00
28,Entry long,2023-02-20 11:40," | F:65,69,1,0,0.56,0,1,36.49,0,0,19.56,1,40,50,97.6,7.6,36.67",1.06861,63830,68209.3763,-33.83,-0.05,13.4,0.02,-33.83,-0.05,-26.63,0.00
29,Exit short,2023-02-23 15:20,Short Exit,1.062,46875,49748.4375,-32.81,-0.07,18.75,0.04,-32.81,-0.07,-59.44,0.00
29,Entry short,2023-02-23 14:55," | F:80,69,2,1,0.73,1,1,64.39,0,0,26.68,1,80,54.93,99.2,7.6,26.91",1.0613,46875,49748.4375,-32.81,-0.07,18.75,0.04,-32.81,-0.07,-59.44,0.00
30,Exit short,2023-02-24 16:15,Short Exit,1.05417,18750,19798.125,32.44,0.16,32.44,0.16,-7.87,-0.04,-27,0.00
30,Entry short,2023-02-24 15:30," | F:75,10,2,1,0.82,1,0,28.66,0,0,36.8,1,80,44.06,98.6,8.1,36.67",1.0559,18750,19798.125,32.44,0.16,32.44,0.16,-7.87,-0.04,-27,0.00
31,Exit long,2023-02-28 20:50,Long Exit,1.05972,61224,64849.07304,31.22,0.05,31.22,0.05,-23.88,-0.04,4.22,0.00
31,Entry long,2023-02-28 20:20," | F:80,130,2,0,0.12,1,0,36.02,0,0,24.85,1,20,35.52,95.4,6.2,36.67",1.05921,61224,64849.07304,31.22,0.05,31.22,0.05,-23.88,-0.04,4.22,0.00
32,Exit short,2023-02-28 23:00,Short Exit,1.05764,22059,23346.36324,15.88,0.07,15.88,0.07,-0.88,0.00,20.11,0.00
32,Entry short,2023-02-28 21:55," | F:70,9,2,1,0.9,0,0,33.11,0,0,29.52,1,60,39.13,99.6,3.5,47.78",1.05836,22059,23346.36324,15.88,0.07,15.88,0.07,-0.88,0.00,20.11,0.00
33,Exit long,2023-03-01 17:35,Long Exit,1.06596,37500,39941.625,31.88,0.08,31.88,0.08,-26.62,-0.07,51.98,0.00
33,Entry long,2023-03-01 17:10," | F:75,61,2,0,0.63,0,1,35.54,1,0,24.65,1,80,54.7,95,14.1,36.67",1.06511,37500,39941.625,31.88,0.08,31.88,0.08,-26.62,-0.07,51.98,0.00
34,Exit short,2023-03-03 11:10,Short Exit,1.06149,41667,44261.18742,32.08,0.07,32.08,0.07,-5,-0.01,84.07,0.00
34,Entry short,2023-03-03 10:45," | F:75,246,1,1,0.67,1,1,57.3,0,0,22.96,1,80,50.63,92.6,3.8,36.67",1.06226,41667,44261.18742,32.08,0.07,32.08,0.07,-5,-0.01,84.07,0.00
35,Exit long,2023-03-06 13:05,Long Exit,1.06239,42254,44922.76264,-32.54,-0.07,26.62,0.06,-32.54,-0.07,51.53,0.00
35,Entry long,2023-03-06 12:05," | F:75,106,1,0,0.6,1,0,36.21,1,0,28.26,1,80,45.9,98.2,10.2,36.67",1.06316,42254,44922.76264,-32.54,-0.07,26.62,0.06,-32.54,-0.07,51.53,0.00
36,Exit short,2023-03-08 17:30,Short Exit,1.05711,23438,24745.13726,-31.41,-0.13,7.03,0.03,-31.41,-0.13,20.12,0.00
36,Entry short,2023-03-08 17:25," | F:70,257,2,1,0.71,0,1,57.2,0,0,28.11,1,40,38.28,94.8,5.9,36.67",1.05577,23438,24745.13726,-31.41,-0.13,7.03,0.03,-31.41,-0.13,20.12,0.00
37,Exit short,2023-03-08 22:45,Time Stop (Bars),1.05487,22388,23610.60868,-5.82,-0.02,14.1,0.06,-10.07,-0.04,14.3,0.00
37,Entry short,2023-03-08 19:45," | F:80,12,2,1,1.02,1,0,45.52,0,0,12.05,1,60,42.35,98.4,7.6,54.87",1.05461,22388,23610.60868,-5.82,-0.02,14.1,0.06,-10.07,-0.04,14.3,0.00
38,Exit short,2023-03-10 15:30,Short Exit,1.05999,19481,20618.49559,-31.17,-0.15,4.48,0.02,-31.17,-0.15,-16.87,0.00
38,Entry short,2023-03-10 15:00," | F:50,17,2,1,0.8,0,0,41.03,0,0,12.1,1,80,48.67,98.6,16,50",1.05839,19481,20618.49559,-31.17,-0.15,4.48,0.02,-31.17,-0.15,-16.87,0.00
39,Exit long,2023-03-13 17:50,Long Exit,1.07267,40541,43455.08708,32.03,0.07,32.03,0.07,-29.19,-0.07,15.16,0.00
39,Entry long,2023-03-13 17:40," | F:70,13,2,0,0.92,0,1,53.33,1,0,22.71,1,100,50,97,16.9,36.67",1.07188,40541,43455.08708,32.03,0.07,32.03,0.07,-29.19,-0.07,15.16,0.00
40,Exit short,2023-03-15 09:35,Short Exit,1.07291,37975,40775.65625,31.9,0.08,31.9,0.08,-5.7,-0.01,47.06,0.00
40,Entry short,2023-03-15 09:25," | F:55,28,1,1,0.61,1,1,48.74,1,0,21.55,1,80,41.58,96.6,2.9,59.58",1.07375,37975,40775.65625,31.9,0.08,31.9,0.08,-5.7,-0.01,47.06,0.00
41,Exit short,2023-03-21 17:05,Short Exit,1.07802,41667,44885.35908,-32.5,-0.07,0,0.00,-32.5,-0.07,14.56,0.00
41,Entry short,2023-03-21 16:50," | F:55,12,2,1,0.59,0,1,49.4,1,0,25.29,1,80,40.48,94.8,9.6,36.67",1.07724,41667,44885.35908,-32.5,-0.07,0,0.00,-32.5,-0.07,14.56,0.00
42,Exit long,2023-03-21 17:50,Long Exit,1.07651,24194,26061.53486,-16.45,-0.06,8.23,0.03,-16.45,-0.06,-1.89,0.00
42,Entry long,2023-03-21 17:45," | F:75,15,2,0,0.98,0,1,46.32,1,0,19.29,1,80,40.41,99.4,8.6,36.67",1.07719,24194,26061.53486,-16.45,-0.06,8.23,0.03,-16.45,-0.06,-1.89,0.00
43,Exit long,2023-03-22 07:45,Long Exit,1.07745,61224,65934.57456,31.22,0.05,31.22,0.05,-20.82,-0.03,29.33,0.00
43,Entry long,2023-03-22 04:55," | F:70,89,0,0,0.92,0,1,47.08,1,0,15.48,1,60,47.48,99.2,8.5,37.96",1.07694,61224,65934.57456,31.22,0.05,31.22,0.05,-20.82,-0.03,29.33,0.00
44,Exit long,2023-03-23 08:15,Long Exit,1.09133,58824,64164.63096,31.76,0.05,31.76,0.05,-26.47,-0.04,61.1,0.00
44,Entry long,2023-03-23 07:50," | F:65,10,0,0,0.69,0,1,61.9,1,0,47.62,1,40,50,99.2,3.9,36.67",1.09079,58824,64164.63096,31.76,0.05,31.76,0.05,-26.47,-0.04,61.1,0.00
45,Exit short,2023-03-23 16:30,Short Exit,1.08941,19737,21485.50083,-16.18,-0.08,10.66,0.05,-16.18,-0.08,44.91,0.00
45,Entry short,2023-03-23 16:00," | F:55,6,2,1,0.69,0,1,54.87,1,0,18.17,1,80,35.68,97.8,6.2,50",1.08859,19737,21485.50083,-16.18,-0.08,10.66,0.05,-16.18,-0.08,44.91,0.00
46,Exit long,2023-03-27 06:35,Long Exit,1.07735,61224,65928.45216,31.22,0.05,31.22,0.05,-3.06,0.00,76.14,0.00
46,Entry long,2023-03-27 05:50," | F:55,9,0,0,0.33,1,0,56.62,1,0,22.17,1,80,33.86,99.2,3.6,45.5",1.07684,61224,65928.45216,31.22,0.05,31.22,0.05,-3.06,0.00,76.14,0.00
47,Exit short,2023-03-31 17:15,Short Exit,1.08907,51724,56362.60832,31.55,0.06,31.55,0.06,-2.07,0.00,107.69,0.00
47,Entry short,2023-03-31 17:10," | F:70,84,2,1,0.59,0,1,64.53,1,0,16.78,1,40,50,88.6,23,36.67",1.08968,51724,56362.60832,31.55,0.06,31.55,0.06,-2.07,0.00,107.69,0.00
48,Exit short,2023-04-03 10:05,Short Exit,1.08215,42857,46345.13123,-32.57,-0.07,1.71,0.00,-32.57,-0.07,75.12,0.00
48,Entry short,2023-04-03 10:00," | F:65,96,1,1,0.76,0,0,70.15,0,0,38.33,1,100,50,95,18.2,61.67",1.08139,42857,46345.13123,-32.57,-0.07,1.71,0.00,-32.57,-0.07,75.12,0.00
49,Exit short,2023-04-03 21:20,Short Exit,1.08935,21127,22998.42966,-16.27,-0.07,12.46,0.05,-16.27,-0.07,58.85,0.00
49,Entry short,2023-04-03 19:50," | F:55,7,2,1,0.82,0,1,48.37,1,0,22.2,1,100,44.63,99,2.8,36.67",1.08858,21127,22998.42966,-16.27,-0.07,12.46,0.05,-16.27,-0.07,58.85,0.00
50,Exit long,2023-04-04 03:00,Time Stop (Bars),1.09036,22222,24221.75778,8.22,0.03,21.56,0.09,-1.33,-0.01,67.07,0.00
50,Entry long,2023-04-04 00:00," | F:70,33,3,0,1.42,0,1,45.22,1,0,33.4,1,40,41.32,92.8,6.2,50",1.08999,22222,24221.75778,8.22,0.03,21.56,0.09,-1.33,-0.01,67.07,0.00
51,Exit short,2023-04-11 16:25,Short Exit,1.09193,42857,46764.27269,-32.57,-0.07,19.29,0.04,-32.57,-0.07,34.5,0.00
51,Entry short,2023-04-11 15:55," | F:55,21,2,1,0.91,1,1,51.35,1,0,18.43,1,60,40.89,94.2,8.3,36.67",1.09117,42857,46764.27269,-32.57,-0.07,19.29,0.04,-32.57,-0.07,34.5,0.00
52,Exit short,2023-04-12 15:30,Short Exit,1.09284,52632,57485.19672,-33.16,-0.06,0,0.00,-33.16,-0.06,1.34,0.00
52,Entry short,2023-04-12 15:25," | F:50,10,2,1,0.85,0,1,44.45,1,0,9.22,1,40,43.84,94.4,3.2,36.67",1.09221,52632,57485.19672,-33.16,-0.06,0,0.00,-33.16,-0.06,1.34,0.00
53,Exit short,2023-04-14 15:30,Short Exit,1.1062,61224,67692.3156,-33.67,-0.05,0,0.00,-33.67,-0.05,-32.33,0.00
53,Entry short,2023-04-14 15:25," | F:75,20,2,1,0.79,0,1,50.56,1,0,14.32,1,60,38.42,86.4,5.2,29.43",1.10565,61224,67692.3156,-33.67,-0.05,0,0.00,-33.67,-0.05,-32.33,0.00
54,Exit long,2023-04-19 12:10,Long Exit,1.09614,53571,58689.70905,31.61,0.05,31.61,0.05,-19.82,-0.03,-0.73,0.00
54,Entry long,2023-04-19 11:40," | F:60,6,1,0,0.8,1,0,43.97,1,0,19.86,1,40,37.48,99.6,3.8,36.67",1.09555,53571,58689.70905,31.61,0.05,31.61,0.05,-19.82,-0.03,-0.73,0.00
55,Exit short,2023-04-19 15:20,Short Exit,1.09393,31915,34895.861,-16.91,-0.05,2.55,0.01,-16.91,-0.05,-17.64,0.00
55,Entry short,2023-04-19 15:15," | F:75,18,2,1,1.06,0,0,53.7,0,0,26.59,1,20,47.72,92.8,5.9,36.67",1.0934,31915,34895.861,-16.91,-0.05,2.55,0.01,-16.91,-0.05,-17.64,0.00
56,Exit short,2023-04-19 17:25,Short Exit,1.09668,46875,51438.75,31.88,0.06,31.88,0.06,-7.97,-0.02,14.23,0.00
56,Entry short,2023-04-19 17:10," | F:50,153,2,1,0.38,0,1,74.81,1,0,49.02,1,80,37.63,96.4,3.9,36.67",1.09736,46875,51438.75,31.88,0.06,31.88,0.06,-7.97,-0.02,14.23,0.00
57,Exit long,2023-04-20 01:55,Long Exit,1.09514,57692,63214.27824,-33.46,-0.05,3.46,0.01,-33.46,-0.05,-19.23,0.00
57,Entry long,2023-04-20 00:20," | F:50,12,3,0,0.5,0,1,57.36,1,0,14.32,1,100,45.01,96,1.7,36.67",1.09572,57692,63214.27824,-33.46,-0.05,3.46,0.01,-33.46,-0.05,-19.23,0.00
58,Exit long,2023-04-27 10:20,Long Exit,1.1042,56604,62535.53316,-33.4,-0.05,5.09,0.01,-33.4,-0.05,-52.62,0.00
58,Entry long,2023-04-27 10:10," | F:75,62,1,0,0.54,1,1,41.46,1,0,19.69,1,80,50.49,96.4,6.7,61.4",1.10479,56604,62535.53316,-33.4,-0.05,5.09,0.01,-33.4,-0.05,-52.62,0.00
59,Exit short,2023-05-02 09:55,Short Exit,1.0994,49180,54035.5414,-32.95,-0.06,21.15,0.04,-32.95,-0.06,-85.57,0.00
59,Entry short,2023-05-02 08:35," | F:55,48,0,1,0.78,1,1,54.79,0,0,26.34,1,60,38.82,99.2,4.9,40.83",1.09873,49180,54035.5414,-32.95,-0.06,21.15,0.04,-32.95,-0.06,-85.57,0.00
60,Exit long,2023-05-03 10:15,Long Exit,1.10354,28571,31496.95611,32.29,0.10,32.29,0.10,-7.43,-0.02,-53.29,0.00
60,Entry long,2023-05-03 09:30," | F:70,65,0,0,0.66,0,1,56.26,1,0,17.99,1,40,41.73,98.6,3.7,65.9",1.10241,28571,31496.95611,32.29,0.10,32.29,0.10,-7.43,-0.02,-53.29,0.00
61,Exit long,2023-05-16 17:05,Long Exit,1.08667,20408,22207.9856,-31.22,-0.14,14.49,0.07,-31.22,-0.14,-84.51,0.00
61,Entry long,2023-05-16 15:35," | F:70,72,2,0,0.51,0,0,42.06,0,0,30.93,1,100,50.19,93.4,5,36.67",1.0882,20408,22207.9856,-31.22,-0.14,14.49,0.07,-31.22,-0.14,-84.51,0.00
62,Exit long,2023-05-17 05:20,Long Exit,1.08733,51724,56209.50528,31.55,0.06,31.55,0.06,-1.55,0.00,-52.96,0.00
62,Entry long,2023-05-17 04:45," | F:55,32,0,0,0.27,1,0,50.18,0,0,28.01,1,40,43.22,98,2.3,50",1.08672,51724,56209.50528,31.55,0.06,31.55,0.06,-1.55,0.00,-52.96,0.00
63,Exit short,2023-05-17 16:30,Short Exit,1.08275,25862,28017.85632,15.78,0.06,15.78,0.06,-6.98,-0.02,-37.19,0.00
63,Entry short,2023-05-17 16:10," | F:75,18,2,1,0.71,1,0,54.91,0,0,19.79,1,80,60.96,88.6,7.1,76.54",1.08336,25862,28017.85632,15.78,0.06,15.78,0.06,-6.98,-0.02,-37.19,0.00
64,Exit short,2023-05-24 10:40,Short Exit,1.07834,46875,50514.375,-32.81,-0.06,29.06,0.06,-32.81,-0.06,-70,0.00
64,Entry short,2023-05-24 10:15," | F:75,7,1,1,0.8,1,0,40.04,0,0,31.38,1,60,50,99,7,36.67",1.07764,46875,50514.375,-32.81,-0.06,29.06,0.06,-32.81,-0.06,-70,0.00
65,Exit long,2023-05-25 12:25,Long Exit,1.07327,54545,58509.87605,31.64,0.05,31.64,0.05,-21.27,-0.04,-38.36,0.00
65,Entry long,2023-05-25 12:05," | F:60,15,1,0,1.68,1,0,48.55,0,0,18.55,1,60,51.47,97.6,5.1,36.67",1.07269,54545,58509.87605,31.64,0.05,31.64,0.05,-21.27,-0.04,-38.36,0.00
66,Exit short,2023-05-30 12:20,Short Exit,1.07095,50000,53514.5,-33,-0.06,29.5,0.06,-33,-0.06,-71.36,0.00
66,Entry short,2023-05-30 11:50," | F:75,48,1,1,0.32,1,0,64.8,0,0,27.77,1,80,45.06,95.2,2,36.67",1.07029,50000,53514.5,-33,-0.06,29.5,0.06,-33,-0.06,-71.36,0.00
67,Exit long,2023-06-01 03:40,Long Exit,1.06888,56604,60536.27988,-33.4,-0.06,2.26,0.00,-33.4,-0.06,-104.76,0.00
67,Entry long,2023-06-01 03:20," | F:70,21,0,0,0.68,0,1,57.48,0,0,31.43,1,100,38.35,97,2,33.81",1.06947,56604,60536.27988,-33.4,-0.06,2.26,0.00,-33.4,-0.06,-104.76,0.00
68,Exit short,2023-06-02 23:15,Short Exit,1.0706,61224,65577.63864,31.22,0.05,31.22,0.05,-19.59,-0.03,-73.53,0.00
68,Entry short,2023-06-02 21:50," | F:70,17,2,1,0.71,0,0,46.46,0,0,29.83,1,60,58.61,94.4,3.4,25.49",1.07111,61224,65577.63864,31.22,0.05,31.22,0.05,-19.59,-0.03,-73.53,0.00
69,Exit short,2023-06-07 10:40,Short Exit,1.06831,32609,34804.56397,-31.96,-0.09,16.63,0.05,-31.96,-0.09,-105.49,0.00
69,Entry short,2023-06-07 10:05," | F:75,12,1,1,1.06,1,0,36.65,0,0,42.17,1,100,55.3,94.8,4.1,36.67",1.06733,32609,34804.56397,-31.96,-0.09,16.63,0.05,-31.96,-0.09,-105.49,0.00
70,Exit long,2023-06-07 19:55,Long Exit,1.06938,20833,22294.64328,-16.25,-0.07,10.62,0.05,-16.25,-0.07,-121.74,0.00
70,Entry long,2023-06-07 18:55," | F:80,73,2,0,0.43,1,0,38.91,0,0,29.7,1,80,51.22,92,5.5,36.67",1.07016,20833,22294.64328,-16.25,-0.07,10.62,0.05,-16.25,-0.07,-121.74,0.00
71,Exit long,2023-06-09 11:55,Long Exit,1.07592,62500,67278.75,-33.75,-0.05,11.88,0.02,-33.75,-0.05,-155.49,0.00
71,Entry long,2023-06-09 11:35," | F:80,226,1,0,0.38,1,0,37.71,1,0,25.86,1,60,36.23,97.6,10.5,46.31",1.07646,62500,67278.75,-33.75,-0.05,11.88,0.02,-33.75,-0.05,-155.49,0.00
72,Exit long,2023-06-13 10:20,Long Exit,1.07981,36145,38997.5634,32.17,0.08,32.17,0.08,-3.61,-0.01,-123.32,0.00
72,Entry long,2023-06-13 09:00," | F:75,14,0,0,0.21,1,1,56.37,1,0,48.14,1,80,40.94,80,2.3,36.67",1.07892,36145,38997.5634,32.17,0.08,32.17,0.08,-3.61,-0.01,-123.32,0.00
73,Exit long,2023-06-13 17:10,Long Exit,1.07813,4087,4421.56182,-15.24,-0.34,2.04,0.05,-15.24,-0.34,-138.57,0.00
73,Entry long,2023-06-13 15:30," | F:75,79,2,0,1.15,1,1,73.42,1,0,25.31,1,80,47.03,97,20,36.67",1.08186,4087,4421.56182,-15.24,-0.34,2.04,0.05,-15.24,-0.34,-138.57,0.00
74,Exit long,2023-06-16 16:10,Long Exit,1.09462,54545,59739.32035,-33.27,-0.06,0,0.00,-33.27,-0.06,-171.84,0.00
74,Entry long,2023-06-16 16:00," | F:75,25,2,0,1.04,0,1,43.23,1,0,25.99,1,80,42.74,96.2,8,36.67",1.09523,54545,59739.32035,-33.27,-0.06,0,0.00,-33.27,-0.06,-171.84,0.00
75,Exit short,2023-06-28 16:40,Short Exit,1.09296,40541,44341.71875,32.03,0.07,32.03,0.07,-1.22,0.00,-139.81,0.00
75,Entry short,2023-06-28 16:35," | F:65,19,2,1,0.8,0,0,52.62,1,0,32.08,1,80,50,94.8,7.1,36.67",1.09375,40541,44341.71875,32.03,0.07,32.03,0.07,-1.22,0.00,-139.81,0.00
76,Exit long,2023-06-29 03:05,Time Stop (Bars),1.09097,30000,32739,-9.9,-0.03,17.1,0.05,-10.5,-0.03,-149.71,0.00
76,Entry long,2023-06-29 00:05," | F:60,62,3,0,2.26,1,0,39.92,0,0,36.01,1,40,57.4,94.8,8.5,50",1.0913,30000,32739,-9.9,-0.03,17.1,0.05,-10.5,-0.03,-149.71,0.00
77,Exit short,2023-07-05 09:30,Short Exit,1.0872,46875,50994.375,31.88,0.06,31.88,0.06,-7.97,-0.02,-117.84,0.00
77,Entry short,2023-07-05 09:00," | F:75,55,0,1,0.36,1,0,57.67,0,0,30.57,1,80,40.05,90.2,4.5,34.17",1.08788,46875,50994.375,31.88,0.06,31.88,0.06,-7.97,-0.02,-117.84,0.00
78,Exit short,2023-07-06 10:45,Short Exit,1.0858,34483,37473.71059,32.07,0.09,32.07,0.09,-3.45,-0.01,-85.77,0.00
78,Entry short,2023-07-06 10:25," | F:75,191,1,1,0.74,0,1,62.12,0,0,39.21,1,80,52.88,93,4.5,35.23",1.08673,34483,37473.71059,32.07,0.09,32.07,0.09,-3.45,-0.01,-85.77,0.00
79,Exit long,2023-07-07 02:05,Long Exit,1.08938,52632,57304.66896,31.58,0.06,31.58,0.06,-12.11,-0.02,-54.19,0.00
79,Entry long,2023-07-07 00:00," | F:70,18,3,0,1.01,0,1,52.49,1,0,27.53,1,100,38.86,98.8,3.6,38.49",1.08878,52632,57304.66896,31.58,0.06,31.58,0.06,-12.11,-0.02,-54.19,0.00
80,Exit long,2023-07-07 12:35,Long Exit,1.08794,30000,32622.6,15.6,0.05,15.6,0.05,-0.9,0.00,-38.59,0.00
80,Entry long,2023-07-07 12:30," | F:60,17,1,0,0.17,1,0,39.5,0,0,23.63,1,60,39.49,94.4,7.2,36.67",1.08742,30000,32622.6,15.6,0.05,15.6,0.05,-0.9,0.00,-38.59,0.00
81,Exit long,2023-07-11 18:10,Long Exit,1.09936,58824,64636.98768,31.76,0.05,31.76,0.05,-8.24,-0.01,-6.82,0.00
81,Entry long,2023-07-11 17:50," | F:60,9,2,0,1.27,1,0,50.28,1,0,18.66,1,80,51.03,92.8,4.5,67.75",1.09882,58824,64636.98768,31.76,0.05,31.76,0.05,-8.24,-0.01,-6.82,0.00
82,Exit long,2023-07-12 12:00,Long Exit,1.10191,44118,48646.7127,-32.65,-0.07,17.65,0.04,-32.65,-0.07,-39.47,0.00
82,Entry long,2023-07-12 10:00," | F:70,73,1,0,1.27,0,1,43.97,1,0,27.66,1,40,51.99,99,9.5,36.67",1.10265,44118,48646.7127,-32.65,-0.07,17.65,0.04,-32.65,-0.07,-39.47,0.00
83,Exit long,2023-07-13 01:40,Long Exit,1.11369,43478,48389.27488,31.74,0.07,31.74,0.07,-10.87,-0.02,-7.73,0.00
83,Entry long,2023-07-13 00:05," | F:70,61,3,0,1.42,0,1,38.85,1,0,25,1,60,50,99.8,8.9,26.94",1.11296,43478,48389.27488,31.74,0.07,31.74,0.07,-10.87,-0.02,-7.73,0.00
84,Exit long,2023-07-17 17:55,Long Exit,1.12328,38961,43732.16406,31.95,0.07,31.95,0.07,-1.56,0.00,24.22,0.00
84,Entry long,2023-07-17 17:35," | F:50,9,2,0,0.55,0,0,50.82,1,0,31.56,1,60,50,95.4,6,53.33",1.12246,38961,43732.16406,31.95,0.07,31.95,0.07,-1.56,0.00,24.22,0.00
85,Exit long,2023-07-18 11:50,Long Exit,1.12335,53571,60212.19687,-33.21,-0.06,6.96,0.01,-33.21,-0.06,-9,0.00
85,Entry long,2023-07-18 11:40," | F:70,103,1,0,0.27,0,0,37.03,1,0,24.99,1,60,56.64,95.4,7.7,42.14",1.12397,53571,60212.19687,-33.21,-0.06,6.96,0.01,-33.21,-0.06,-9,0.00
86,Exit long,2023-07-19 00:10,Time Stop (Bars),1.12261,14851,16667.2773,4.6,0.03,12.62,0.08,-0.74,0.00,-4.39,0.00
86,Entry long,2023-07-18 21:10," | F:45,14,2,0,1.41,0,0,54.42,1,0,18.11,1,100,50,95.6,3,61.85",1.1223,14851,16667.2773,4.6,0.03,12.62,0.08,-0.74,0.00,-4.39,0.00
87,Exit short,2023-07-19 01:10,Short Exit,1.12318,62500,70165,-33.75,-0.05,6.25,0.01,-33.75,-0.05,-38.14,0.00
87,Entry short,2023-07-19 00:30," | F:70,13,3,1,0.65,0,0,45.94,1,0,18.36,1,40,35.06,98,2.2,50",1.12264,62500,70165,-33.75,-0.05,6.25,0.01,-33.75,-0.05,-38.14,0.00
88,Exit long,2023-07-19 22:25,Long Exit,1.12048,29412,32939.67528,15.88,0.05,15.88,0.05,-7.06,-0.02,-22.26,0.00
88,Entry long,2023-07-19 21:25," | F:45,10,2,0,0.63,0,0,58.61,1,0,11.63,1,80,50,97.8,2.8,36.67",1.11994,29412,32939.67528,15.88,0.05,15.88,0.05,-7.06,-0.02,-22.26,0.00
89,Exit short,2023-07-20 21:25,Short Exit,1.11241,54545,60708.03955,31.64,0.05,31.64,0.05,-7.64,-0.01,9.38,0.00
89,Entry short,2023-07-20 20:50," | F:75,21,2,1,1.2,0,0,47.71,0,0,36.87,1,60,59.34,89.6,2.5,36.67",1.11299,54545,60708.03955,31.64,0.05,31.64,0.05,-7.64,-0.01,9.38,0.00
90,Exit short,2023-08-01 20:20,Short Exit,1.09662,49180,53963.7386,31.97,0.06,31.97,0.06,-18.2,-0.03,41.34,0.00
90,Entry short,2023-08-01 19:25," | F:80,18,2,1,0.88,1,0,53.93,0,0,14.53,1,80,43.93,80.8,3.4,33.33",1.09727,49180,53963.7386,31.97,0.06,31.97,0.06,-18.2,-0.03,41.34,0.00
91,Exit long,2023-08-11 04:05,Long Exit,1.09899,56604,62175.53172,31.7,0.05,31.7,0.05,-11.32,-0.02,73.04,0.00
91,Entry long,2023-08-11 03:15," | F:55,34,0,0,0.44,1,0,55.67,0,0,15.18,1,80,45.93,97.2,3.3,33.33",1.09843,56604,62175.53172,31.7,0.05,31.7,0.05,-11.32,-0.02,73.04,0.00
92,Exit long,2023-08-14 11:05,Long Exit,1.09562,34483,37748.19527,32.07,0.08,32.07,0.08,-8.62,-0.02,105.11,0.00
92,Entry long,2023-08-14 10:35," | F:70,5,1,0,1.09,0,1,66.69,0,0,21.48,1,80,50,99.4,4.4,50",1.09469,34483,37748.19527,32.07,0.08,32.07,0.08,-8.62,-0.02,105.11,0.00
93,Exit short,2023-08-18 17:20,Short Exit,1.08773,47619,51763.75776,-32.86,-0.06,14.76,0.03,-32.86,-0.06,72.25,0.00
93,Entry short,2023-08-18 16:55," | F:75,42,2,1,0.38,0,0,61.94,0,0,19.27,1,60,51.95,93,10.6,36.67",1.08704,47619,51763.75776,-32.86,-0.06,14.76,0.03,-32.86,-0.06,72.25,0.00
94,Exit short,2023-08-21 19:10,Short Exit,1.08935,31579,34368.68886,-31.89,-0.09,4.74,0.01,-31.89,-0.09,40.36,0.00
94,Entry short,2023-08-21 18:10," | F:75,20,2,1,1.22,0,0,43.52,0,0,23.54,1,80,44.9,98.8,9.7,19.89",1.08834,31579,34368.68886,-31.89,-0.09,4.74,0.01,-31.89,-0.09,40.36,0.00
95,Exit long,2023-08-22 12:15,Long Exit,1.09054,56604,61762.32252,-33.4,-0.05,0,0.00,-33.4,-0.05,6.96,0.00
95,Entry long,2023-08-22 12:05," | F:65,38,1,0,1.41,0,1,36.74,0,0,29.46,1,100,50,94.4,3.4,36.67",1.09113,56604,61762.32252,-33.4,-0.05,0,0.00,-33.4,-0.05,6.96,0.00
96,Exit long,2023-08-23 04:40,Long Exit,1.08553,53571,58121.32074,31.61,0.05,31.61,0.05,-2.68,0.00,38.57,0.00
96,Entry long,2023-08-23 04:05," | F:55,37,0,0,0.62,1,0,52.86,0,0,18.22,1,60,49.14,98.6,2.1,16.67",1.08494,53571,58121.32074,31.61,0.05,31.61,0.05,-2.68,0.00,38.57,0.00
97,Exit short,2023-08-23 22:00,Short Exit,1.08637,31250,33932.1875,-16.87,-0.05,0,0.00,-16.87,-0.05,21.69,0.00
97,Entry short,2023-08-23 21:55," | F:50,10,2,1,0.81,0,1,45.64,0,0,20.15,1,80,42.9,96.2,2.6,54.09",1.08583,31250,33932.1875,-16.87,-0.05,0,0.00,-16.87,-0.05,21.69,0.00
98,Exit long,2023-08-24 16:45,Long Exit,1.08394,31250,33840.9375,32.19,0.10,32.19,0.10,-3.12,-0.01,53.88,0.00
98,Entry long,2023-08-24 16:35," | F:50,9,2,0,1.17,0,0,42.23,0,0,36.46,1,60,39.14,94.6,7.3,50",1.08291,31250,33840.9375,32.19,0.10,32.19,0.10,-3.12,-0.01,53.88,0.00
99,Exit long,2023-08-29 02:05,Long Exit,1.08278,29412,31814.37216,32.35,0.10,32.35,0.10,-13.24,-0.04,86.23,0.00
99,Entry long,2023-08-29 00:05," | F:75,29,3,0,0.49,1,1,54.27,0,0,36.54,1,20,56,99,3.2,50",1.08168,29412,31814.37216,32.35,0.10,32.35,0.10,-13.24,-0.04,86.23,0.00
100,Exit long,2023-08-31 01:00,Long Exit,1.09268,57692,63007.16396,31.73,0.05,31.73,0.05,-9.23,-0.01,117.96,0.00
100,Entry long,2023-08-31 00:10," | F:75,33,3,0,1.25,1,1,45.8,1,0,15.27,1,60,36.95,95.4,3.1,26.67",1.09213,57692,63007.16396,31.73,0.05,31.73,0.05,-9.23,-0.01,117.96,0.00
101,Exit short,2023-09-01 15:30,Short Exit,1.08491,57692,62557.16636,-33.46,-0.05,0.58,0.00,-33.46,-0.05,84.5,0.00
101,Entry short,2023-09-01 15:25," | F:65,12,2,1,0.56,0,0,49.22,0,0,23.75,1,60,50,91.8,3,52.67",1.08433,57692,62557.16636,-33.46,-0.05,0.58,0.00,-33.46,-0.05,84.5,0.00
102,Exit short,2023-09-06 19:25,Short Exit,1.07199,45455,48694.57785,-32.73,-0.07,6.82,0.01,-32.73,-0.07,51.78,0.00
102,Entry short,2023-09-06 18:55," | F:80,21,2,1,0.87,1,0,45.28,0,0,28.33,1,100,46.01,96.8,11.6,36.67",1.07127,45455,48694.57785,-32.73,-0.07,6.82,0.01,-32.73,-0.07,51.78,0.00
103,Exit short,2023-09-08 16:30,Short Exit,1.07148,29412,31482.6048,-31.76,-0.10,13.24,0.04,-31.76,-0.10,20.01,0.00
103,Entry short,2023-09-08 15:40," | F:70,45,2,1,0.81,0,0,53.22,0,0,20.3,1,40,50,90.8,3.4,36.67",1.0704,29412,31482.6048,-31.76,-0.10,13.24,0.04,-31.76,-0.10,20.01,0.00
104,Exit long,2023-09-11 10:50,Long Exit,1.07248,63830,68490.2283,-33.83,-0.05,4.47,0.01,-33.83,-0.05,-13.82,0.00
104,Entry long,2023-09-11 10:35," | F:70,14,1,0,0.66,0,1,46.95,0,0,21.11,1,100,41.29,99.6,3.7,50",1.07301,63830,68490.2283,-33.83,-0.05,4.47,0.01,-33.83,-0.05,-13.82,0.00
105,Exit long,2023-09-11 16:20,Long Exit,1.07324,17442,18703.40544,16.05,0.09,16.05,0.09,-6.98,-0.04,2.23,0.00
105,Entry long,2023-09-11 15:00," | F:75,128,2,0,0.85,1,1,43.19,0,0,19.59,1,60,37.98,98,2.7,36.67",1.07232,17442,18703.40544,16.05,0.09,16.05,0.09,-6.98,-0.04,2.23,0.00
106,Exit short,2023-09-12 18:05,Short Exit,1.07223,26786,28689.1453,-31.61,-0.11,13.66,0.05,-31.61,-0.11,-29.38,0.00
106,Entry short,2023-09-12 15:45," | F:70,27,2,1,0.45,0,0,43.78,0,0,25.79,1,80,50,97.8,10.4,50",1.07105,26786,28689.1453,-31.61,-0.11,13.66,0.05,-31.61,-0.11,-29.38,0.00
107,Exit long,2023-09-19 03:05,Time Stop (Bars),1.06952,28302,30253.98894,15.57,0.05,18.96,0.06,-9.06,-0.03,-13.81,0.00
107,Entry long,2023-09-19 00:05," | F:70,26,3,0,0.86,0,1,53.8,0,0,32.51,1,20,40.79,93.4,2.3,51.39",1.06897,28302,30253.98894,15.57,0.05,18.96,0.06,-9.06,-0.03,-13.81,0.00
108,Exit long,2023-09-19 16:00,Long Exit,1.06928,29412,31466.4282,-16.76,-0.05,9.12,0.03,-16.76,-0.05,-30.58,0.00
108,Entry long,2023-09-19 15:45," | F:75,29,2,0,0.56,0,1,40.88,1,0,33.65,1,80,60.81,92,11.6,36.67",1.06985,29412,31466.4282,-16.76,-0.05,9.12,0.03,-16.76,-0.05,-30.58,0.00
109,Exit long,2023-09-19 16:30,Long Exit,1.06941,52632,56253.60792,31.58,0.06,31.58,0.06,-7.37,-0.01,1,0.00
109,Entry long,2023-09-19 16:20," | F:80,44,2,0,0.41,1,0,33.57,0,0,32.66,1,80,49.52,95,3.3,36.67",1.06881,52632,56253.60792,31.58,0.06,31.58,0.06,-7.37,-0.01,1,0.00
110,Exit short,2023-09-27 19:10,Short Exit,1.05021,25424,26732.82752,32.29,0.12,32.29,0.12,-23.14,-0.09,33.29,0.00
110,Entry short,2023-09-27 17:30," | F:75,11,2,1,0.4,0,0,35.57,0,0,35.86,1,80,41.73,96,11.2,50",1.05148,25424,26732.82752,32.29,0.12,32.29,0.12,-23.14,-0.09,33.29,0.00
111,Exit long,2023-09-28 16:25,Long Exit,1.05457,22388,23577.25056,32.46,0.14,32.46,0.14,-30,-0.13,65.75,0.00
111,Entry long,2023-09-28 15:50," | F:75,43,2,0,0.54,0,1,44.84,0,0,26.4,1,20,38.66,90.2,4.8,36.67",1.05312,22388,23577.25056,32.46,0.14,32.46,0.14,-30,-0.13,65.75,0.00
112,Exit long,2023-09-29 21:55,Long Exit,1.05769,45455,48045.48045,31.82,0.07,31.82,0.07,-26.36,-0.05,97.57,0.00
112,Entry long,2023-09-29 20:10," | F:65,194,2,0,0.56,0,0,34.8,0,0,17.93,1,80,50,92.6,2.6,38.1",1.05699,45455,48045.48045,31.82,0.07,31.82,0.07,-26.36,-0.05,97.57,0.00
113,Exit short,2023-10-03 21:35,Short Exit,1.04737,35294,36933.75924,-32.12,-0.09,18.35,0.05,-32.12,-0.09,65.45,0.00
113,Entry short,2023-10-03 21:05," | F:75,9,2,1,0.82,1,0,47.2,0,0,7.94,1,80,41.69,99,4.1,69.59",1.04646,35294,36933.75924,-32.12,-0.09,18.35,0.05,-32.12,-0.09,65.45,0.00
114,Exit long,2023-10-06 03:00,Time Stop (Bars),1.05445,24390,25725.5964,-7.56,-0.03,7.56,0.03,-8.54,-0.03,57.89,0.00
114,Entry long,2023-10-06 00:00," | F:65,38,3,0,0.74,0,1,47.37,1,0,32.14,1,40,50,99.2,6.1,50",1.05476,24390,25725.5964,-7.56,-0.03,7.56,0.03,-8.54,-0.03,57.89,0.00
115,Exit short,2023-10-06 10:20,Short Exit,1.05446,25862,27253.89284,-16.55,-0.06,1.29,0.00,-16.55,-0.06,41.34,0.00
115,Entry short,2023-10-06 10:15," | F:50,32,1,1,0.37,0,1,52.4,0,0,26.9,1,80,43.07,97,1.8,16.67",1.05382,25862,27253.89284,-16.55,-0.06,1.29,0.00,-16.55,-0.06,41.34,0.00
116,Exit long,2023-10-09 15:15,Long Exit,1.05253,62500,65816.875,-33.75,-0.05,8.13,0.01,-33.75,-0.05,7.59,0.00
116,Entry long,2023-10-09 15:05," | F:55,16,2,0,0.59,0,0,48.22,0,0,17.2,1,40,42.86,95.8,6,36.67",1.05307,62500,65816.875,-33.75,-0.05,8.13,0.01,-33.75,-0.05,7.59,0.00
117,Exit short,2023-10-09 21:00,Short Exit,1.0566,32609,34437.71272,-16.96,-0.05,0,0.00,-16.96,-0.05,-9.37,0.00
117,Entry short,2023-10-09 20:50," | F:70,186,2,1,0.53,0,1,76.94,0,0,22.61,1,40,34.31,99.2,2.2,50",1.05608,32609,34437.71272,-16.96,-0.05,0,0.00,-16.96,-0.05,-9.37,0.00
118,Exit long,2023-10-10 18:00,Long Exit,1.06008,50000,52972.5,31.5,0.06,31.5,0.06,-12,-0.02,22.13,0.00
118,Entry long,2023-10-10 17:50," | F:75,13,2,0,0.71,0,1,49.93,1,0,15.94,1,80,47.49,85.8,9.4,36.67",1.05945,50000,52972.5,31.5,0.06,31.5,0.06,-12,-0.02,22.13,0.00
119,Exit long,2023-10-11 13:10,Long Exit,1.06005,63830,67696.8214,-33.83,-0.05,5.11,0.01,-33.83,-0.05,-11.7,0.00
119,Entry long,2023-10-11 13:00," | F:70,18,1,0,0.95,0,1,47.05,1,0,11.71,1,80,50,97.4,9.1,43.81",1.06058,63830,67696.8214,-33.83,-0.05,5.11,0.01,-33.83,-0.05,-11.7,0.00
120,Exit long,2023-10-11 20:20,Long Exit,1.06006,31915,33848.72985,-16.91,-0.05,4.47,0.01,-16.91,-0.05,-28.61,0.00
120,Entry long,2023-10-11 20:05," | F:60,7,2,0,0.39,1,0,41.9,1,0,30.82,1,40,50,99.4,4.4,50",1.06059,31915,33848.72985,-16.91,-0.05,4.47,0.01,-16.91,-0.05,-28.61,0.00
121,Exit long,2023-10-12 00:00,Long Exit,1.06102,63830,67758.7365,-33.83,-0.05,30.64,0.05,-33.83,-0.05,-62.44,0.00
121,Entry long,2023-10-11 23:00," | F:75,9,2,0,0.71,1,1,65.34,1,0,30.17,1,60,37.83,99,3.5,54.31",1.06155,63830,67758.7365,-33.83,-0.05,30.64,0.05,-33.83,-0.05,-62.44,0.00
122,Exit short,2023-10-17 04:05,Time Stop (Bars),1.05532,55556,58650.4692,21.11,0.04,22.78,0.04,-19.44,-0.03,-41.33,0.00
122,Entry short,2023-10-17 01:05," | F:45,26,3,1,0.98,0,1,46.22,1,0,23.28,1,100,50,99.4,3.6,50",1.0557,55556,58650.4692,21.11,0.04,22.78,0.04,-19.44,-0.03,-41.33,0.00
123,Exit short,2023-10-17 10:35,Short Exit,1.0553,30000,31642.2,-16.8,-0.05,3.3,0.01,-16.8,-0.05,-58.13,0.00
123,Entry short,2023-10-17 10:20," | F:70,45,1,1,0.94,0,1,60.1,0,0,32.87,1,100,48.88,98.6,5.1,50",1.05474,30000,31642.2,-16.8,-0.05,3.3,0.01,-16.8,-0.05,-58.13,0.00
124,Exit short,2023-10-18 21:25,Short Exit,1.05431,55556,58604.91328,31.67,0.05,31.67,0.05,-22.78,-0.04,-26.46,0.00
124,Entry short,2023-10-18 20:15," | F:80,36,2,1,1.21,1,0,65.38,0,0,28.14,1,60,50.36,81.2,10.6,36.67",1.05488,55556,58604.91328,31.67,0.05,31.67,0.05,-22.78,-0.04,-26.46,0.00
125,Exit short,2023-10-19 19:00,Short Exit,1.05602,31579,33380.26616,32.21,0.10,32.21,0.10,-25.58,-0.08,5.75,0.00
125,Entry short,2023-10-19 17:25," | F:50,6,2,1,0.65,0,1,51.55,1,0,24.45,1,40,50,98.2,5.8,41.13",1.05704,31579,33380.26616,32.21,0.10,32.21,0.10,-25.58,-0.08,5.75,0.00
126,Exit long,2023-10-20 11:15,Long Exit,1.05778,60000,63435.6,31.2,0.05,31.2,0.05,-25.2,-0.04,36.95,0.00
126,Entry long,2023-10-20 10:35," | F:55,13,1,0,1.14,1,0,50.34,1,0,15.24,1,80,35.19,98.8,6.2,56.94",1.05726,60000,63435.6,31.2,0.05,31.2,0.05,-25.2,-0.04,36.95,0.00
127,Exit short,2023-10-20 12:05,Short Exit,1.05846,27273,28883.19792,15.82,0.05,15.82,0.05,-1.09,0.00,52.77,0.00
127,Entry short,2023-10-20 11:45," | F:50,172,1,1,0.63,0,1,72.15,1,0,26.02,1,80,47.72,92.2,12.1,36.67",1.05904,27273,28883.19792,15.82,0.05,15.82,0.05,-1.09,0.00,52.77,0.00
128,Exit short,2023-10-23 03:10,Short Exit,1.05864,60000,63549.6,31.2,0.05,31.2,0.05,-10.8,-0.02,83.97,0.00
128,Entry short,2023-10-23 01:00," | F:45,7,3,1,0.37,0,1,43.66,1,0,13.08,1,60,50,99,3.3,50",1.05916,60000,63549.6,31.2,0.05,31.2,0.05,-10.8,-0.02,83.97,0.00
129,Exit long,2023-11-02 16:40,Long Exit,1.06396,47619,50632.80651,31.9,0.06,31.9,0.06,-15.24,-0.03,115.87,0.00
129,Entry long,2023-11-02 16:30," | F:75,48,2,0,0.6,0,1,37.8,1,0,31.84,1,60,47.45,95.6,8.5,36.67",1.06329,47619,50632.80651,31.9,0.06,31.9,0.06,-15.24,-0.03,115.87,0.00
130,Exit short,2023-11-02 17:15,Short Exit,1.06305,23077,24547.92798,15.92,0.06,15.92,0.06,-0.92,0.00,131.79,0.00
130,Entry short,2023-11-02 17:10," | F:50,15,2,1,1,0,1,44.97,1,0,21.84,1,80,50,95.8,8.2,63.94",1.06374,23077,24547.92798,15.92,0.06,15.92,0.06,-0.92,0.00,131.79,0.00
131,Exit long,2023-11-03 10:30,Long Exit,1.06218,38961,41415.93261,-32.34,-0.08,7.79,0.02,-32.34,-0.08,99.46,0.00
131,Entry long,2023-11-03 10:05," | F:65,73,1,0,0.62,0,1,50.99,1,0,17.67,1,80,50,99.4,2,43.45",1.06301,38961,41415.93261,-32.34,-0.08,7.79,0.02,-32.34,-0.08,99.46,0.00
132,Exit long,2023-11-06 09:55,Long Exit,1.07321,50000,53693.5,-33,-0.06,25.5,0.05,-33,-0.06,66.46,0.00
132,Entry long,2023-11-06 08:00," | F:65,6,0,0,0.85,0,1,59.81,1,0,24.87,1,80,50,99,3.3,36.67",1.07387,50000,53693.5,-33,-0.06,25.5,0.05,-33,-0.06,66.46,0.00
133,Exit long,2023-11-07 15:20,Long Exit,1.06764,53571,57227.75646,-33.21,-0.06,22.5,0.04,-33.21,-0.06,33.24,0.00
133,Entry long,2023-11-07 14:45," | F:45,8,2,0,1.2,0,0,52.6,1,0,24.41,1,100,50,98.6,4.3,50",1.06826,53571,57227.75646,-33.21,-0.06,22.5,0.04,-33.21,-0.06,33.24,0.00
134,Exit short,2023-11-07 21:55,Short Exit,1.06944,27778,29722.73778,15.83,0.05,15.83,0.05,-12.78,-0.04,49.08,0.00
134,Entry short,2023-11-07 21:20," | F:75,126,2,1,0.84,0,1,68.78,1,0,29.36,1,100,52.84,88.6,16.3,37.78",1.07001,27778,29722.73778,15.83,0.05,15.83,0.05,-12.78,-0.04,49.08,0.00
135,Exit short,2023-11-09 12:35,Short Exit,1.0688,38961,41673.46482,31.95,0.08,31.95,0.08,-5.45,-0.01,81.02,0.00
135,Entry short,2023-11-09 12:00," | F:80,7,1,1,1.39,1,0,43.19,1,0,19.77,1,40,36.18,96,3,36.67",1.06962,38961,41673.46482,31.95,0.08,31.95,0.08,-5.45,-0.01,81.02,0.00
136,Exit long,2023-11-21 07:50,Long Exit,1.09558,48387,53044.73262,-32.9,-0.06,5.81,0.01,-32.9,-0.06,48.12,0.00
136,Entry long,2023-11-21 07:05," | F:75,32,0,0,1.33,1,1,55.86,1,0,30.56,1,80,51.79,99.4,4.4,51.67",1.09626,48387,53044.73262,-32.9,-0.06,5.81,0.01,-32.9,-0.06,48.12,0.00
137,Exit short,2023-11-21 14:25,Short Exit,1.09477,28846,31563.00474,-16.73,-0.05,8.37,0.03,-16.73,-0.05,31.39,0.00
137,Entry short,2023-11-21 13:45," | F:75,9,1,1,0.52,1,0,40.72,1,0,12.14,1,60,38.61,96.6,2.6,36.67",1.09419,28846,31563.00474,-16.73,-0.05,8.37,0.03,-16.73,-0.05,31.39,0.00
138,Exit long,2023-11-21 16:10,Long Exit,1.0953,42254,46248.69316,32.11,0.07,32.11,0.07,-4.23,-0.01,63.5,0.00
138,Entry long,2023-11-21 15:55," | F:45,24,2,0,0.44,0,0,44.86,1,0,26.42,1,80,50,96.6,8,56.88",1.09454,42254,46248.69316,32.11,0.07,32.11,0.07,-4.23,-0.01,63.5,0.00
139,Exit long,2023-11-24 03:00,Time Stop (Bars),1.09075,33708,36756.21444,10.79,0.03,18.88,0.05,-18.2,-0.05,74.29,0.00
139,Entry long,2023-11-24 00:00," | F:60,86,3,0,3.33,1,0,41.35,1,0,19.18,1,60,47.42,92.6,8,32.29",1.09043,33708,36756.21444,10.79,0.03,18.88,0.05,-18.2,-0.05,74.29,0.00
140,Exit long,2023-11-28 21:10,Long Exit,1.09877,40541,44513.20718,32.03,0.07,32.03,0.07,-25.95,-0.06,106.32,0.00
140,Entry long,2023-11-28 20:20," | F:75,35,2,0,0.78,0,1,38.1,1,0,31.54,1,40,40.55,93.2,24.3,36.67",1.09798,40541,44513.20718,32.03,0.07,32.03,0.07,-25.95,-0.06,106.32,0.00
141,Exit long,2023-11-29 17:15,Long Exit,1.09645,41096,45092.17504,-32.47,-0.07,3.7,0.01,-32.47,-0.07,73.85,0.00
141,Entry long,2023-11-29 17:10," | F:55,11,2,0,1.06,0,0,43.75,1,0,12.81,1,20,51.92,86.8,13.9,85.94",1.09724,41096,45092.17504,-32.47,-0.07,3.7,0.01,-32.47,-0.07,73.85,0.00
142,Exit short,2023-12-06 16:15,Short Exit,1.07894,48387,52238.6052,31.94,0.06,31.94,0.06,-13.06,-0.03,105.79,0.00
142,Entry short,2023-12-06 16:00," | F:65,97,2,1,0.69,0,1,67.42,0,0,36.09,1,60,50,95.8,21.5,38.33",1.0796,48387,52238.6052,31.94,0.06,31.94,0.06,-13.06,-0.03,105.79,0.00
143,Exit long,2023-12-07 12:15,Long Exit,1.07725,56604,61010.05536,-33.4,-0.05,0,0.00,-33.4,-0.05,72.39,0.00
143,Entry long,2023-12-07 12:10," | F:80,10,1,0,1,1,1,51.19,0,0,16.45,1,40,46.97,96.4,4.6,36.67",1.07784,56604,61010.05536,-33.4,-0.05,0,0.00,-33.4,-0.05,72.39,0.00
144,Exit short,2023-12-07 23:00,Short Exit,1.0794,22388,24181.50268,15.9,0.07,15.9,0.07,-7.39,-0.03,88.29,0.00
144,Entry short,2023-12-07 21:20," | F:55,6,2,1,0.82,1,1,47.63,0,0,21.52,1,80,32.83,99.8,2.3,36.67",1.08011,22388,24181.50268,15.9,0.07,15.9,0.07,-7.39,-0.03,88.29,0.00
145,Exit long,2023-12-11 09:20,Long Exit,1.07626,58824,63343.44792,-33.53,-0.05,7.06,0.01,-33.53,-0.05,54.76,0.00
145,Entry long,2023-12-11 09:05," | F:55,22,1,0,0.9,1,1,53.69,0,0,20.29,1,80,44.82,95,1.8,53.25",1.07683,58824,63343.44792,-33.53,-0.05,7.06,0.01,-33.53,-0.05,54.76,0.00
146,Exit long,2023-12-14 15:55,Long Exit,1.09498,13953,15245.60592,32.65,0.21,32.65,0.21,-27.63,-0.18,87.41,0.00
146,Entry long,2023-12-14 15:15," | F:80,33,2,0,0.04,1,1,53.29,1,0,28.51,1,60,50,99.8,3.7,43.67",1.09264,13953,15245.60592,32.65,0.21,32.65,0.21,-27.63,-0.18,87.41,0.00
147,Exit short,2023-12-18 15:00,Short Exit,1.09183,38462,41961.65738,-32.31,-0.08,10.38,0.02,-32.31,-0.08,55.1,0.00
147,Entry short,2023-12-18 12:55," | F:80,8,1,1,0.33,1,0,36.98,1,0,19.73,1,60,42.29,99,2.3,36.67",1.09099,38462,41961.65738,-32.31,-0.08,10.38,0.02,-32.31,-0.08,55.1,0.00
148,Exit long,2023-12-21 15:30,Long Exit,1.09771,54545,59907.8644,-33.27,-0.06,10.91,0.02,-33.27,-0.06,21.82,0.00
148,Entry long,2023-12-21 15:00," | F:70,10,2,0,0.77,0,1,64.9,1,0,50.66,1,40,43.91,98.4,2.9,36.67",1.09832,54545,59907.8644,-33.27,-0.06,10.91,0.02,-33.27,-0.06,21.82,0.00
149,Exit short,2023-12-26 16:15,Short Exit,1.10233,54545,60093.3174,-33.27,-0.06,18.55,0.03,-33.27,-0.06,-11.45,0.00
149,Entry short,2023-12-26 15:55," | F:75,5,2,1,0.99,0,1,53.15,1,0,19.8,1,60,44.16,99.2,2.3,36.67",1.10172,54545,60093.3174,-33.27,-0.06,18.55,0.03,-33.27,-0.06,-11.45,0.00
150,Exit long,2023-12-27 14:55,Long Exit,1.10637,38961,43073.33355,31.95,0.07,31.95,0.07,-1.17,0.00,20.5,0.00
150,Entry long,2023-12-27 14:50," | F:80,43,2,0,0.22,1,1,48.28,1,0,24.87,1,60,40.12,98.4,9.3,40.5",1.10555,38961,43073.33355,31.95,0.07,31.95,0.07,-1.17,0.00,20.5,0.00
151,Exit long,2023-12-29 10:15,Long Exit,1.10772,44118,48838.626,31.76,0.07,31.76,0.07,-3.53,-0.01,52.27,0.00
151,Entry long,2023-12-29 10:00," | F:45,26,1,0,1.23,0,0,53.12,1,0,21.01,1,60,50,93.2,2.3,36.67",1.107,44118,48838.626,31.76,0.07,31.76,0.07,-3.53,-0.01,52.27,0.00
152,Exit short,2024-01-02 17:00,Short Exit,1.09648,41667,45654.5319,-32.5,-0.07,21.67,0.05,-32.5,-0.07,19.77,0.00
152,Entry short,2024-01-02 16:40," | F:70,12,2,1,0.72,0,0,47.32,0,0,36.78,1,60,50,92.6,7.7,36.67",1.0957,41667,45654.5319,-32.5,-0.07,21.67,0.05,-32.5,-0.07,19.77,0.00
153,Exit short,2024-01-03 17:00,Short Exit,1.09276,31250,34116.875,-31.87,-0.09,12.19,0.04,-31.87,-0.09,-12.11,0.00
153,Entry short,2024-01-03 16:50," | F:70,15,2,1,0.74,0,0,47.6,0,0,23.03,1,80,50,98.2,8.3,50",1.09174,31250,34116.875,-31.87,-0.09,12.19,0.04,-31.87,-0.09,-12.11,0.00
154,Exit short,2024-01-03 21:25,Short Exit,1.09129,14151,15426.99567,-15.85,-0.10,12.31,0.08,-15.85,-0.10,-27.96,0.00
154,Entry short,2024-01-03 21:00," | F:75,8,2,1,0.38,1,0,37.7,0,0,12.05,1,80,50,93,5,50",1.09017,14151,15426.99567,-15.85,-0.10,12.31,0.08,-15.85,-0.10,-27.96,0.00
155,Exit short,2024-01-09 02:10,Short Exit,1.0956,50847,55674.92265,-33.05,-0.06,2.03,0.00,-33.05,-0.06,-61.01,0.00
155,Entry short,2024-01-09 00:55," | F:55,22,3,1,0.68,1,0,40.91,0,0,13.99,1,60,34.45,97.6,3.3,47.29",1.09495,50847,55674.92265,-33.05,-0.06,2.03,0.00,-33.05,-0.06,-61.01,0.00
156,Exit long,2024-01-12 11:10,Long Exit,1.09785,57692,63305.4316,31.73,0.05,31.73,0.05,-5.77,-0.01,-29.28,0.00
156,Entry long,2024-01-12 10:50," | F:75,11,1,0,0.58,0,1,50.07,1,0,21.08,1,100,48.29,94,5.4,36.67",1.0973,57692,63305.4316,31.73,0.05,31.73,0.05,-5.77,-0.01,-29.28,0.00
157,Exit short,2024-01-17 10:25,Short Exit,1.08816,54545,59320.41475,-33.27,-0.06,6,0.01,-33.27,-0.06,-62.55,0.00
157,Entry short,2024-01-17 10:15," | F:75,74,1,1,0.98,1,1,62.54,0,0,20.62,1,60,47.1,96.6,2.8,36.67",1.08755,54545,59320.41475,-33.27,-0.06,6,0.01,-33.27,-0.06,-62.55,0.00
158,Exit short,2024-01-17 15:25,Short Exit,1.08654,22388,24341.353,15.9,0.07,15.9,0.07,-0.9,0.00,-46.66,0.00
158,Entry short,2024-01-17 15:15," | F:75,13,2,1,0.48,1,0,46.18,0,0,11.72,1,60,38.52,98.4,4.3,36.67",1.08725,22388,24341.353,15.9,0.07,15.9,0.07,-0.9,0.00,-46.66,0.00
159,Exit long,2024-01-17 21:00,Long Exit,1.08673,53571,58185.60594,31.61,0.05,31.61,0.05,-14.46,-0.02,-15.05,0.00
159,Entry long,2024-01-17 20:40," | F:55,22,2,0,0.93,0,0,50.91,0,0,10.79,1,100,39.66,99.8,7.6,50",1.08614,53571,58185.60594,31.61,0.05,31.61,0.05,-14.46,-0.02,-15.05,0.00
160,Exit short,2024-01-18 14:30,Short Exit,1.0882,48387,52686.66882,31.94,0.06,31.94,0.06,-6.29,-0.01,16.89,0.00
160,Entry short,2024-01-18 14:10," | F:55,15,2,1,0.62,0,1,49.17,0,0,9.92,1,60,47.1,94.6,4.5,35.91",1.08886,48387,52686.66882,31.94,0.06,31.94,0.06,-6.29,-0.01,16.89,0.00
161,Exit long,2024-01-24 11:05,Long Exit,1.08791,35714,38821.47514,32.14,0.08,32.14,0.08,-10,-0.03,49.03,0.00
161,Entry long,2024-01-24 10:40," | F:70,21,1,0,0.64,0,1,48.97,0,0,21.89,1,60,38.71,98.6,3.4,50",1.08701,35714,38821.47514,32.14,0.08,32.14,0.08,-10,-0.03,49.03,0.00
162,Exit short,2024-01-25 15:15,Short Exit,1.08969,52632,57319.40592,-33.16,-0.06,26.84,0.05,-33.16,-0.06,15.87,0.00
162,Entry short,2024-01-25 14:05," | F:50,17,2,1,0.84,0,1,46.73,1,0,16.56,1,80,50,97.2,1.8,34.85",1.08906,52632,57319.40592,-33.16,-0.06,26.84,0.05,-33.16,-0.06,15.87,0.00
163,Exit long,2024-01-31 02:15,Long Exit,1.08471,42857,46455.70229,31.71,0.07,31.71,0.07,-11.57,-0.02,47.59,0.00
163,Entry long,2024-01-31 00:00," | F:65,44,3,0,0.91,0,1,35.85,0,0,27.71,1,80,50,98.6,2.8,38.31",1.08397,42857,46455.70229,31.71,0.07,31.71,0.07,-11.57,-0.02,47.59,0.00
164,Exit long,2024-02-01 01:55,Long Exit,1.08051,27027,29234.56536,-31.62,-0.11,7.84,0.03,-31.62,-0.11,15.96,0.00
164,Entry long,2024-02-01 00:05," | F:45,11,3,0,0.68,0,0,49.34,0,0,21.74,1,100,50,99,4.9,50",1.08168,27027,29234.56536,-31.62,-0.11,7.84,0.03,-31.62,-0.11,15.96,0.00
165,Exit short,2024-02-01 04:10,Short Exit,1.08157,20833,22516.09807,-16.25,-0.07,7.29,0.03,-16.25,-0.07,-0.29,0.00
165,Entry short,2024-02-01 02:55," | F:75,22,0,1,0.48,1,0,45.16,0,0,23.07,1,20,48.63,94.4,2.3,16.67",1.08079,20833,22516.09807,-16.25,-0.07,7.29,0.03,-16.25,-0.07,-0.29,0.00
166,Exit short,2024-02-01 11:05,Short Exit,1.07926,52632,56770.45416,-33.16,-0.06,1.58,0.00,-33.16,-0.06,-33.44,0.00
166,Entry short,2024-02-01 10:50," | F:70,11,1,1,0.88,0,0,45.35,0,0,30.46,1,100,50,98.2,8.2,36.67",1.07863,52632,56770.45416,-33.16,-0.06,1.58,0.00,-33.16,-0.06,-33.44,0.00
167,Exit long,2024-02-01 13:20,Long Exit,1.08024,52632,56823.61248,31.58,0.06,31.58,0.06,-19.47,-0.03,-1.87,0.00
167,Entry long,2024-02-01 13:00," | F:60,21,1,0,0.29,1,0,51.53,0,0,15.9,1,80,50,97.4,6,45.98",1.07964,52632,56823.61248,31.58,0.06,31.58,0.06,-19.47,-0.03,-1.87,0.00
168,Exit short,2024-02-06 14:20,Short Exit,1.07326,55556,59657.69948,31.67,0.05,31.67,0.05,-3.89,-0.01,29.8,0.00
168,Entry short,2024-02-06 13:55," | F:80,29,1,1,0.85,1,0,56.3,0,0,27.11,1,100,54.25,90.2,10.9,16.67",1.07383,55556,59657.69948,31.67,0.05,31.67,0.05,-3.89,-0.01,29.8,0.00
169,Exit long,2024-02-07 14:55,Long Exit,1.07752,61224,65938.86024,31.22,0.05,31.22,0.05,-21.43,-0.03,61.03,0.00
169,Entry long,2024-02-07 14:25," | F:70,15,2,0,1.25,0,1,53.52,0,0,17.19,1,80,43.98,98.2,4.6,39.17",1.07701,61224,65938.86024,31.22,0.05,31.22,0.05,-21.43,-0.03,61.03,0.00
170,Exit short,2024-02-07 17:50,Short Exit,1.07668,22388,24120.60732,15.9,0.07,15.9,0.07,-5.82,-0.02,76.92,0.00
170,Entry short,2024-02-07 17:40," | F:60,27,2,1,0.61,1,1,53.59,0,0,14.87,1,80,42.42,98.2,11.3,32.58",1.07739,22388,24120.60732,15.9,0.07,15.9,0.07,-5.82,-0.02,76.92,0.00
171,Exit short,2024-02-08 17:10,Short Exit,1.07568,53571,57656.86017,31.61,0.05,31.61,0.05,-11.25,-0.02,108.53,0.00
171,Entry short,2024-02-08 17:00," | F:70,40,2,1,0.4,0,0,62.14,0,0,36.31,1,60,41.39,93.4,2.7,36.67",1.07627,53571,57656.86017,31.61,0.05,31.61,0.05,-11.25,-0.02,108.53,0.00
172,Exit long,2024-02-16 01:00,Long Exit,1.07751,50847,54756.62583,31.53,0.06,31.53,0.06,-8.14,-0.01,140.05,0.00
172,Entry long,2024-02-16 00:00," | F:70,39,3,0,0.79,0,1,42.7,1,0,27.69,1,80,50.7,95.4,5.1,41.09",1.07689,50847,54756.62583,31.53,0.06,31.53,0.06,-8.14,-0.01,140.05,0.00
173,Exit short,2024-02-22 15:30,Short Exit,1.08334,32609,35358.91697,32.28,0.09,32.28,0.09,-8.15,-0.02,172.34,0.00
173,Entry short,2024-02-22 15:00," | F:45,6,2,1,0.66,0,1,35.36,1,0,22.44,1,60,50,99.6,5.2,50",1.08433,32609,35358.91697,32.28,0.09,32.28,0.09,-8.15,-0.02,172.34,0.00
174,Exit long,2024-02-23 17:45,Long Exit,1.08146,61224,66244.98024,-33.67,-0.05,14.08,0.02,-33.67,-0.05,138.66,0.00
174,Entry long,2024-02-23 17:15," | F:60,65,2,0,1.17,1,0,35.77,1,0,18.21,1,100,48,96.4,4,34.17",1.08201,61224,66244.98024,-33.67,-0.05,14.08,0.02,-33.67,-0.05,138.66,0.00
175,Exit long,2024-02-26 12:05,Long Exit,1.08409,54545,59100.05295,31.64,0.05,31.64,0.05,-8.73,-0.01,170.3,0.00
175,Entry long,2024-02-26 11:00," | F:75,10,1,0,1.12,0,1,59.44,1,0,27.69,1,80,46.24,95.2,2.9,36.67",1.08351,54545,59100.05295,31.64,0.05,31.64,0.05,-8.73,-0.01,170.3,0.00
176,Exit short,2024-02-26 17:50,Short Exit,1.08525,31250,33897.1875,-16.87,-0.05,0.94,0.00,-16.87,-0.05,153.42,0.00
176,Entry short,2024-02-26 17:35," | F:60,12,2,1,1.06,1,1,49.31,1,0,16.63,1,80,48.76,95.6,4.2,36.67",1.08471,31250,33897.1875,-16.87,-0.05,0.94,0.00,-16.87,-0.05,153.42,0.00
177,Exit short,2024-02-28 16:00,Short Exit,1.08314,57692,62455.05152,-33.46,-0.05,17.88,0.03,-33.46,-0.05,119.96,0.00
177,Entry short,2024-02-28 15:50," | F:70,101,2,1,0.22,0,1,71.77,0,0,22.31,1,40,42.67,99,4,18.59",1.08256,57692,62455.05152,-33.46,-0.05,17.88,0.03,-33.46,-0.05,119.96,0.00
178,Exit short,2024-02-28 18:40,Short Exit,1.08391,26316,28507.59648,-16.58,-0.06,12.63,0.04,-16.58,-0.06,103.38,0.00
178,Entry short,2024-02-28 17:30," | F:70,150,2,1,0.18,0,1,59.86,1,0,25.76,1,80,54.72,96.8,2.9,36.67",1.08328,26316,28507.59648,-16.58,-0.06,12.63,0.04,-16.58,-0.06,103.38,0.00
179,Exit long,2024-02-28 20:55,Long Exit,1.08326,50000,54196,-33,-0.06,6,0.01,-33,-0.06,70.38,0.00
179,Entry long,2024-02-28 19:45," | F:70,14,2,0,0.55,0,1,55.5,1,0,24.16,1,60,50,95.4,2.4,16.67",1.08392,50000,54196,-33,-0.06,6,0.01,-33,-0.06,70.38,0.00
180,Exit long,2024-03-06 16:00,Long Exit,1.08866,32609,35467.83103,32.28,0.09,32.28,0.09,-0.98,0.00,102.67,0.00
180,Entry long,2024-03-06 15:35," | F:70,8,2,0,0.91,0,1,58.36,1,0,19.22,1,100,44.46,98.2,3.4,50",1.08767,32609,35467.83103,32.28,0.09,32.28,0.09,-0.98,0.00,102.67,0.00
181,Exit long,2024-03-13 18:55,Long Exit,1.09487,53571,58621.67388,31.61,0.05,31.61,0.05,-15.54,-0.03,134.27,0.00
181,Entry long,2024-03-13 17:45," | F:80,15,2,0,0.51,1,1,53.42,1,0,22.51,1,60,50,98.6,5.5,36.67",1.09428,53571,58621.67388,31.61,0.05,31.61,0.05,-15.54,-0.03,134.27,0.00
182,Exit short,2024-03-14 23:00,Short Exit,1.08799,49180,53539.3152,31.97,0.06,31.97,0.06,-1.48,0.00,166.24,0.00
182,Entry short,2024-03-14 22:10," | F:80,44,2,1,0.61,1,0,51.2,0,0,23.98,1,40,40.76,97.8,9,36.67",1.08864,49180,53539.3152,31.97,0.06,31.97,0.06,-1.48,0.00,166.24,0.00
183,Exit short,2024-03-27 11:45,Short Exit,1.08301,63830,69159.805,31.28,0.05,31.28,0.05,-5.74,-0.01,197.52,0.00
183,Entry short,2024-03-27 11:30," | F:80,212,1,1,1.11,1,1,62.06,0,0,29.44,1,100,47.11,95.6,4,36.67",1.0835,63830,69159.805,31.28,0.05,31.28,0.05,-5.74,-0.01,197.52,0.00
184,Exit short,2024-03-29 04:50,Short Exit,1.0779,49180,53043.089,31.97,0.06,31.97,0.06,-1.97,0.00,229.48,0.00
184,Entry short,2024-03-29 03:50," | F:75,12,0,1,0.27,1,0,40.01,0,0,22.38,1,100,36.2,92,1.9,55",1.07855,49180,53043.089,31.97,0.06,31.97,0.06,-1.97,0.00,229.48,0.00
185,Exit long,2024-04-02 20:00,Time Stop (Bars),1.0767,16216,17473.06432,-13.3,-0.08,6,0.03,-19.78,-0.11,216.19,0.00
185,Entry long,2024-04-02 17:00," | F:70,6,2,0,0.57,0,1,79.72,0,0,47.16,1,80,50,99.6,7.4,50",1.07752,16216,17473.06432,-13.3,-0.08,6,0.03,-19.78,-0.11,216.19,0.00
186,Exit long,2024-04-04 14:50,Long Exit,1.08552,60000,65164.8,-33.6,-0.05,9.6,0.01,-33.6,-0.05,182.59,0.00
186,Entry long,2024-04-04 14:10," | F:70,8,1,0,0.76,0,1,58.32,1,0,15.91,1,60,50,99.4,1.4,61.67",1.08608,60000,65164.8,-33.6,-0.05,9.6,0.01,-33.6,-0.05,182.59,0.00
187,Exit short,2024-04-09 11:05,Short Exit,1.08501,57692,62628.12752,31.73,0.05,31.73,0.05,-20.19,-0.03,214.32,0.00
187,Entry short,2024-04-09 10:15," | F:55,14,1,1,1.24,1,1,48.68,1,0,18.2,1,80,57.64,94.4,2.7,36.67",1.08556,57692,62628.12752,31.73,0.05,31.73,0.05,-20.19,-0.03,214.32,0.00
188,Exit short,2024-04-10 20:30,Short Exit,1.07509,42254,45394.31728,-32.54,-0.07,1.69,0.00,-32.54,-0.07,181.78,0.00
188,Entry short,2024-04-10 20:25," | F:75,30,2,1,1.19,0,0,53.63,0,0,39.1,1,60,45.83,98.2,3,36.67",1.07432,42254,45394.31728,-32.54,-0.07,1.69,0.00,-32.54,-0.07,181.78,0.00
189,Exit short,2024-04-12 19:15,Short Exit,1.06408,56604,60262.88256,31.7,0.05,31.7,0.05,-2.26,0.00,213.48,0.00
189,Entry short,2024-04-12 18:55," | F:70,44,2,1,1.02,0,0,63.35,0,0,27.89,1,100,43.38,98.8,2.6,36.67",1.06464,56604,60262.88256,31.7,0.05,31.7,0.05,-2.26,0.00,213.48,0.00
190,Exit short,2024-04-16 21:50,Short Exit,1.06349,28302,30067.19574,-31.7,-0.11,22.08,0.07,-31.7,-0.11,181.78,0.00
190,Entry short,2024-04-16 21:10," | F:75,37,2,1,1.01,0,0,51.97,0,0,22.53,1,40,47.32,97.8,9.9,36.67",1.06237,28302,30067.19574,-31.7,-0.11,22.08,0.07,-31.7,-0.11,181.78,0.00
191,Exit short,2024-04-17 02:15,Short Exit,1.06225,60000,63699.6,-35.4,-0.06,24.6,0.04,-35.4,-0.06,146.38,0.00
191,Entry short,2024-04-17 00:15," | F:70,13,3,1,0.2,0,0,40.23,0,0,25.86,1,60,52.37,99,3.4,50",1.06166,60000,63699.6,-35.4,-0.06,24.6,0.04,-35.4,-0.06,146.38,0.00
192,Exit long,2024-04-17 19:25,Long Exit,1.06488,23077,24558.31263,15.92,0.06,15.92,0.06,-13.85,-0.06,162.31,0.00
192,Entry long,2024-04-17 18:30," | F:75,8,2,0,1.49,0,1,53.72,0,0,15.66,1,80,44.55,98.2,4.8,39.79",1.06419,23077,24558.31263,15.92,0.06,15.92,0.06,-13.85,-0.06,162.31,0.00
193,Exit long,2024-04-19 13:30,Long Exit,1.06575,57692,61453.5184,31.73,0.05,31.73,0.05,-1.73,0.00,194.04,0.00
193,Entry long,2024-04-19 13:25," | F:70,18,1,0,0.88,0,1,49.29,0,0,26.35,1,80,50,95.6,3.9,36.67",1.0652,57692,61453.5184,31.73,0.05,31.73,0.05,-1.73,0.00,194.04,0.00
194,Exit short,2024-04-22 17:20,Short Exit,1.06398,56604,60192.12756,-33.4,-0.06,3.96,0.01,-33.4,-0.06,160.64,0.00
194,Entry short,2024-04-22 17:05," | F:75,12,2,1,0.77,0,0,45.99,0,0,28.5,1,80,47.71,90.2,4,50.12",1.06339,56604,60192.12756,-33.4,-0.06,3.96,0.01,-33.4,-0.06,160.64,0.00
195,Exit long,2024-04-25 04:25,Long Exit,1.07061,61224,65515.8024,31.22,0.05,31.22,0.05,-11.02,-0.02,191.86,0.00
195,Entry long,2024-04-25 04:15," | F:75,23,0,0,0.13,1,1,50.45,1,0,20.42,1,0,41.83,95.8,5.6,36.67",1.0701,61224,65515.8024,31.22,0.05,31.22,0.05,-11.02,-0.02,191.86,0.00
196,Exit short,2024-05-01 21:00,Short Exit,1.0684,42857,45755.84748,-32.57,-0.07,24,0.05,-32.57,-0.07,159.29,0.00
196,Entry short,2024-05-01 20:50," | F:55,27,2,1,0.57,0,1,49.31,0,0,19.83,1,100,39.72,93,3.1,36.67",1.06764,42857,45755.84748,-32.57,-0.07,24,0.05,-32.57,-0.07,159.29,0.00
197,Exit long,2024-05-23 16:45,Long Exit,1.0844,36585,39704.9688,-32.19,-0.08,30,0.08,-32.19,-0.08,127.1,0.00
197,Entry long,2024-05-23 15:50," | F:70,14,2,0,0.56,0,1,61.3,1,0,26.96,1,80,41.74,95.8,5.4,36.67",1.08528,36585,39704.9688,-32.19,-0.08,30,0.08,-32.19,-0.08,127.1,0.00
198,Exit long,2024-05-28 00:05,Long Exit,1.08514,54545,59222.23375,-33.27,-0.06,4.36,0.01,-33.27,-0.06,93.83,0.00
198,Entry long,2024-05-28 00:00," | F:75,78,3,0,1.46,0,1,36.84,1,0,19.17,1,60,42.8,96,3.6,36.76",1.08575,54545,59222.23375,-33.27,-0.06,4.36,0.01,-33.27,-0.06,93.83,0.00
199,Exit short,2024-05-31 12:00,Short Exit,1.08396,60000,65004,-33.6,-0.05,0,0.00,-33.6,-0.05,60.23,0.00
199,Entry short,2024-05-31 11:55," | F:45,169,1,1,0.52,0,1,67.37,0,0,37.41,1,40,50,97.8,3.6,36.67",1.0834,60000,65004,-33.6,-0.05,0,0.00,-33.6,-0.05,60.23,0.00
200,Exit short,2024-06-06 10:50,Short Exit,1.08779,56604,61604.9634,31.7,0.05,31.7,0.05,-2.83,0.00,91.92,0.00
200,Entry short,2024-06-06 10:00," | F:55,28,1,1,0.45,1,1,52.1,1,0,41.7,1,80,50,99.6,0.9,20.11",1.08835,56604,61604.9634,31.7,0.05,31.7,0.05,-2.83,0.00,91.92,0.00
201,Exit long,2024-06-06 15:15,Long Exit,1.08749,22388,24330.83064,15.9,0.07,15.9,0.07,-8.73,-0.04,107.82,0.00
201,Entry long,2024-06-06 14:55," | F:50,218,1,0,0.83,0,0,32.24,1,0,31.11,1,60,53.37,99.2,14.4,50",1.08678,22388,24330.83064,15.9,0.07,15.9,0.07,-8.73,-0.04,107.82,0.00
202,Exit short,2024-06-06 16:35,Short Exit,1.08882,25862,28127.5112,-31.55,-0.11,11.12,0.04,-31.55,-0.11,76.27,0.00
202,Entry short,2024-06-06 16:15," | F:55,7,2,1,0.27,1,0,47.17,1,0,27.3,1,60,50,99.6,11.6,50",1.0876,25862,28127.5112,-31.55,-0.11,11.12,0.04,-31.55,-0.11,76.27,0.00
203,Exit long,2024-06-11 16:15,Long Exit,1.07264,32609,35009.67458,-31.96,-0.09,1.3,0.00,-31.96,-0.09,44.31,0.00
203,Entry long,2024-06-11 16:05," | F:50,8,2,0,1.18,0,0,53.61,0,0,34.37,1,80,47.16,96.8,5.4,42.38",1.07362,32609,35009.67458,-31.96,-0.09,1.3,0.00,-31.96,-0.09,44.31,0.00
204,Exit short,2024-06-20 11:00,Short Exit,1.0723,44776,48045.09576,31.79,0.07,31.79,0.07,-1.34,0.00,76.1,0.00
204,Entry short,2024-06-20 10:35," | F:70,14,1,1,0.89,0,0,36.95,0,0,33.25,1,100,49.82,97.4,3.5,58.89",1.07301,44776,48045.09576,31.79,0.07,31.79,0.07,-1.34,0.00,76.1,0.00
205,Exit long,2024-06-21 13:30,Long Exit,1.06849,65217,69717.62517,-33.91,-0.05,1.3,0.00,-33.91,-0.05,42.19,0.00
205,Entry long,2024-06-21 13:25," | F:60,14,1,0,0.87,1,0,46.35,0,0,18.89,1,80,44.03,86.8,3.7,36.67",1.06901,65217,69717.62517,-33.91,-0.05,1.3,0.00,-33.91,-0.05,42.19,0.00
206,Exit long,2024-06-21 16:45,Long Exit,1.06861,23077,24676.69764,-16.38,-0.07,9,0.04,-16.38,-0.07,25.8,0.00
206,Entry long,2024-06-21 16:25," | F:45,14,2,0,0.55,0,0,54.45,0,0,13.28,1,60,50,99.6,6.8,36.67",1.06932,23077,24676.69764,-16.38,-0.07,9,0.04,-16.38,-0.07,25.8,0.00
207,Exit short,2024-06-25 16:55,Short Exit,1.07004,46154,49418.47242,31.85,0.06,31.85,0.06,-5.08,-0.01,57.65,0.00
207,Entry short,2024-06-25 16:15," | F:70,13,2,1,0.67,0,0,40.6,0,0,31.02,1,80,48.77,99.6,5.6,50",1.07073,46154,49418.47242,31.85,0.06,31.85,0.06,-5.08,-0.01,57.65,0.00
208,Exit long,2024-06-26 09:40,Long Exit,1.06978,55556,59466.03128,-33.33,-0.06,4.44,0.01,-33.33,-0.06,24.32,0.00
208,Entry long,2024-06-26 09:20," | F:60,186,0,0,1.2,1,0,35.98,0,0,38.84,1,40,55.36,98.4,17.3,50",1.07038,55556,59466.03128,-33.33,-0.06,4.44,0.01,-33.33,-0.06,24.32,0.00
209,Exit long,2024-06-28 03:00,Time Stop (Bars),1.07072,38961,41702.29596,14.03,0.03,22.6,0.05,-2.73,-0.01,38.34,0.00
209,Entry long,2024-06-28 00:00," | F:75,107,3,0,0.96,1,1,44.49,0,0,13.52,1,80,48.99,99.8,6.8,50",1.07036,38961,41702.29596,14.03,0.03,22.6,0.05,-2.73,-0.01,38.34,0.00
210,Exit short,2024-07-01 17:15,Short Exit,1.07442,24000,25818.48,32.4,0.13,32.4,0.13,-3.36,-0.01,70.74,0.00
210,Entry short,2024-07-01 17:00," | F:60,63,2,1,0.6,1,1,63.16,1,0,26.38,1,100,42.86,97.8,8.3,50",1.07577,24000,25818.48,32.4,0.13,32.4,0.13,-3.36,-0.01,70.74,0.00
211,Exit long,2024-07-03 03:05,Time Stop (Bars),1.07522,24793,26640.82229,17.11,0.06,22.56,0.08,-4.71,-0.02,87.85,0.00
211,Entry long,2024-07-03 00:05," | F:70,43,3,0,1.44,0,1,54.01,1,0,42.55,1,100,47.89,95.2,2.5,54.17",1.07453,24793,26640.82229,17.11,0.06,22.56,0.08,-4.71,-0.02,87.85,0.00
212,Exit long,2024-07-12 17:10,Long Exit,1.09004,55556,60526.59532,31.67,0.05,31.67,0.05,-19.44,-0.03,119.52,0.00
212,Entry long,2024-07-12 16:45," | F:80,9,2,0,0.56,1,1,56.23,1,0,20.32,1,80,36.42,98.8,6.6,50",1.08947,55556,60526.59532,31.67,0.05,31.67,0.05,-19.44,-0.03,119.52,0.00
213,Exit long,2024-07-16 03:00,Time Stop (Bars),1.08958,36585,39856.79655,5.49,0.01,15.73,0.04,-8.78,-0.02,125,0.00
213,Entry long,2024-07-16 00:00," | F:75,162,3,0,1.44,0,0,34,1,0,12.46,1,20,51.76,92.4,3.6,50",1.08943,36585,39856.79655,5.49,0.01,15.73,0.04,-8.78,-0.02,125,0.00
214,Exit long,2024-07-26 10:55,Long Exit,1.08461,45455,49333.67515,-32.73,-0.07,10.45,0.02,-32.73,-0.07,92.28,0.00
214,Entry long,2024-07-26 10:25," | F:65,102,1,0,0.41,0,1,49.57,0,0,25.44,1,100,50,97.4,1.9,38.48",1.08533,45455,49333.67515,-32.73,-0.07,10.45,0.02,-32.73,-0.07,92.28,0.00
215,Exit long,2024-07-30 15:55,Long Exit,1.08042,37975,41061.22825,-32.28,-0.08,0,0.00,-32.28,-0.08,60,0.00
215,Entry long,2024-07-30 15:40," | F:55,263,2,0,0.91,0,0,26.5,0,0,47.54,1,60,56.39,86.2,13.5,36.67",1.08127,37975,41061.22825,-32.28,-0.08,0,0.00,-32.28,-0.08,60,0.00
216,Exit short,2024-07-31 01:05,Short Exit,1.08167,50000,54050.5,-33,-0.06,0,0.00,-33,-0.06,27,0.00
216,Entry short,2024-07-31 00:00," | F:70,33,3,1,0.59,0,0,43.68,0,0,16.79,1,100,51.89,97.4,3.4,36.67",1.08101,50000,54050.5,-33,-0.06,0,0.00,-33,-0.06,27,0.00
217,Exit short,2024-07-31 13:40,Short Exit,1.08346,27273,29532.56805,-16.64,-0.06,5.18,0.02,-16.64,-0.06,10.36,0.00
217,Entry short,2024-07-31 13:10," | F:60,280,1,1,0.56,1,1,60.72,0,0,25.66,1,100,47.46,98,2.2,30.46",1.08285,27273,29532.56805,-16.64,-0.06,5.18,0.02,-16.64,-0.06,10.36,0.00
218,Exit long,2024-08-01 03:05,Time Stop (Bars),1.08255,55556,60141.59224,0.56,0.00,31.11,0.05,-21.67,-0.04,10.92,0.00
218,Entry long,2024-08-01 00:05," | F:65,13,3,0,1.72,0,1,51.89,0,0,14.54,1,40,50,99,2.9,65.24",1.08254,55556,60141.59224,0.56,0.00,31.11,0.05,-21.67,-0.04,10.92,0.00
219,Exit long,2024-08-02 23:15,Time Stop (Bars),1.09119,62500,68198.125,1.25,0.00,30.63,0.04,-29.37,-0.04,12.17,0.00
219,Entry long,2024-08-02 20:15," | F:70,13,2,0,0.92,0,1,50.39,1,0,18.9,1,80,50,98.6,5.3,33.65",1.09117,62500,68198.125,1.25,0.00,30.63,0.04,-29.37,-0.04,12.17,0.00
220,Exit long,2024-08-05 03:15,Long Exit,1.09167,47619,51952.329,31.9,0.06,31.9,0.06,-15.71,-0.03,44.07,0.00
220,Entry long,2024-08-05 02:50," | F:65,12,3,0,0.54,0,1,51.3,1,0,22.52,1,40,50,98.2,4.5,36.67",1.091,47619,51952.329,31.9,0.06,31.9,0.06,-15.71,-0.03,44.07,0.00
221,Exit short,2024-08-05 15:10,Short Exit,1.09708,29412,32250.55212,-16.76,-0.05,0,0.00,-16.76,-0.05,27.31,0.00
221,Entry short,2024-08-05 15:05," | F:55,42,2,1,0.93,0,1,65.23,1,0,17.6,1,100,55.12,84.4,15.5,36.67",1.09651,29412,32250.55212,-16.76,-0.05,0,0.00,-16.76,-0.05,27.31,0.00
222,Exit long,2024-08-05 16:50,Long Exit,1.09837,27523,30262.08896,-31.65,-0.10,13.21,0.04,-31.65,-0.10,-4.34,0.00
222,Entry long,2024-08-05 16:40," | F:75,7,2,0,0.64,0,1,62.66,1,0,52.24,1,80,37.08,98.6,5.3,36.67",1.09952,27523,30262.08896,-31.65,-0.10,13.21,0.04,-31.65,-0.10,-4.34,0.00
223,Exit long,2024-08-07 23:15,Time Stop (Bars),1.09215,56604,61824.02088,-3.96,-0.01,27.74,0.04,-26.6,-0.04,-8.31,0.00
223,Entry long,2024-08-07 20:15," | F:80,42,2,0,1.53,1,1,45.82,1,0,17.1,1,80,50.48,98,4.1,36.67",1.09222,56604,61824.02088,-3.96,-0.01,27.74,0.04,-26.6,-0.04,-8.31,0.00
224,Exit long,2024-08-09 10:10,Long Exit,1.0929,50847,55539.16116,31.53,0.06,31.53,0.06,-9.66,-0.02,23.22,0.00
224,Entry long,2024-08-09 09:00," | F:70,45,0,0,0.94,0,1,60.33,1,0,14.69,1,20,52.45,99.2,5.8,36.67",1.09228,50847,55539.16116,31.53,0.06,31.53,0.06,-9.66,-0.02,23.22,0.00
225,Exit short,2024-08-09 17:15,Short Exit,1.09254,24590,26849.0833,-16.48,-0.06,1.23,0.00,-16.48,-0.06,6.74,0.00
225,Entry short,2024-08-09 16:30," | F:60,48,2,1,0.63,1,1,57.11,1,0,20.6,1,40,38.3,99.6,6.5,34.67",1.09187,24590,26849.0833,-16.48,-0.06,1.23,0.00,-16.48,-0.06,6.74,0.00
226,Exit long,2024-08-12 10:25,Long Exit,1.0928,47619,52006.13847,31.9,0.06,31.9,0.06,-10.48,-0.02,38.65,0.00
226,Entry long,2024-08-12 09:30," | F:55,27,0,0,0.65,1,1,59.7,1,0,23.66,1,100,45.07,97.8,4.4,50",1.09213,47619,52006.13847,31.9,0.06,31.9,0.06,-10.48,-0.02,38.65,0.00
227,Exit long,2024-08-15 11:30,Long Exit,1.10062,60000,66070.8,-33.6,-0.05,14.4,0.02,-33.6,-0.05,5.05,0.00
227,Entry long,2024-08-15 10:45," | F:55,63,1,0,0.88,1,1,49.69,1,0,11.37,1,100,41.45,99.8,1.6,50",1.10118,60000,66070.8,-33.6,-0.05,14.4,0.02,-33.6,-0.05,5.05,0.00
228,Exit long,2024-08-16 12:30,Long Exit,1.09876,63830,70102.5741,31.28,0.04,31.28,0.04,-3.83,-0.01,36.32,0.00
228,Entry long,2024-08-16 12:15," | F:70,21,1,0,1.19,0,1,47.22,1,0,20.69,1,80,50,97.2,2,26.67",1.09827,63830,70102.5741,31.28,0.04,31.28,0.04,-3.83,-0.01,36.32,0.00
229,Exit long,2024-08-23 16:05,Long Exit,1.11098,65217,72488.6955,-33.91,-0.05,2.61,0.00,-33.91,-0.05,2.41,0.00
229,Entry long,2024-08-23 15:50," | F:50,16,2,0,0.71,0,0,43.75,1,0,18.39,1,40,48.23,89.4,2.3,36.67",1.1115,65217,72488.6955,-33.91,-0.05,2.61,0.00,-33.91,-0.05,2.41,0.00
230,Exit long,2024-08-23 19:45,Long Exit,1.1164,21127,23602.45059,-16.27,-0.07,5.92,0.03,-16.27,-0.07,-13.86,0.00
230,Entry long,2024-08-23 19:30," | F:80,27,2,0,2.01,1,1,51.21,1,0,31.19,1,80,44.11,96.8,16.4,36.67",1.11717,21127,23602.45059,-16.27,-0.07,5.92,0.03,-16.27,-0.07,-13.86,0.00
231,Exit long,2024-08-28 10:55,Long Exit,1.11581,61224,68283.1272,31.22,0.05,31.22,0.05,-24.49,-0.04,17.37,0.00
231,Entry long,2024-08-28 10:40," | F:45,9,1,0,1.12,0,0,52.94,1,0,32.6,1,80,50,94.8,4.2,36.67",1.1153,61224,68283.1272,31.22,0.05,31.22,0.05,-24.49,-0.04,17.37,0.00
232,Exit short,2024-09-03 17:10,Short Exit,1.105,31250,34563.4375,32.19,0.09,32.19,0.09,-14.06,-0.04,49.56,0.00
232,Entry short,2024-09-03 17:00," | F:45,141,2,1,0.21,0,1,65.68,0,0,34.74,1,60,50,97.6,2.1,33.93",1.10603,31250,34563.4375,32.19,0.09,32.19,0.09,-14.06,-0.04,49.56,0.00
233,Exit short,2024-09-04 16:35,Short Exit,1.10576,48387,53471.50596,-32.9,-0.06,0,0.00,-32.9,-0.06,16.65,0.00
233,Entry short,2024-09-04 16:10," | F:55,42,2,1,0.71,0,1,52.86,0,0,15.74,1,80,47.21,99.6,4.9,36.67",1.10508,48387,53471.50596,-32.9,-0.06,0,0.00,-32.9,-0.06,16.65,0.00
234,Exit short,2024-09-05 20:15,Short Exit,1.11065,42254,46896.86952,-32.54,-0.07,0,0.00,-32.54,-0.07,-15.88,0.00
234,Entry short,2024-09-05 19:45," | F:70,34,2,1,1.19,0,1,55.43,1,0,21.22,1,80,50,88,13.7,33.87",1.10988,42254,46896.86952,-32.54,-0.07,0,0.00,-32.54,-0.07,-15.88,0.00
235,Exit long,2024-09-06 12:05,Long Exit,1.11116,39474,43894.29852,-32.37,-0.07,3.95,0.01,-32.37,-0.07,-48.25,0.00
235,Entry long,2024-09-06 11:45," | F:75,6,1,0,0.78,0,1,59.43,1,0,12.36,1,60,32.56,99.8,2.8,36.67",1.11198,39474,43894.29852,-32.37,-0.07,3.95,0.01,-32.37,-0.07,-48.25,0.00
236,Exit long,2024-09-12 10:30,Long Exit,1.10152,65217,71806.52568,31.3,0.04,31.3,0.04,-28.7,-0.04,-16.95,0.00
236,Entry long,2024-09-12 10:00," | F:50,73,1,0,0.47,0,0,33.57,0,0,37.83,1,80,32.58,99.2,5.3,43.75",1.10104,65217,71806.52568,31.3,0.04,31.3,0.04,-28.7,-0.04,-16.95,0.00
237,Exit long,2024-09-13 10:15,Long Exit,1.10732,56604,62712.13764,-33.4,-0.05,3.4,0.01,-33.4,-0.05,-50.34,0.00
237,Entry long,2024-09-13 09:55," | F:70,88,0,0,0.36,0,1,43.68,1,0,20.15,1,40,58.5,91.6,9.8,36.67",1.10791,56604,62712.13764,-33.4,-0.05,3.4,0.01,-33.4,-0.05,-50.34,0.00
238,Exit long,2024-09-13 16:00,Long Exit,1.10942,21739,24101.81191,15.87,0.07,15.87,0.07,-8.91,-0.04,-34.47,0.00
238,Entry long,2024-09-13 15:40," | F:70,7,2,0,0.89,0,1,50.22,1,0,12.84,1,60,36.25,99.4,5.4,56.9",1.10869,21739,24101.81191,15.87,0.07,15.87,0.07,-8.91,-0.04,-34.47,0.00
239,Exit long,2024-09-20 17:10,Long Exit,1.11431,62500,69678.125,-33.75,-0.05,15,0.02,-33.75,-0.05,-68.22,0.00
239,Entry long,2024-09-20 17:05," | F:80,267,2,0,0.42,1,0,26.15,1,0,32.22,1,20,44.59,97.4,5,16.67",1.11485,62500,69678.125,-33.75,-0.05,15,0.02,-33.75,-0.05,-68.22,0.00
240,Exit short,2024-09-24 15:35,Short Exit,1.11401,57692,64236.00356,-33.46,-0.05,5.19,0.01,-33.46,-0.05,-101.69,0.00
240,Entry short,2024-09-24 15:25," | F:60,26,2,1,0.48,1,1,56.31,1,0,28.2,1,80,50,92.8,5.4,36.67",1.11343,57692,64236.00356,-33.46,-0.05,5.19,0.01,-33.46,-0.05,-101.69,0.00
241,Exit long,2024-09-24 22:05,Long Exit,1.11705,26786,29905.49756,15.8,0.05,15.8,0.05,-4.29,-0.01,-85.88,0.00
241,Entry long,2024-09-24 21:20," | F:70,7,2,0,0.62,0,1,65.65,1,0,17.52,1,60,38.77,98.6,2.5,36.67",1.11646,26786,29905.49756,15.8,0.05,15.8,0.05,-4.29,-0.01,-85.88,0.00
242,Exit long,2024-09-25 04:30,Long Exit,1.1188,56604,63361.95156,-33.4,-0.05,0,0.00,-33.4,-0.05,-119.28,0.00
242,Entry long,2024-09-25 04:15," | F:75,10,0,0,1.08,1,1,62.94,1,0,31.28,1,60,53.58,99,3.2,40.24",1.11939,56604,63361.95156,-33.4,-0.05,0,0.00,-33.4,-0.05,-119.28,0.00
243,Exit long,2024-09-25 11:45,Long Exit,1.11827,22059,24684.24159,-16.32,-0.07,3.09,0.01,-16.32,-0.07,-135.6,0.00
243,Entry long,2024-09-25 11:30," | F:70,108,1,0,0.27,0,1,48.98,1,0,10.87,1,40,59.24,98.4,8.6,16.67",1.11901,22059,24684.24159,-16.32,-0.07,3.09,0.01,-16.32,-0.07,-135.6,0.00
244,Exit long,2024-09-26 16:50,Long Exit,1.1136,16854,18799.62576,-31.01,-0.16,9.1,0.05,-31.01,-0.16,-166.61,0.00
244,Entry long,2024-09-26 15:40," | F:75,47,2,0,0.43,0,1,51.19,1,0,21.63,1,100,47.44,97.2,12.7,36.67",1.11544,16854,18799.62576,-31.01,-0.16,9.1,0.05,-31.01,-0.16,-166.61,0.00
245,Exit long,2024-09-26 19:20,Long Exit,1.11688,28302,31626.63594,-16.7,-0.05,0,0.00,-16.7,-0.05,-183.31,0.00
245,Entry long,2024-09-26 19:15," | F:70,13,2,0,0.65,0,1,54.82,1,0,31.69,1,60,50,92,4.1,36.67",1.11747,28302,31626.63594,-16.7,-0.05,0,0.00,-16.7,-0.05,-183.31,0.00
246,Exit short,2024-10-01 22:25,Short Exit,1.10756,57692,63863.89016,-33.46,-0.05,1.73,0.00,-33.46,-0.05,-216.77,0.00
246,Entry short,2024-10-01 22:05," | F:70,50,2,1,1.16,0,0,60.25,0,0,29.45,1,80,50,95.4,8.9,32.14",1.10698,57692,63863.89016,-33.46,-0.05,1.73,0.00,-33.46,-0.05,-216.77,0.00
247,Exit long,2024-10-03 03:00,Time Stop (Bars),1.10454,41667,46021.2015,1.67,0.00,18.75,0.04,-5.83,-0.01,-215.11,0.00
247,Entry long,2024-10-03 00:00," | F:45,23,3,0,0.62,0,0,45.22,0,0,31.94,1,40,50,97.4,1.2,50",1.1045,41667,46021.2015,1.67,0.00,18.75,0.04,-5.83,-0.01,-215.11,0.00
248,Exit short,2024-10-04 18:25,Short Exit,1.096,30000,32912.1,32.1,0.10,32.1,0.10,-26.4,-0.08,-183.01,0.00
248,Entry short,2024-10-04 17:45," | F:75,6,2,1,0.75,0,0,40.94,0,0,27.83,1,100,43.09,98.6,6.3,50",1.09707,30000,32912.1,32.1,0.10,32.1,0.10,-26.4,-0.08,-183.01,0.00
249,Exit short,2024-10-04 20:55,Short Exit,1.09693,28846,31625.3121,-16.73,-0.05,2.6,0.01,-16.73,-0.05,-199.74,0.00
249,Entry short,2024-10-04 20:25," | F:75,27,2,1,0.98,0,0,52.3,0,0,19.96,1,100,54.75,98.4,9.2,36.67",1.09635,28846,31625.3121,-16.73,-0.05,2.6,0.01,-16.73,-0.05,-199.74,0.00
250,Exit long,2024-10-08 10:40,Long Exit,1.09897,55556,61022.7104,31.67,0.05,31.67,0.05,-31.11,-0.05,-168.07,0.00
250,Entry long,2024-10-08 10:10," | F:65,52,1,0,0.8,0,1,49.41,0,0,14.32,1,40,50,97.4,5.8,30.67",1.0984,55556,61022.7104,31.67,0.05,31.67,0.05,-31.11,-0.05,-168.07,0.00
251,Exit short,2024-10-08 17:30,Short Exit,1.09713,16304,17903.74848,16.14,0.09,16.14,0.09,-7.66,-0.04,-151.93,0.00
251,Entry short,2024-10-08 15:05," | F:55,20,2,1,0.82,0,0,41.93,0,0,15.17,1,60,48.12,97.2,5.8,36.67",1.09812,16304,17903.74848,16.14,0.09,16.14,0.09,-7.66,-0.04,-151.93,0.00
252,Exit long,2024-10-08 22:55,Long Exit,1.09776,49180,53955.8698,31.97,0.06,31.97,0.06,-12.29,-0.02,-119.96,0.00
252,Entry long,2024-10-08 20:20," | F:55,20,2,0,0.74,0,0,47.79,0,0,19.75,1,80,38.96,96.4,2.7,36.67",1.09711,49180,53955.8698,31.97,0.06,31.97,0.06,-12.29,-0.02,-119.96,0.00
253,Exit short,2024-10-16 23:40,Short Exit,1.08616,63830,69295.7629,-33.83,-0.05,1.28,0.00,-33.83,-0.05,-153.79,0.00
253,Entry short,2024-10-16 22:45," | F:70,18,2,1,0.89,0,0,41.68,0,0,36.47,1,60,35.77,99.2,2,57.05",1.08563,63830,69295.7629,-33.83,-0.05,1.28,0.00,-33.83,-0.05,-153.79,0.00
254,Exit short,2024-10-17 18:25,Short Exit,1.08342,42857,46399.55962,-32.57,-0.07,9,0.02,-32.57,-0.07,-186.36,0.00
254,Entry short,2024-10-17 18:15," | F:70,16,2,1,0.79,0,0,47.84,0,0,28.86,1,100,50,92,6,39.91",1.08266,42857,46399.55962,-32.57,-0.07,9,0.02,-32.57,-0.07,-186.36,0.00
255,Exit short,2024-10-22 11:30,Short Exit,1.08274,54545,59089.6894,31.64,0.05,31.64,0.05,-21.27,-0.04,-154.73,0.00
255,Entry short,2024-10-22 10:45," | F:75,205,1,1,0.59,0,1,66.06,0,0,29.13,1,40,32.6,88,3.9,36.67",1.08332,54545,59089.6894,31.64,0.05,31.64,0.05,-21.27,-0.04,-154.73,0.00
256,Exit short,2024-10-22 21:55,Short Exit,1.08006,21429,23160.4632,15.86,0.07,15.86,0.07,-1.71,-0.01,-138.87,0.00
256,Entry short,2024-10-22 19:50," | F:75,17,2,1,0.52,0,0,47.87,0,0,14.69,1,40,47.58,92.2,3.6,24.36",1.0808,21429,23160.4632,15.86,0.07,15.86,0.07,-1.71,-0.01,-138.87,0.00
257,Exit short,2024-10-23 16:55,Short Exit,1.07742,63830,68802.9953,31.28,0.05,31.28,0.05,-4.47,-0.01,-107.59,0.00
257,Entry short,2024-10-23 16:50," | F:75,44,2,1,0.35,0,0,60.28,0,0,24.65,1,60,34.04,99.6,2,16.67",1.07791,63830,68802.9953,31.28,0.05,31.28,0.05,-4.47,-0.01,-107.59,0.00
258,Exit long,2024-10-25 00:35,Time Stop (Bars),1.08272,42254,45736.15214,13.1,0.03,24.08,0.05,-13.1,-0.03,-94.49,0.00
258,Entry long,2024-10-24 21:35," | F:75,16,2,0,0.29,1,1,69.27,0,0,40.69,1,80,47.66,91.4,2.2,37.22",1.08241,42254,45736.15214,13.1,0.03,24.08,0.05,-13.1,-0.03,-94.49,0.00
259,Exit short,2024-10-25 10:55,Short Exit,1.08275,65217,70579.79391,-33.91,-0.05,11.74,0.02,-33.91,-0.05,-128.41,0.00
259,Entry short,2024-10-25 10:35," | F:55,57,1,1,0.76,1,1,56.03,0,0,29.01,1,100,51.33,99.8,5.4,36.67",1.08223,65217,70579.79391,-33.91,-0.05,11.74,0.02,-33.91,-0.05,-128.41,0.00
260,Exit short,2024-11-04 17:20,Short Exit,1.09083,53571,58403.63991,-33.21,-0.06,13.93,0.02,-33.21,-0.06,-161.62,0.00
260,Entry short,2024-11-04 17:05," | F:60,10,2,1,0.39,1,1,49.39,1,0,12.01,1,60,50,99,5,48.45",1.09021,53571,58403.63991,-33.21,-0.06,13.93,0.02,-33.21,-0.06,-161.62,0.00
261,Exit short,2024-11-04 21:30,Short Exit,1.08783,31915,34733.7328,15.64,0.05,15.64,0.05,-7.98,-0.02,-145.98,0.00
261,Entry short,2024-11-04 20:50," | F:75,11,2,1,0.57,1,0,45.5,1,0,19.81,1,100,50,99.4,5.8,60.67",1.08832,31915,34733.7328,15.64,0.05,15.64,0.05,-7.98,-0.02,-145.98,0.00
262,Exit short,2024-11-06 10:10,Short Exit,1.07368,56604,60806.28096,31.7,0.05,31.7,0.05,-1.7,0.00,-114.28,0.00
262,Entry short,2024-11-06 10:05," | F:80,8,1,1,0.65,1,0,51.02,0,0,16.75,1,80,47.27,96.2,14.6,36.67",1.07424,56604,60806.28096,31.7,0.05,31.7,0.05,-1.7,0.00,-114.28,0.00
263,Exit long,2024-11-12 20:35,Long Exit,1.06149,62500,66311.875,31.25,0.05,31.25,0.05,-5.62,-0.01,-83.03,0.00
263,Entry long,2024-11-12 20:20," | F:45,5,2,0,0.53,0,0,56.85,0,0,21.8,1,80,50,99,4.8,36.67",1.06099,62500,66311.875,31.25,0.05,31.25,0.05,-5.62,-0.01,-83.03,0.00
264,Exit short,2024-11-14 15:30,Short Exit,1.05269,32967,34736.33889,32.31,0.09,32.31,0.09,-22.75,-0.07,-50.73,0.00
264,Entry short,2024-11-14 14:45," | F:75,49,2,1,0.91,0,0,65.37,0,0,30.86,1,40,41.04,95.2,9.7,50",1.05367,32967,34736.33889,32.31,0.09,32.31,0.09,-22.75,-0.07,-50.73,0.00
265,Exit long,2024-11-25 22:30,Long Exit,1.05,57692,60610.06136,-33.46,-0.06,20.77,0.03,-33.46,-0.06,-84.19,0.00
265,Entry long,2024-11-25 21:55," | F:75,15,2,0,1.12,1,1,58.25,0,0,27.56,1,80,48.2,93.6,5.2,16.67",1.05058,57692,60610.06136,-33.46,-0.06,20.77,0.03,-33.46,-0.06,-84.19,0.00
266,Exit short,2024-11-26 22:55,Short Exit,1.04819,24000,25125.12,-31.44,-0.13,25.68,0.10,-31.44,-0.13,-115.63,0.00
266,Entry short,2024-11-26 21:10," | F:80,28,2,1,1.21,1,0,49.7,0,0,17.23,1,100,44.99,92.4,10.3,50",1.04688,24000,25125.12,-31.44,-0.13,25.68,0.10,-31.44,-0.13,-115.63,0.00
267,Exit long,2024-11-27 17:10,Long Exit,1.05339,26786,28247.71202,-31.61,-0.11,2.68,0.01,-31.61,-0.11,-147.24,0.00
267,Entry long,2024-11-27 17:05," | F:75,21,2,0,0.5,0,1,47.81,1,0,32.15,1,60,51.2,82,15.1,36.67",1.05457,26786,28247.71202,-31.61,-0.11,2.68,0.01,-31.61,-0.11,-147.24,0.00
268,Exit short,2024-11-28 11:00,Short Exit,1.05373,47619,50209.4736,31.9,0.06,31.9,0.06,-22.38,-0.04,-115.33,0.00
268,Entry short,2024-11-28 10:55," | F:80,20,1,1,1.02,1,0,53.14,1,0,21.26,1,100,49,96,12.6,50",1.0544,47619,50209.4736,31.9,0.06,31.9,0.06,-22.38,-0.04,-115.33,0.00
269,Exit long,2024-11-28 11:45,Long Exit,1.05317,18750,19763.0625,-16.12,-0.08,1.31,0.01,-16.12,-0.08,-131.46,0.00
269,Entry long,2024-11-28 11:20," | F:55,12,1,0,0.5,0,0,47.81,1,0,16.95,1,80,38.68,95,13.7,36.67",1.05403,18750,19763.0625,-16.12,-0.08,1.31,0.01,-16.12,-0.08,-131.46,0.00
270,Exit short,2024-12-09 05:25,Short Exit,1.05464,57692,60876.02148,31.73,0.05,31.73,0.05,-11.54,-0.02,-99.73,0.00
270,Entry short,2024-12-09 05:05," | F:75,20,0,1,0.9,1,0,41.72,1,0,13.64,1,80,45.74,96.4,1.5,36.67",1.05519,57692,60876.02148,31.73,0.05,31.73,0.05,-11.54,-0.02,-99.73,0.00
271,Exit long,2024-12-10 09:45,Long Exit,1.05549,60000,63363,-33.6,-0.05,13.8,0.02,-33.6,-0.05,-133.33,0.00
271,Entry long,2024-12-10 09:25," | F:75,25,1,0,0.45,1,1,46.62,1,0,24.33,1,100,39.64,91.6,2.1,66.67",1.05605,60000,63363,-33.6,-0.05,13.8,0.02,-33.6,-0.05,-133.33,0.00
272,Exit long,2024-12-12 03:05,Time Stop (Bars),1.05071,25000,26241.5,26.25,0.10,30.25,0.12,-13.75,-0.05,-107.08,0.00
272,Entry long,2024-12-12 00:05," | F:55,34,3,0,1.03,1,0,58.4,0,0,13.45,1,40,45.44,97.4,6.8,50",1.04966,25000,26241.5,26.25,0.10,30.25,0.12,-13.75,-0.05,-107.08,0.00
273,Exit long,2024-12-13 11:20,Long Exit,1.04721,37500,39238.5,31.88,0.08,31.88,0.08,-6.37,-0.02,-75.2,0.00
273,Entry long,2024-12-13 10:00," | F:60,8,1,0,0.55,1,0,55.59,0,0,19.88,1,40,36.39,99,4.8,50",1.04636,37500,39238.5,31.88,0.08,31.88,0.08,-6.37,-0.02,-75.2,0.00
274,Exit short,2024-12-17 23:45,Time Stop (Bars),1.04915,30928,32459.55456,11.44,0.04,31.24,0.10,-4.02,-0.01,-63.76,0.00
274,Entry short,2024-12-17 20:45," | F:70,12,2,1,0.77,0,0,41.94,0,0,10.24,1,80,46.36,92.8,4.6,36.67",1.04952,30928,32459.55456,11.44,0.04,31.24,0.10,-4.02,-0.01,-63.76,0.00
275,Exit short,2024-12-19 15:00,Short Exit,1.03907,31915,33194.1532,32.23,0.10,32.23,0.10,-30.32,-0.09,-31.52,0.00
275,Entry short,2024-12-19 14:40," | F:70,14,2,1,0.68,0,0,43.26,0,0,11.73,1,40,45.52,99.8,10,50",1.04008,31915,33194.1532,32.23,0.10,32.23,0.10,-30.32,-0.09,-31.52,0.00
276,Exit long,2024-12-19 15:15,Long Exit,1.04065,14563,15138.82102,16.16,0.11,16.16,0.11,-0.44,0.00,-15.36,0.00
276,Entry long,2024-12-19 15:05," | F:70,74,2,0,0.39,0,0,42.07,0,0,12.82,1,60,51.53,94,19,48.97",1.03954,14563,15138.82102,16.16,0.11,16.16,0.11,-0.44,0.00,-15.36,0.00
277,Exit short,2024-12-20 18:15,Short Exit,1.04086,33333,34662.9867,-32,-0.09,26,0.08,-32,-0.09,-47.36,0.00
277,Entry short,2024-12-20 17:10," | F:60,16,2,1,0.63,1,1,52.69,0,0,18.39,1,100,46.26,85.6,9.8,36.67",1.0399,33333,34662.9867,-32,-0.09,26,0.08,-32,-0.09,-47.36,0.00
278,Exit long,2024-12-23 16:55,Long Exit,1.03921,44118,45880.5141,-32.65,-0.07,6.62,0.01,-32.65,-0.07,-80,0.00
278,Entry long,2024-12-23 16:45," | F:55,14,2,0,0.63,0,0,51.17,0,0,21.64,1,80,41.49,92.8,4.9,43.08",1.03995,44118,45880.5141,-32.65,-0.07,6.62,0.01,-32.65,-0.07,-80,0.00
279,Exit long,2024-12-23 21:50,Long Exit,1.04116,23437,24385.72976,15.94,0.07,15.94,0.07,-1.87,-0.01,-64.07,0.00
279,Entry long,2024-12-23 21:30," | F:50,19,2,0,0.82,0,0,50.07,0,0,14.63,1,100,51.57,89.6,4.3,44.44",1.04048,23437,24385.72976,15.94,0.07,15.94,0.07,-1.87,-0.01,-64.07,0.00
280,Exit short,2024-12-24 13:00,Short Exit,1.0398,55556,57733.7952,-33.33,-0.06,6.67,0.01,-33.33,-0.06,-97.4,0.00
280,Entry short,2024-12-24 12:30," | F:80,12,1,1,0.35,1,0,44.34,0,0,14.19,1,60,29.08,96.8,3.9,36.67",1.0392,55556,57733.7952,-33.33,-0.06,6.67,0.01,-33.33,-0.06,-97.4,0.00
281,Exit short,2024-12-27 16:00,Short Exit,1.04393,57692,60192.9482,-33.46,-0.06,28.27,0.05,-33.46,-0.06,-130.86,0.00
281,Entry short,2024-12-27 15:10," | F:45,10,2,1,0.78,0,1,55.82,1,0,25.99,1,60,50,94,5,67.92",1.04335,57692,60192.9482,-33.46,-0.06,28.27,0.05,-33.46,-0.06,-130.86,0.00
282,Exit long,2024-12-27 18:20,Long Exit,1.04301,23810,24818.1154,15.95,0.06,15.95,0.06,-0.71,0.00,-114.91,0.00
282,Entry long,2024-12-27 18:00," | F:80,10,2,0,0.73,1,1,43.88,0,0,16.26,1,100,41.27,97.6,5,36.67",1.04234,23810,24818.1154,15.95,0.06,15.95,0.06,-0.71,0.00,-114.91,0.00
283,Exit long,2024-12-31 14:25,Long Exit,1.04037,34091,35499.29921,-32.05,-0.09,23.52,0.07,-32.05,-0.09,-146.96,0.00
283,Entry long,2024-12-31 12:10," | F:80,36,1,0,0.43,1,1,48.32,0,0,24.09,1,80,43.29,98.6,9,50",1.04131,34091,35499.29921,-32.05,-0.09,23.52,0.07,-32.05,-0.09,-146.96,0.00
284,Exit short,2024-12-31 20:40,Short Exit,1.03549,24590,25446.2238,-16.48,-0.06,6.39,0.03,-16.48,-0.06,-163.43,0.00
284,Entry short,2024-12-31 19:55," | F:75,8,2,1,0.21,1,0,41.26,0,0,22.84,1,60,46.86,95.2,6.2,36.67",1.03482,24590,25446.2238,-16.48,-0.06,6.39,0.03,-16.48,-0.06,-163.43,0.00
285,Exit long,2025-01-02 21:00,Long Exit,1.02549,50847,52176.14058,-33.05,-0.06,3.56,0.01,-33.05,-0.06,-196.48,0.00
285,Entry long,2025-01-02 20:40," | F:45,14,2,0,1.05,0,0,46.02,0,0,27.92,1,60,50,97.4,8,36.67",1.02614,50847,52176.14058,-33.05,-0.06,3.56,0.01,-33.05,-0.06,-196.48,0.00
286,Exit long,2025-01-07 14:40,Long Exit,1.03974,61224,63690.71496,-33.67,-0.05,1.22,0.00,-33.67,-0.05,-230.15,0.00
286,Entry long,2025-01-07 14:35," | F:70,68,2,0,0.47,0,1,35.12,1,0,23.73,1,80,59.83,91.6,21.5,36.67",1.04029,61224,63690.71496,-33.67,-0.05,1.22,0.00,-33.67,-0.05,-230.15,0.00
287,Exit short,2025-01-08 18:40,Short Exit,1.03097,51724,53292.78892,-33.1,-0.06,6.21,0.01,-33.1,-0.06,-263.26,0.00
287,Entry short,2025-01-08 18:25," | F:80,15,2,1,0.48,1,0,56.01,0,0,19.52,1,60,41.51,95,8.5,36.67",1.03033,51724,53292.78892,-33.1,-0.06,6.21,0.01,-33.1,-0.06,-263.26,0.00
288,Exit short,2025-01-09 11:15,Short Exit,1.03113,48387,49860.38415,-32.9,-0.07,6.29,0.01,-32.9,-0.07,-296.16,0.00
288,Entry short,2025-01-09 11:00," | F:75,39,1,1,0.46,1,0,55.69,0,0,28.08,1,100,50.04,99.8,11.4,36.67",1.03045,48387,49860.38415,-32.9,-0.07,6.29,0.01,-32.9,-0.07,-296.16,0.00
289,Exit long,2025-01-13 13:35,Long Exit,1.01972,51724,52712.44564,31.55,0.06,31.55,0.06,-12.93,-0.02,-264.61,0.00
289,Entry long,2025-01-13 13:25," | F:60,23,1,0,0.92,1,0,38.92,0,0,28.15,1,60,46.61,96.2,13,36.67",1.01911,51724,52712.44564,31.55,0.06,31.55,0.06,-12.93,-0.02,-264.61,0.00
290,Exit long,2025-01-15 12:30,Long Exit,1.03035,42857,44190.28127,-32.57,-0.07,0,0.00,-32.57,-0.07,-297.18,0.00
290,Entry long,2025-01-15 12:20," | F:80,12,1,0,1.19,1,1,58.79,1,1.1,20.49,1,100,46.75,95.4,4.9,82.5",1.03111,42857,44190.28127,-32.57,-0.07,0,0.00,-32.57,-0.07,-297.18,0.00
291,Exit long,2025-01-16 03:05,Time Stop (Bars),1.02964,22388,23035.46096,16.12,0.07,23.96,0.10,-10.3,-0.04,-281.06,0.00
291,Entry long,2025-01-16 00:05," | F:55,63,3,0,1.94,0,0,43.9,0,1.6,31.09,1,60,47.37,95.8,11,50",1.02892,22388,23035.46096,16.12,0.07,23.96,0.10,-10.3,-0.04,-281.06,0.00
292,Exit long,2025-01-16 10:20,Long Exit,1.02981,31915,32850.7478,15.64,0.05,15.64,0.05,-2.87,-0.01,-265.42,0.00
292,Entry long,2025-01-16 10:15," | F:70,16,1,0,0.57,0,1,49.59,0,1.32,26.09,1,60,79.05,91.8,5.5,36.67",1.02932,31915,32850.7478,15.64,0.05,15.64,0.05,-2.87,-0.01,-265.42,0.00
293,Exit short,2025-01-17 11:45,Short Exit,1.02913,46154,47530.31228,31.85,0.07,31.85,0.07,-12.46,-0.03,-233.58,0.00
293,Entry short,2025-01-17 11:10," | F:50,73,1,1,0.33,0,1,59.89,0,1.02,28.78,1,100,52.95,99.8,3.5,36.67",1.02982,46154,47530.31228,31.85,0.07,31.85,0.07,-12.46,-0.03,-233.58,0.00
294,Exit long,2025-01-17 14:00,Long Exit,1.02976,22388,23070.61012,-16.34,-0.07,3.81,0.02,-16.34,-0.07,-249.92,0.00
294,Entry long,2025-01-17 13:55," | F:80,21,1,0,0.76,1,1,55.67,1,1.49,16.11,1,60,47.14,99.8,6.8,50",1.03049,22388,23070.61012,-16.34,-0.07,3.81,0.02,-16.34,-0.07,-249.92,0.00
295,Exit long,2025-01-17 18:30,Long Exit,1.02971,50000,51454,31.5,0.06,31.5,0.06,-16,-0.03,-218.42,0.00
295,Entry long,2025-01-17 18:10," | F:75,19,2,0,1.44,0,0,43.2,1,0.69,19.84,1,100,52.86,81.8,7.1,36.67",1.02908,50000,51454,31.5,0.06,31.5,0.06,-16,-0.03,-218.42,0.00
296,Exit short,2025-01-20 15:15,Short Exit,1.03136,48387,49936.35174,31.94,0.06,31.94,0.06,-8.23,-0.02,-186.48,0.00
296,Entry short,2025-01-20 14:45," | F:50,10,2,1,0.63,0,1,51.38,1,1.15,14.94,1,60,38.39,96.4,4.9,36.67",1.03202,48387,49936.35174,31.94,0.06,31.94,0.06,-8.23,-0.02,-186.48,0.00
297,Exit long,2025-01-20 18:30,Time Stop (Bars),1.04035,1657,1722.89889,0.96,0.06,5.4,0.31,-5.6,-0.33,-185.52,0.00
297,Entry long,2025-01-20 15:30," | F:75,43,2,0,0.44,0,1,85.79,1,6.69,19.88,1,60,45.88,94.8,14.4,50",1.03977,1657,1722.89889,0.96,0.06,5.4,0.31,-5.6,-0.33,-185.52,0.00
298,Exit short,2025-01-21 09:30,Short Exit,1.03798,55556,57632.68328,-33.33,-0.06,0.56,0.00,-33.33,-0.06,-218.86,0.00
298,Entry short,2025-01-21 09:20," | F:65,11,1,1,0.75,0,0,44.22,1,1.04,31.7,1,80,50,93.8,5.3,36.67",1.03738,55556,57632.68328,-33.33,-0.06,0.56,0.00,-33.33,-0.06,-218.86,0.00
299,Exit long,2025-01-22 13:25,Long Exit,1.04468,55556,58071.57568,-33.33,-0.06,20,0.03,-33.33,-0.06,-252.19,0.00
299,Entry long,2025-01-22 12:45," | F:80,7,1,0,1,1,1,69.79,1,0.68,57.28,1,80,44.46,99.8,4.4,61.63",1.04528,55556,58071.57568,-33.33,-0.06,20,0.03,-33.33,-0.06,-252.19,0.00
300,Exit short,2025-01-28 09:35,Short Exit,1.04341,63830,66632.137,31.28,0.05,31.28,0.05,-18.51,-0.03,-220.91,0.00
300,Entry short,2025-01-28 09:15," | F:75,10,1,1,0.66,1,0,53.05,1,1.79,18.51,1,80,44.14,96.8,5.8,36.67",1.0439,63830,66632.137,31.28,0.05,31.28,0.05,-18.51,-0.03,-220.91,0.00
301,Exit long,2025-01-30 00:35,Time Stop (Bars),1.04202,11278,11744.79642,7.11,0.06,16.69,0.14,-9.81,-0.08,-213.81,0.00
301,Entry long,2025-01-29 21:35," | F:55,68,2,0,0.45,0,0,50.94,1,2.89,34.04,1,80,50.03,95.2,7.7,82.21",1.04139,11278,11744.79642,7.11,0.06,16.69,0.14,-9.81,-0.08,-213.81,0.00
302,Exit long,2025-01-30 12:50,Long Exit,1.04017,38961,40558.401,-32.34,-0.08,13.25,0.03,-32.34,-0.08,-246.15,0.00
302,Entry long,2025-01-30 11:10," | F:70,165,1,0,1.65,0,0,39.81,1,1.34,27.05,1,80,78.38,97.4,23.5,36.67",1.041,38961,40558.401,-32.34,-0.08,13.25,0.03,-32.34,-0.08,-246.15,0.00
303,Exit long,2025-01-30 15:15,Long Exit,1.04085,19481,20260.82443,15.97,0.08,15.97,0.08,-1.95,-0.01,-230.17,0.00
303,Entry long,2025-01-30 14:40," | F:50,6,2,0,0.68,0,0,51.05,0,0.95,25.65,1,40,44.66,96.2,3.5,50",1.04003,19481,20260.82443,15.97,0.08,15.97,0.08,-1.95,-0.01,-230.17,0.00
304,Exit long,2025-01-31 20:25,Long Exit,1.03889,9434,9831.45442,-30.57,-0.31,11.89,0.12,-30.57,-0.31,-260.74,0.00
304,Entry long,2025-01-31 19:05," | F:75,11,2,0,0.45,0,1,75.49,0,1.44,31.7,1,100,38.71,92.2,12.2,50",1.04213,9434,9831.45442,-30.57,-0.31,11.89,0.12,-30.57,-0.31,-260.74,0.00
305,Exit long,2025-02-03 16:45,Long Exit,1.02508,28846,29601.18828,-31.73,-0.11,12.12,0.04,-31.73,-0.11,-292.47,0.00
305,Entry long,2025-02-03 16:10," | F:55,26,2,0,0.17,1,0,49.65,0,1.31,20.67,1,60,53.08,97.6,24.8,63.65",1.02618,28846,29601.18828,-31.73,-0.11,12.12,0.04,-31.73,-0.11,-292.47,0.00
306,Exit short,2025-02-04 15:55,Short Exit,1.03407,37037,38266.6284,-32.22,-0.08,8.52,0.02,-32.22,-0.08,-324.69,0.00
306,Entry short,2025-02-04 15:20," | F:55,36,2,1,0.96,0,1,56.49,0,1.32,21.92,1,80,48.4,96.6,10.5,36.67",1.0332,37037,38266.6284,-32.22,-0.08,8.52,0.02,-32.22,-0.08,-324.69,0.00
307,Exit long,2025-02-05 04:55,Long Exit,1.03849,47619,49419.95058,31.9,0.06,31.9,0.06,-1.43,0.00,-292.79,0.00
307,Entry long,2025-02-05 04:05," | F:70,21,0,0,0.58,0,1,50.67,1,1.24,17.29,1,80,61.21,97.8,7.7,36.67",1.03782,47619,49419.95058,31.9,0.06,31.9,0.06,-1.43,0.00,-292.79,0.00
308,Exit long,2025-02-05 18:20,Long Exit,1.042,30612,31882.09188,15.61,0.05,15.61,0.05,-2.14,-0.01,-277.17,0.00
308,Entry long,2025-02-05 18:15," | F:70,27,2,0,0.85,0,1,42.4,1,0.8,13.51,1,100,50,96.8,11.2,50",1.04149,30612,31882.09188,15.61,0.05,15.61,0.05,-2.14,-0.01,-277.17,0.00
309,Exit short,2025-02-06 16:30,Short Exit,1.03685,39474,40896.24822,-32.37,-0.08,19.34,0.05,-32.37,-0.08,-309.54,0.00
309,Entry short,2025-02-06 15:40," | F:75,28,2,1,0.28,1,0,49.55,0,1.03,21.78,1,80,35.45,98,5.6,36.67",1.03603,39474,40896.24822,-32.37,-0.08,19.34,0.05,-32.37,-0.08,-309.54,0.00
310,Exit long,2025-02-07 17:10,Long Exit,1.03736,28037,29116.14413,-31.68,-0.11,7.85,0.03,-31.68,-0.11,-341.22,0.00
310,Entry long,2025-02-07 17:00," | F:75,9,2,0,1.01,0,1,59.94,1,1.12,35.89,1,80,42.47,94,7.1,50",1.03849,28037,29116.14413,-31.68,-0.11,7.85,0.03,-31.68,-0.11,-341.22,0.00
311,Exit short,2025-02-11 10:25,Short Exit,1.03091,52632,54225.69696,-33.16,-0.06,16.32,0.03,-33.16,-0.06,-374.38,0.00
311,Entry short,2025-02-11 09:55," | F:75,15,1,1,0.44,1,0,45.54,0,1.18,16.37,1,60,43.9,99.2,6.4,36.67",1.03028,52632,54225.69696,-33.16,-0.06,16.32,0.03,-33.16,-0.06,-374.38,0.00
312,Exit long,2025-02-13 13:45,Long Exit,1.04118,28302,29499.1746,-31.7,-0.11,12.74,0.04,-31.7,-0.11,-406.08,0.00
312,Entry long,2025-02-13 13:00," | F:75,17,1,0,1.02,0,1,53.27,1,1.28,19.65,1,60,49.78,86.6,2.8,16.67",1.0423,28302,29499.1746,-31.7,-0.11,12.74,0.04,-31.7,-0.11,-406.08,0.00
313,Exit long,2025-02-13 15:25,Long Exit,1.03849,24194,25141.67898,-16.45,-0.07,6.53,0.03,-16.45,-0.07,-422.53,0.00
313,Entry long,2025-02-13 15:00," | F:45,9,2,0,0.38,0,0,36.63,1,1.03,31.18,1,100,50,91.8,5.3,36.67",1.03917,24194,25141.67898,-16.45,-0.07,6.53,0.03,-16.45,-0.07,-422.53,0.00
314,Exit short,2025-02-17 05:30,Short Exit,1.04946,62500,65622.5,31.25,0.05,31.25,0.05,-1.87,0.00,-391.28,0.00
314,Entry short,2025-02-17 05:15," | F:55,17,0,1,0.98,1,1,51.46,1,0.84,15.26,1,60,51.89,98.2,2.4,16.67",1.04996,62500,65622.5,31.25,0.05,31.25,0.05,-1.87,0.00,-391.28,0.00
315,Exit long,2025-02-18 21:35,Long Exit,1.04497,45455,47467.29285,31.82,0.07,31.82,0.07,-9.55,-0.02,-359.46,0.00
315,Entry long,2025-02-18 20:50," | F:45,7,2,0,0.66,0,0,46.48,1,1.02,34.93,1,80,50,99.6,2,36.67",1.04427,45455,47467.29285,31.82,0.07,31.82,0.07,-9.55,-0.02,-359.46,0.00
316,Exit long,2025-02-19 16:35,Long Exit,1.04272,53571,55892.76714,-33.21,-0.06,6.96,0.01,-33.21,-0.06,-392.68,0.00
316,Entry long,2025-02-19 16:05," | F:55,7,2,0,0.83,0,0,56.61,1,1.12,17.15,1,100,39.08,99.2,4.7,50",1.04334,53571,55892.76714,-33.21,-0.06,6.96,0.01,-33.21,-0.06,-392.68,0.00
317,Exit long,2025-02-21 03:25,Long Exit,1.04869,53571,56212.58601,-33.21,-0.06,0,0.00,-33.21,-0.06,-425.89,0.00
317,Entry long,2025-02-21 03:15," | F:65,87,0,0,1.71,0,1,43.84,1,1.19,41.36,1,100,50,99.6,9.2,36.67",1.04931,53571,56212.58601,-33.21,-0.06,0,0.00,-33.21,-0.06,-425.89,0.00
318,Exit short,2025-02-24 19:35,Short Exit,1.04815,45455,47610.93065,-32.73,-0.07,28.18,0.06,-32.73,-0.07,-458.62,0.00
318,Entry short,2025-02-24 19:00," | F:75,73,2,1,0.52,0,0,58.15,1,0.7,15.35,1,80,49.16,94,15.5,36.67",1.04743,45455,47610.93065,-32.73,-0.07,28.18,0.06,-32.73,-0.07,-458.62,0.00
319,Exit long,2025-02-27 22:25,Long Exit,1.04021,57692,60045.25668,-33.46,-0.06,1.73,0.00,-33.46,-0.06,-492.08,0.00
319,Entry long,2025-02-27 22:00," | F:55,27,2,0,0.98,1,0,45.01,0,1.13,18.09,1,80,44.43,82.8,3.7,42.22",1.04079,57692,60045.25668,-33.46,-0.06,1.73,0.00,-33.46,-0.06,-492.08,0.00
320,Exit short,2025-03-03 11:50,Short Exit,1.04195,38462,40043.17282,-32.31,-0.08,11.54,0.03,-32.31,-0.08,-524.39,-0.01
320,Entry short,2025-03-03 11:15," | F:50,45,1,1,0.45,0,1,58.77,0,0.91,25.79,1,60,53.63,98.2,3.9,16.67",1.04111,38462,40043.17282,-32.31,-0.08,11.54,0.03,-32.31,-0.08,-524.39,-0.01
321,Exit short,2025-03-04 07:40,Short Exit,1.04846,50000,52390,-33,-0.06,0,0.00,-33,-0.06,-557.39,-0.01
321,Entry short,2025-03-04 07:10," | F:50,22,0,1,0.73,0,1,47.55,1,1.59,21.36,1,80,51.55,98.4,9.2,36.67",1.0478,50000,52390,-33,-0.06,0,0.00,-33,-0.06,-557.39,-0.01
322,Exit short,2025-03-04 13:25,Short Exit,1.05207,20833,21901.52457,-16.25,-0.07,6.67,0.03,-16.25,-0.07,-573.64,-0.01
322,Entry short,2025-03-04 12:50," | F:60,14,1,1,0.52,1,1,52.81,1,0.81,15.93,1,100,35.6,88.4,8.5,36.67",1.05129,20833,21901.52457,-16.25,-0.07,6.67,0.03,-16.25,-0.07,-573.64,-0.01
323,Exit long,2025-03-06 02:25,Long Exit,1.07894,31250,33748.75,-31.87,-0.09,0,0.00,-31.87,-0.09,-605.51,-0.01
323,Entry long,2025-03-06 02:15," | F:70,9,0,0,1,0,1,62.59,1,2.05,11.88,1,80,45.5,97.2,1.9,36.67",1.07996,31250,33748.75,-31.87,-0.09,0,0.00,-31.87,-0.09,-605.51,-0.01
324,Exit short,2025-03-06 09:40,Short Exit,1.08191,10563,11412.58209,-15.63,-0.14,13.1,0.11,-15.63,-0.14,-621.15,-0.01
324,Entry short,2025-03-06 09:10," | F:55,12,1,1,0.73,1,1,48.81,1,1.93,24.5,1,80,53.71,85.4,4.4,68.98",1.08043,10563,11412.58209,-15.63,-0.14,13.1,0.11,-15.63,-0.14,-621.15,-0.01
325,Exit long,2025-03-06 11:30,Long Exit,1.07848,34483,37221.29503,-32.07,-0.09,11.38,0.03,-32.07,-0.09,-653.22,-0.01
325,Entry long,2025-03-06 11:20," | F:75,63,1,0,0.22,1,1,43.94,1,0.85,15.03,1,40,50,94.2,3.5,75.51",1.07941,34483,37221.29503,-32.07,-0.09,11.38,0.03,-32.07,-0.09,-653.22,-0.01
326,Exit long,2025-03-10 09:20,Long Exit,1.08318,35294,38261.87246,-32.12,-0.08,10.59,0.03,-32.12,-0.08,-685.33,-0.01
326,Entry long,2025-03-10 09:00," | F:55,15,1,0,0.36,1,0,57.64,1,1.9,23.63,1,100,36.34,90.4,5.8,26.67",1.08409,35294,38261.87246,-32.12,-0.08,10.59,0.03,-32.12,-0.08,-685.33,-0.01
327,Exit long,2025-03-11 08:15,Long Exit,1.08441,65217,70690.66281,31.3,0.04,31.3,0.04,-22.83,-0.03,-654.03,-0.01
327,Entry long,2025-03-11 07:45," | F:70,82,0,0,1.14,0,0,31.08,1,1.04,22.77,1,40,45.55,97,5.1,36.67",1.08393,65217,70690.66281,31.3,0.04,31.3,0.04,-22.83,-0.03,-654.03,-0.01
328,Exit long,2025-03-13 02:00,Time Stop (Bars),1.08853,37500,40836,-16.12,-0.04,1.13,0.00,-24,-0.06,-670.16,-0.01
328,Entry long,2025-03-12 23:00," | F:55,26,3,0,0.71,1,0,45.99,1,0.15,22.65,1,80,34.29,96.8,4.5,29.11",1.08896,37500,40836,-16.12,-0.04,1.13,0.00,-24,-0.06,-670.16,-0.01
329,Exit long,2025-03-13 16:55,Long Exit,1.0869,16854,18302.6013,16.01,0.09,16.01,0.09,-4.21,-0.02,-654.14,-0.01
329,Entry long,2025-03-13 16:40," | F:55,9,2,0,0.76,0,0,57.99,1,0.79,26.76,1,60,34.11,95.6,11.9,36.67",1.08595,16854,18302.6013,16.01,0.09,16.01,0.09,-4.21,-0.02,-654.14,-0.01
330,Exit long,2025-03-14 09:00,Long Exit,1.08338,47619,51622.32933,-32.86,-0.06,6.67,0.01,-32.86,-0.06,-687,-0.01
330,Entry long,2025-03-14 08:30," | F:50,47,0,0,0.38,0,0,43.64,1,1.85,24.39,1,40,38.85,96,3.5,16.67",1.08407,47619,51622.32933,-32.86,-0.06,6.67,0.01,-32.86,-0.06,-687,-0.01
331,Exit long,2025-03-17 08:50,Long Exit,1.0874,40541,44116.7162,-32.43,-0.07,8.92,0.02,-32.43,-0.07,-719.43,-0.01
331,Entry long,2025-03-17 08:10," | F:45,7,0,0,0.9,0,1,56.97,1,1.46,13.65,1,60,50,99.6,2.7,50",1.0882,40541,44116.7162,-32.43,-0.07,8.92,0.02,-32.43,-0.07,-719.43,-0.01
332,Exit long,2025-03-20 19:10,Long Exit,1.0843,43478,47175.8039,-32.61,-0.07,7.83,0.02,-32.61,-0.07,-752.04,-0.01
332,Entry long,2025-03-20 18:40," | F:55,7,2,0,0.64,0,0,62.68,0,0.5,24.76,1,80,37.62,96.4,2.5,36.67",1.08505,43478,47175.8039,-32.61,-0.07,7.83,0.02,-32.61,-0.07,-752.04,-0.01
333,Exit short,2025-03-25 13:30,Short Exit,1.08257,37500,40564.125,-32.25,-0.08,23.25,0.06,-32.25,-0.08,-784.29,-0.01
333,Entry short,2025-03-25 13:00," | F:75,257,1,1,0.7,0,1,67.35,0,1.12,42.52,1,80,60.23,97,29.9,50",1.08171,37500,40564.125,-32.25,-0.08,23.25,0.06,-32.25,-0.08,-784.29,-0.01
334,Exit short,2025-03-25 14:40,Short Exit,1.08244,31915,34529.15765,-16.91,-0.05,0,0.00,-16.91,-0.05,-801.21,-0.01
334,Entry short,2025-03-25 14:35," | F:55,11,2,1,0.63,1,1,54.46,0,0.95,26.14,1,60,45.1,99.8,6.5,50",1.08191,31915,34529.15765,-16.91,-0.05,0,0.00,-16.91,-0.05,-801.21,-0.01
335,Exit long,2025-03-25 16:30,Long Exit,1.08116,58824,63566.39088,31.76,0.05,31.76,0.05,-9.41,-0.01,-769.44,-0.01
335,Entry long,2025-03-25 16:25," | F:75,54,2,0,0.48,0,0,33.1,0,1.06,21.49,1,100,44.89,82.6,13.5,70.81",1.08062,58824,63566.39088,31.76,0.05,31.76,0.05,-9.41,-0.01,-769.44,-0.01
336,Exit long,2025-03-25 18:05,Long Exit,1.08109,42857,46300.55995,31.71,0.07,31.71,0.07,-6.86,-0.01,-737.73,-0.01
336,Entry long,2025-03-25 17:55," | F:75,77,2,0,0.79,0,0,37.35,0,1.74,18.2,1,100,50.05,96.8,4.2,16.67",1.08035,42857,46300.55995,31.71,0.07,31.71,0.07,-6.86,-0.01,-737.73,-0.01
337,Exit short,2025-03-26 17:50,Short Exit,1.07803,40000,43153.2,32,0.07,32,0.07,-28.4,-0.07,-705.73,-0.01
337,Entry short,2025-03-26 16:30," | F:70,32,2,1,0.39,0,0,56.44,0,0.97,27.14,1,60,52.06,99.6,10.3,36.67",1.07883,40000,43153.2,32,0.07,32,0.07,-28.4,-0.07,-705.73,-0.01
338,Exit long,2025-03-27 08:05,Long Exit,1.07762,46875,50481.5625,31.88,0.06,31.88,0.06,-5.62,-0.01,-673.85,-0.01
338,Entry long,2025-03-27 07:55," | F:65,51,0,0,0.65,0,1,33.2,0,3.11,28.69,1,40,50,99.2,4,50",1.07694,46875,50481.5625,31.88,0.06,31.88,0.06,-5.62,-0.01,-673.85,-0.01
339,Exit long,2025-04-04 12:05,Long Exit,1.09742,10791,11872.90566,-30.65,-0.26,7.45,0.06,-30.65,-0.26,-704.5,-0.01
339,Entry long,2025-04-04 11:05," | F:75,288,1,0,0.73,0,0,22,1,1.29,46.54,1,60,46.58,84.6,8.4,50",1.10026,10791,11872.90566,-30.65,-0.26,7.45,0.06,-30.65,-0.26,-704.5,-0.01
340,Exit short,2025-04-04 15:10,Short Exit,1.10484,9677,10707.79404,16.26,0.15,16.26,0.15,-7.45,-0.07,-688.24,-0.01
340,Entry short,2025-04-04 14:45," | F:45,70,1,1,0.48,0,1,66.93,1,1.01,32.79,1,80,50,98.6,8.8,50",1.10652,9677,10707.79404,16.26,0.15,16.26,0.15,-7.45,-0.07,-688.24,-0.01
341,Exit long,2025-04-09 05:55,Long Exit,1.10197,56604,62344.21164,31.7,0.05,31.7,0.05,-23.21,-0.04,-656.54,-0.01
341,Entry long,2025-04-09 05:45," | F:70,23,0,0,0.61,0,1,49.46,1,0.57,32.38,1,80,52.11,88.2,12.8,36.67",1.10141,56604,62344.21164,31.7,0.05,31.7,0.05,-23.21,-0.04,-656.54,-0.01
342,Exit short,2025-04-09 23:20,Time Stop (Bars),1.0945,1442,1580.48968,2.22,0.14,6.76,0.43,-8.54,-0.54,-654.32,-0.01
342,Entry short,2025-04-09 20:20," | F:60,22,2,1,0.22,1,0,23.42,1,2.4,31.27,1,100,50,86,8.7,50",1.09604,1442,1580.48968,2.22,0.14,6.76,0.43,-8.54,-0.54,-654.32,-0.01
343,Exit short,2025-04-14 14:55,Short Exit,1.13808,24194,27567.12748,32.42,0.12,32.42,0.12,-0.73,0.00,-621.9,-0.01
343,Entry short,2025-04-14 14:50," | F:60,31,1,1,0.47,1,1,53.64,1,1.12,14.31,1,60,50,94.6,12.7,36.67",1.13942,24194,27567.12748,32.42,0.12,32.42,0.12,-0.73,0.00,-621.9,-0.01
344,Exit short,2025-04-15 08:15,Short Exit,1.13645,55556,63103.2826,-33.33,-0.05,27.78,0.04,-33.33,-0.05,-655.24,-0.01
344,Entry short,2025-04-15 07:50," | F:70,109,0,1,1.24,0,1,66.02,1,1.36,27.75,1,100,40.27,98.4,19.9,36.67",1.13585,55556,63103.2826,-33.33,-0.05,27.78,0.04,-33.33,-0.05,-655.24,-0.01
345,Exit long,2025-04-15 15:55,Long Exit,1.13199,10345,11726.0575,-15.62,-0.13,1.97,0.02,-15.62,-0.13,-670.86,-0.01
345,Entry long,2025-04-15 15:45," | F:45,11,2,0,0.6,0,0,52.38,1,1.11,25.33,1,60,50,98.6,8.5,36.67",1.1335,10345,11726.0575,-15.62,-0.13,1.97,0.02,-15.62,-0.13,-670.86,-0.01
346,Exit long,2025-04-17 13:55,Long Exit,1.13588,26549,30188.07143,-31.59,-0.10,8.5,0.03,-31.59,-0.10,-702.45,-0.01
346,Entry long,2025-04-17 13:10," | F:75,34,1,0,1.01,0,0,47.18,1,1.42,14.13,1,60,37.67,90.2,6.1,16.67",1.13707,26549,30188.07143,-31.59,-0.10,8.5,0.03,-31.59,-0.10,-702.45,-0.01
347,Exit long,2025-04-17 21:50,Long Exit,1.13718,10563,11995.76532,16.27,0.14,16.27,0.14,-3.27,-0.03,-686.18,-0.01
347,Entry long,2025-04-17 21:15," | F:55,11,2,0,0.43,1,0,54.23,1,1.03,14.32,1,100,50,99,4,39.16",1.13564,10563,11995.76532,16.27,0.14,16.27,0.14,-3.27,-0.03,-686.18,-0.01
348,Exit long,2025-04-22 03:00,Long Exit,1.1506,39474,45451.15308,-32.37,-0.07,0,0.00,-32.37,-0.07,-718.55,-0.01
348,Entry long,2025-04-22 02:55," | F:70,24,3,0,0.95,0,1,45.14,1,1.81,21.65,1,60,45.84,88.8,8.1,37.43",1.15142,39474,45451.15308,-32.37,-0.07,0,0.00,-32.37,-0.07,-718.55,-0.01
349,Exit long,2025-04-23 07:10,Long Exit,1.13718,32967,37521.39105,-31.98,-0.09,17.14,0.05,-31.98,-0.09,-750.53,-0.01
349,Entry long,2025-04-23 06:40," | F:45,39,0,0,0.88,0,0,41.66,1,0.79,25.57,1,40,50,94.8,8.1,36.67",1.13815,32967,37521.39105,-31.98,-0.09,17.14,0.05,-31.98,-0.09,-750.53,-0.01
350,Exit short,2025-04-23 21:25,Short Exit,1.13194,14151,16034.21508,16.13,0.10,16.13,0.10,-6.93,-0.04,-734.4,-0.01
350,Entry short,2025-04-23 20:40," | F:70,8,2,1,0.67,0,0,36.21,0,0.65,25.8,1,40,31.87,93.6,7.4,36.67",1.13308,14151,16034.21508,16.13,0.10,16.13,0.10,-6.93,-0.04,-734.4,-0.01
351,Exit long,2025-04-25 11:30,Long Exit,1.13467,16393,18631.62808,-30.98,-0.17,3.44,0.02,-30.98,-0.17,-765.38,-0.01
351,Entry long,2025-04-25 10:30," | F:70,5,1,0,1.06,0,1,65.19,0,1.14,30.84,1,100,50,99,11.4,36.67",1.13656,16393,18631.62808,-30.98,-0.17,3.44,0.02,-30.98,-0.17,-765.38,-0.01
352,Exit short,2025-04-29 04:40,Short Exit,1.13975,24793,28290.30058,32.48,0.11,32.48,0.11,-14.38,-0.05,-732.9,-0.01
352,Entry short,2025-04-29 02:05," | F:50,13,3,1,0.34,0,1,40.03,1,3,25.39,1,40,58.74,91.6,4.4,42.39",1.14106,24793,28290.30058,32.48,0.11,32.48,0.11,-14.38,-0.05,-732.9,-0.01
353,Exit short,2025-04-30 16:05,Short Exit,1.13623,22901,26053.32265,32.52,0.12,32.52,0.12,-2.75,-0.01,-700.38,-0.01
353,Entry short,2025-04-30 15:45," | F:75,66,2,1,0.52,0,0,54.39,1,1.74,17.97,1,80,59.42,99,12.2,74.78",1.13765,22901,26053.32265,32.52,0.12,32.52,0.12,-2.75,-0.01,-700.38,-0.01
354,Exit long,2025-05-01 15:30,Long Exit,1.1331,26786,30318.80554,32.41,0.11,32.41,0.11,-6.16,-0.02,-667.97,-0.01
354,Entry long,2025-05-01 15:25," | F:55,55,2,0,0.7,0,0,45.78,0,1.03,23.27,1,100,47.99,93.4,19.3,36.67",1.13189,26786,30318.80554,32.41,0.11,32.41,0.11,-6.16,-0.02,-667.97,-0.01
355,Exit short,2025-05-01 21:25,Short Exit,1.12797,30000,33854.7,15.6,0.05,15.6,0.05,-0.9,0.00,-652.37,-0.01
355,Entry short,2025-05-01 21:15," | F:75,13,2,1,0.71,1,0,51.83,0,1,13.79,1,80,47.25,94.2,5.1,36.67",1.12849,30000,33854.7,15.6,0.05,15.6,0.05,-0.9,0.00,-652.37,-0.01
356,Exit long,2025-05-02 00:00,Long Exit,1.12832,60000,67732.8,-33.6,-0.05,27.6,0.04,-33.6,-0.05,-685.97,-0.01
356,Entry long,2025-05-01 23:30," | F:45,16,2,0,0.59,0,0,50.72,0,1,13.64,1,80,50,99.8,5.9,36.67",1.12888,60000,67732.8,-33.6,-0.05,27.6,0.04,-33.6,-0.05,-685.97,-0.01
357,Exit long,2025-05-02 10:05,Long Exit,1.13305,45455,51470.96925,31.82,0.06,31.82,0.06,-8.64,-0.02,-654.15,-0.01
357,Entry long,2025-05-02 09:45," | F:65,7,0,0,0.93,0,1,61.46,0,1.19,31.47,1,80,50,90.8,5.1,36.67",1.13235,45455,51470.96925,31.82,0.06,31.82,0.06,-8.64,-0.02,-654.15,-0.01
358,Exit short,2025-05-05 11:45,Short Exit,1.13323,28846,32657.42198,-31.73,-0.10,28.27,0.09,-31.73,-0.10,-685.88,-0.01
358,Entry short,2025-05-05 10:00," | F:75,8,1,1,0.47,1,0,38.18,0,1.38,19.41,1,60,50,99.8,9.9,36.67",1.13213,28846,32657.42198,-31.73,-0.10,28.27,0.09,-31.73,-0.10,-685.88,-0.01
359,Exit short,2025-05-06 09:35,Short Exit,1.13252,50847,57552.19389,-33.05,-0.06,14.75,0.03,-33.05,-0.06,-718.93,-0.01
359,Entry short,2025-05-06 09:10," | F:50,12,0,1,0.86,0,1,52.15,0,1.73,19.22,1,60,51.36,96.6,3.7,36.67",1.13187,50847,57552.19389,-33.05,-0.06,14.75,0.03,-33.05,-0.06,-718.93,-0.01
360,Exit long,2025-05-06 12:25,Long Exit,1.13193,15152,17166.91296,-15.91,-0.09,0,0.00,-15.91,-0.09,-734.84,-0.01
360,Entry long,2025-05-06 12:05," | F:70,33,1,0,0.6,0,1,43.78,0,0.92,20.42,1,40,42.17,97.4,13.4,23.86",1.13298,15152,17166.91296,-15.91,-0.09,0,0.00,-15.91,-0.09,-734.84,-0.01
361,Exit long,2025-05-07 01:15,Long Exit,1.1332,37037,42002.55059,-32.22,-0.08,10,0.02,-32.22,-0.08,-767.07,-0.01
361,Entry long,2025-05-07 01:10," | F:75,72,3,0,0.87,0,0,27.84,1,3.61,30.58,1,80,56.85,82.2,9.5,36.67",1.13407,37037,42002.55059,-32.22,-0.08,10,0.02,-32.22,-0.08,-767.07,-0.01
362,Exit long,2025-05-07 06:55,Long Exit,1.13462,31915,36195.75895,15.64,0.04,15.64,0.04,-15.32,-0.04,-751.43,-0.01
362,Entry long,2025-05-07 05:55," | F:55,10,0,0,0.71,1,0,49.25,1,0.66,10.82,1,80,38.46,95.8,5.3,36.67",1.13413,31915,36195.75895,15.64,0.04,15.64,0.04,-15.32,-0.04,-751.43,-0.01
363,Exit short,2025-05-08 23:25,Short Exit,1.12296,44118,49510.10196,-32.65,-0.07,10.15,0.02,-32.65,-0.07,-784.08,-0.01
363,Entry short,2025-05-08 23:00," | F:75,22,2,1,0.51,1,0,48.08,0,0.85,19.36,1,80,32.87,99.6,8.1,36.67",1.12222,44118,49510.10196,-32.65,-0.07,10.15,0.02,-32.65,-0.07,-784.08,-0.01
364,Exit short,2025-05-09 13:00,Short Exit,1.12438,46154,51926.48078,31.85,0.06,31.85,0.06,-4.62,-0.01,-752.23,-0.01
364,Entry short,2025-05-09 12:35," | F:60,7,1,1,0.32,1,1,50.74,0,0.91,28.41,1,60,50,98.6,4.6,50",1.12507,46154,51926.48078,31.85,0.06,31.85,0.06,-4.62,-0.01,-752.23,-0.01
365,Exit short,2025-05-15 12:10,Short Exit,1.12127,40541,45424.97427,-32.43,-0.07,4.86,0.01,-32.43,-0.07,-784.66,-0.01
365,Entry short,2025-05-15 11:45," | F:60,16,1,1,0.59,1,1,51.77,0,0.93,24.1,1,60,44.33,96.8,4.2,36.67",1.12047,40541,45424.97427,-32.43,-0.07,4.86,0.01,-32.43,-0.07,-784.66,-0.01
366,Exit long,2025-05-15 13:50,Long Exit,1.11991,18293,20502.61147,-16.1,-0.08,0,0.00,-16.1,-0.08,-800.76,-0.01
366,Entry long,2025-05-15 13:35," | F:70,5,1,0,0.86,0,1,53.78,0,0.93,11.79,1,40,50,99.4,4.1,50",1.12079,18293,20502.61147,-16.1,-0.08,0,0.00,-16.1,-0.08,-800.76,-0.01
367,Exit short,2025-05-15 19:50,Short Exit,1.11755,39474,44146.14264,31.97,0.07,31.97,0.07,-2.76,-0.01,-768.79,-0.01
367,Entry short,2025-05-15 19:05," | F:75,11,2,1,0.66,0,0,45.9,0,0.71,17.48,1,60,46.85,88,7.5,40.83",1.11836,39474,44146.14264,31.97,0.07,31.97,0.07,-2.76,-0.01,-768.79,-0.01
368,Exit short,2025-05-16 21:00,Short Exit,1.11469,42857,47739.69801,-32.57,-0.07,0,0.00,-32.57,-0.07,-801.36,-0.01
368,Entry short,2025-05-16 20:40," | F:70,7,2,1,0.59,0,0,39.64,0,0.69,35.14,1,60,25.42,99.8,4.4,68.86",1.11393,42857,47739.69801,-32.57,-0.07,0,0.00,-32.57,-0.07,-801.36,-0.01
369,Exit short,2025-05-20 17:00,Short Exit,1.12509,63830,71780.6648,-33.83,-0.05,0,0.00,-33.83,-0.05,-835.19,-0.01
369,Entry short,2025-05-20 16:55," | F:75,29,2,1,0.2,1,1,60.02,1,1.22,29.33,1,20,30.37,97,3.4,36.67",1.12456,63830,71780.6648,-33.83,-0.05,0,0.00,-33.83,-0.05,-835.19,-0.01
370,Exit short,2025-05-22 18:55,Short Exit,1.12789,60000,67704.6,31.2,0.05,31.2,0.05,-25.2,-0.04,-803.99,-0.01
370,Entry short,2025-05-22 18:35," | F:75,12,2,1,0.54,0,0,48.09,1,0.62,23.29,1,80,46.89,88.2,7.2,36.67",1.12841,60000,67704.6,31.2,0.05,31.2,0.05,-25.2,-0.04,-803.99,-0.01
371,Exit long,2025-05-23 11:55,Long Exit,1.13433,54545,61840.39375,31.64,0.05,31.64,0.05,-14.73,-0.02,-772.35,-0.01
371,Entry long,2025-05-23 11:30," | F:80,12,1,0,1.01,1,1,59.37,1,0.78,37.94,1,100,55.58,96.6,9.4,50",1.13375,54545,61840.39375,31.64,0.05,31.64,0.05,-14.73,-0.02,-772.35,-0.01
372,Exit long,2025-05-23 22:05,Long Exit,1.13655,28846,32769.056,15.87,0.05,15.87,0.05,-5.48,-0.02,-756.49,-0.01
372,Entry long,2025-05-23 21:45," | F:70,16,2,0,0.78,0,1,51.75,1,0.78,20.23,1,80,43.71,96.2,8.1,50",1.136,28846,32769.056,15.87,0.05,15.87,0.05,-5.48,-0.02,-756.49,-0.01
373,Exit short,2025-05-26 15:15,Short Exit,1.13733,62500,71114.375,31.25,0.04,31.25,0.04,-4.37,-0.01,-725.24,-0.01
373,Entry short,2025-05-26 15:10," | F:70,11,2,1,0.89,0,0,45.27,1,0.93,18.87,1,60,34.55,97.8,5.7,36.67",1.13783,62500,71114.375,31.25,0.04,31.25,0.04,-4.37,-0.01,-725.24,-0.01
374,Exit long,2025-05-28 21:25,Long Exit,1.12861,43478,49102.31408,-32.61,-0.07,31.3,0.06,-32.61,-0.07,-757.84,-0.01
374,Entry long,2025-05-28 19:35," | F:50,6,2,0,0.91,0,0,44.38,0,0.55,27.49,1,60,50,97.8,3.9,49.22",1.12936,43478,49102.31408,-32.61,-0.07,31.3,0.06,-32.61,-0.07,-757.84,-0.01
375,Exit short,2025-06-03 16:35,Short Exit,1.13923,33333,37941.95391,-32,-0.08,18.33,0.05,-32,-0.08,-789.84,-0.01
375,Entry short,2025-06-03 16:25," | F:65,17,2,1,0.83,0,0,41.72,1,1.2,38.07,1,80,50,95.6,7.7,85.15",1.13827,33333,37941.95391,-32,-0.08,18.33,0.05,-32,-0.08,-789.84,-0.01
376,Exit short,2025-06-04 19:55,Short Exit,1.14331,41667,47605.79751,-32.5,-0.07,0.42,0.00,-32.5,-0.07,-822.34,-0.01
376,Entry short,2025-06-04 19:40," | F:55,21,2,1,0.66,0,1,54.61,1,0.83,25.83,1,60,43.12,93,9.4,36.67",1.14253,41667,47605.79751,-32.5,-0.07,0.42,0.00,-32.5,-0.07,-822.34,-0.01
377,Exit long,2025-06-05 05:05,Long Exit,1.14122,53571,61169.51064,-33.21,-0.05,3.75,0.01,-33.21,-0.05,-855.56,-0.01
377,Entry long,2025-06-05 04:50," | F:65,47,0,0,0.31,0,1,42.73,1,1.12,22.67,1,40,50,96.8,12.2,36.67",1.14184,53571,61169.51064,-33.21,-0.05,3.75,0.01,-33.21,-0.05,-855.56,-0.01
378,Exit short,2025-06-05 15:15,Short Exit,1.14152,19737,22546.16721,15.99,0.07,15.99,0.07,-6.12,-0.03,-839.57,-0.01
378,Entry short,2025-06-05 15:05," | F:55,19,2,1,0.82,0,1,51.71,1,1.04,14.11,1,100,58.13,98.6,7.8,36.67",1.14233,19737,22546.16721,15.99,0.07,15.99,0.07,-6.12,-0.03,-839.57,-0.01
379,Exit long,2025-06-06 04:00,Long Exit,1.14494,65217,74703.46482,-33.91,-0.05,0,0.00,-33.91,-0.05,-873.48,-0.01
379,Entry long,2025-06-06 03:50," | F:70,14,0,0,0.4,0,1,57.82,1,1.54,13.91,1,100,57.54,99.8,2.7,41.07",1.14546,65217,74703.46482,-33.91,-0.05,0,0.00,-33.91,-0.05,-873.48,-0.01
380,Exit long,2025-06-10 09:10,Long Exit,1.14094,62500,71277.5,31.25,0.04,31.25,0.04,-28.12,-0.04,-842.23,-0.01
380,Entry long,2025-06-10 08:45," | F:50,8,0,0,0.78,0,0,52.61,1,1.34,21.11,1,100,58.22,97.4,5.6,100",1.14044,62500,71277.5,31.25,0.04,31.25,0.04,-28.12,-0.04,-842.23,-0.01
381,Exit long,2025-06-11 02:35,Long Exit,1.14368,40000,45715.2,32,0.07,32,0.07,-4,-0.01,-810.23,-0.01
381,Entry long,2025-06-11 02:20," | F:65,17,3,0,1.56,0,1,52.73,1,1.29,11.03,1,20,50,99.2,3,36.67",1.14288,40000,45715.2,32,0.07,32,0.07,-4,-0.01,-810.23,-0.01
382,Exit long,2025-06-12 04:55,Long Exit,1.15172,56604,65225.35524,-33.4,-0.05,7.36,0.01,-33.4,-0.05,-843.63,-0.01
382,Entry long,2025-06-12 04:45," | F:65,8,0,0,0.63,0,1,59,1,0.93,41.28,1,80,50,99.6,6.1,36.67",1.15231,56604,65225.35524,-33.4,-0.05,7.36,0.01,-33.4,-0.05,-843.63,-0.01
383,Exit long,2025-06-12 18:15,Long Exit,1.15724,28302,32768.90466,-16.7,-0.05,3.96,0.01,-16.7,-0.05,-860.33,-0.01
383,Entry long,2025-06-12 18:05," | F:75,61,2,0,1.02,0,1,40.1,1,0.96,17.98,1,100,46.86,95.2,10.9,36.67",1.15783,28302,32768.90466,-16.7,-0.05,3.96,0.01,-16.7,-0.05,-860.33,-0.01
384,Exit long,2025-06-13 16:30,Long Exit,1.15016,41096,47299.4412,-32.47,-0.07,9.86,0.02,-32.47,-0.07,-892.79,-0.01
384,Entry long,2025-06-13 16:15," | F:50,17,2,0,0.48,0,0,46.13,1,0.95,15.5,1,100,35.69,91.8,6.5,50",1.15095,41096,47299.4412,-32.47,-0.07,9.86,0.02,-32.47,-0.07,-892.79,-0.01
385,Exit long,2025-06-18 09:20,Long Exit,1.15122,50000,57529.5,31.5,0.05,31.5,0.05,-27.5,-0.05,-861.29,-0.01
385,Entry long,2025-06-18 08:30," | F:55,14,0,0,0.29,1,1,60.09,1,1.11,19.01,1,60,50,96.6,2.9,25.95",1.15059,50000,57529.5,31.5,0.05,31.5,0.05,-27.5,-0.05,-861.29,-0.01
386,Exit long,2025-06-19 17:25,Long Exit,1.14701,33708,38695.43568,-32.02,-0.08,9.44,0.02,-32.02,-0.08,-893.32,-0.01
386,Entry long,2025-06-19 16:45," | F:70,15,2,0,0.39,0,1,52.87,0,1.38,14.54,1,40,36.09,98,9.3,36.67",1.14796,33708,38695.43568,-32.02,-0.08,9.44,0.02,-32.02,-0.08,-893.32,-0.01
387,Exit short,2025-06-19 20:30,Short Exit,1.14661,30612,35083.18872,-16.84,-0.05,0,0.00,-16.84,-0.05,-910.15,-0.01
387,Entry short,2025-06-19 20:20," | F:75,20,2,1,1.05,0,0,47.88,0,0.81,23.49,1,80,30.88,94.4,7.1,36.67",1.14606,30612,35083.18872,-16.84,-0.05,0,0.00,-16.84,-0.05,-910.15,-0.01
388,Exit long,2025-06-23 19:45,Long Exit,1.15461,21583,24887.3573,32.59,0.13,32.59,0.13,-2.16,-0.01,-877.56,-0.01
388,Entry long,2025-06-23 19:35," | F:75,28,2,0,0.52,0,1,51.39,1,1.18,45.44,1,60,33.5,95.4,15.5,50",1.1531,21583,24887.3573,32.59,0.13,32.59,0.13,-2.16,-0.01,-877.56,-0.01
389,Exit short,2025-06-27 08:50,Short Exit,1.16937,62500,73051.875,-33.75,-0.05,12.5,0.02,-33.75,-0.05,-911.31,-0.01
389,Entry short,2025-06-27 08:35," | F:75,12,0,1,0.6,1,0,41.62,1,1.45,34.12,1,80,39.92,96,4.2,36.67",1.16883,62500,73051.875,-33.75,-0.05,12.5,0.02,-33.75,-0.05,-911.31,-0.01
390,Exit long,2025-06-27 20:15,Long Exit,1.17161,25862,30316.7295,-16.55,-0.05,3.62,0.01,-16.55,-0.05,-927.87,-0.01
390,Entry long,2025-06-27 19:55," | F:75,18,2,0,0.79,0,1,49.15,1,1.11,11.23,1,20,46.08,96.8,10.6,36.67",1.17225,25862,30316.7295,-16.55,-0.05,3.62,0.01,-16.55,-0.05,-927.87,-0.01
391,Exit short,2025-06-30 14:20,Short Exit,1.17304,61224,71784.52776,-33.67,-0.05,0,0.00,-33.67,-0.05,-961.54,-0.01
391,Entry short,2025-06-30 14:15," | F:80,23,1,1,1.17,1,1,54.03,1,0.94,15.28,1,80,48.66,92.4,5.8,38.81",1.17249,61224,71784.52776,-33.67,-0.05,0,0.00,-33.67,-0.05,-961.54,-0.01
392,Exit short,2025-07-02 17:50,Short Exit,1.17524,32609,38355.68407,32.28,0.08,32.28,0.08,-17.28,-0.05,-929.26,-0.01
392,Entry short,2025-07-02 17:25," | F:75,9,2,1,0.47,0,0,48.84,1,0.68,16.49,1,80,39.01,92.2,9.2,50",1.17623,32609,38355.68407,32.28,0.08,32.28,0.08,-17.28,-0.05,-929.26,-0.01
393,Exit long,2025-07-03 00:00,Long Exit,1.1794,30000,35399.7,-17.7,-0.05,9.9,0.03,-17.7,-0.05,-946.96,-0.01
393,Entry long,2025-07-02 21:55," | F:70,8,2,0,0.91,0,1,60.23,1,1.44,33.46,1,60,47.14,99,2.8,36.67",1.17999,30000,35399.7,-17.7,-0.05,9.9,0.03,-17.7,-0.05,-946.96,-0.01
394,Exit short,2025-07-07 08:40,Short Exit,1.17703,61224,72028.81152,-33.67,-0.05,7.96,0.01,-33.67,-0.05,-980.63,-0.01
394,Entry short,2025-07-07 08:15," | F:70,9,0,1,0.62,0,0,42.15,1,1.36,21.23,1,40,56.19,98.2,3.9,36.67",1.17648,61224,72028.81152,-33.67,-0.05,7.96,0.01,-33.67,-0.05,-980.63,-0.01
395,Exit short,2025-07-09 10:30,Short Exit,1.17187,58824,68965.84584,31.76,0.05,31.76,0.05,-11.18,-0.02,-948.86,-0.01
395,Entry short,2025-07-09 10:00," | F:55,98,1,1,0.36,1,1,65.66,0,1.64,22.01,1,60,39.2,96,0.9,33.45",1.17241,58824,68965.84584,31.76,0.05,31.76,0.05,-11.18,-0.02,-948.86,-0.01
396,Exit short,2025-07-09 13:35,Short Exit,1.17044,22059,25834.61844,15.88,0.06,15.88,0.06,-7.06,-0.03,-932.98,-0.01
396,Entry short,2025-07-09 13:20," | F:80,15,1,1,0.49,1,0,46.63,0,1.01,13.35,1,60,41.99,92.6,3.3,36.67",1.17116,22059,25834.61844,15.88,0.06,15.88,0.06,-7.06,-0.03,-932.98,-0.01
397,Exit long,2025-07-14 15:30,Long Exit,1.16849,52632,61533.12384,-33.16,-0.05,3.68,0.01,-33.16,-0.05,-966.14,-0.01
397,Entry long,2025-07-14 15:00," | F:70,26,2,0,0.79,0,1,50.76,0,1.23,20.3,1,40,50,97.2,7.3,46.93",1.16912,52632,61533.12384,-33.16,-0.05,3.68,0.01,-33.16,-0.05,-966.14,-0.01
398,Exit long,2025-07-14 18:30,Long Exit,1.16879,31250,36509.0625,15.63,0.04,15.63,0.04,-3.44,-0.01,-950.51,-0.01
398,Entry long,2025-07-14 18:05," | F:75,13,2,0,0.77,0,0,45.43,0,1.09,22.27,1,100,41.2,92,4.4,36.67",1.16829,31250,36509.0625,15.63,0.04,15.63,0.04,-3.44,-0.01,-950.51,-0.01
399,Exit short,2025-07-16 04:20,Short Exit,1.16148,63830,74103.4385,-33.83,-0.05,20.43,0.03,-33.83,-0.05,-984.34,-0.01
399,Entry short,2025-07-16 03:45," | F:80,106,0,1,2.28,1,0,61.78,0,1.4,28.08,1,80,42.99,98.8,6.2,36.67",1.16095,63830,74103.4385,-33.83,-0.05,20.43,0.03,-33.83,-0.05,-984.34,-0.01
400,Exit short,2025-07-16 17:50,Short Exit,1.15748,23077,26694.78129,-16.38,-0.06,4.85,0.02,-16.38,-0.06,-1000.73,-0.01
400,Entry short,2025-07-16 17:45," | F:75,9,2,1,0.86,0,0,37.44,0,0.65,46.39,1,80,48.45,97.6,5,36.67",1.15677,23077,26694.78129,-16.38,-0.06,4.85,0.02,-16.38,-0.06,-1000.73,-0.01
401,Exit long,2025-07-16 21:05,Long Exit,1.1635,49180,57253.8806,-32.95,-0.06,8.36,0.01,-32.95,-0.06,-1033.68,-0.01
401,Entry long,2025-07-16 20:55," | F:80,12,2,0,0.37,1,1,48.92,0,0.79,27.29,1,60,34.11,85.2,8.4,36.67",1.16417,49180,57253.8806,-32.95,-0.06,8.36,0.01,-32.95,-0.06,-1033.68,-0.01
402,Exit long,2025-07-18 16:20,Long Exit,1.16605,46875,54626.71875,31.88,0.06,31.88,0.06,-6.56,-0.01,-1001.8,-0.01
402,Entry long,2025-07-18 16:10," | F:75,8,2,0,0.62,1,1,56.95,0,0.9,16.92,1,60,50,96.8,3.6,36.67",1.16537,46875,54626.71875,31.88,0.06,31.88,0.06,-6.56,-0.01,-1001.8,-0.01
403,Exit short,2025-07-22 13:55,Short Exit,1.17,60000,70231.2,31.2,0.04,31.2,0.04,-25.8,-0.04,-970.6,-0.01
403,Entry short,2025-07-22 13:05," | F:55,222,1,1,0.99,0,1,64.16,1,0.95,25.32,1,80,46.6,94.4,8.2,36.67",1.17052,60000,70231.2,31.2,0.04,31.2,0.04,-25.8,-0.04,-970.6,-0.01
404,Exit long,2025-07-22 15:45,Long Exit,1.16863,30000,35075.7,-16.8,-0.05,4.8,0.01,-16.8,-0.05,-987.4,-0.01
404,Entry long,2025-07-22 15:20," | F:80,54,2,0,1.71,1,1,36.49,1,0.99,18.39,1,40,41.49,97.6,5.8,50",1.16919,30000,35075.7,-16.8,-0.05,4.8,0.01,-16.8,-0.05,-987.4,-0.01
405,Exit long,2025-07-24 07:00,Long Exit,1.17724,54545,64245.82825,-33.27,-0.05,8.73,0.01,-33.27,-0.05,-1020.68,-0.01
405,Entry long,2025-07-24 06:35," | F:75,12,0,0,0.78,1,1,56.04,1,0.78,12.04,1,80,44.99,93.6,3,36.67",1.17785,54545,64245.82825,-33.27,-0.05,8.73,0.01,-33.27,-0.05,-1020.68,-0.01
406,Exit long,2025-07-24 17:40,Long Exit,1.17792,21429,25225.79022,15.86,0.06,15.86,0.06,-2.36,-0.01,-1004.82,-0.01
406,Entry long,2025-07-24 17:25," | F:70,9,2,0,0.64,0,1,55.03,1,0.43,32.19,1,60,50,91.6,6.3,36.67",1.17718,21429,25225.79022,15.86,0.06,15.86,0.06,-2.36,-0.01,-1004.82,-0.01
407,Exit short,2025-07-25 16:40,Short Exit,1.17127,33708,39513.19176,32.02,0.08,32.02,0.08,-4.04,-0.01,-972.8,-0.01
407,Entry short,2025-07-25 16:25," | F:75,29,2,1,0.4,1,0,50.44,1,0.97,44.08,1,80,58.67,98.2,16,50",1.17222,33708,39513.19176,32.02,0.08,32.02,0.08,-4.04,-0.01,-972.8,-0.01
408,Exit short,2025-07-28 16:20,Short Exit,1.16385,22901,26685.84827,32.52,0.12,32.52,0.12,-28.63,-0.11,-940.28,-0.01
408,Entry short,2025-07-28 15:05," | F:75,17,2,1,0.7,0,0,45.35,0,1.27,42.88,1,100,35.36,95.8,4.3,36.67",1.16527,22901,26685.84827,32.52,0.12,32.52,0.12,-28.63,-0.11,-940.28,-0.01
409,Exit long,2025-07-28 18:05,Long Exit,1.16327,25862,30101.04042,-16.55,-0.05,0,0.00,-16.55,-0.05,-956.83,-0.01
409,Entry long,2025-07-28 18:00," | F:50,8,2,0,0.8,0,0,45.94,0,0.92,19.54,1,60,50,94.6,6.6,36.67",1.16391,25862,30101.04042,-16.55,-0.05,0,0.00,-16.55,-0.05,-956.83,-0.01
410,Exit short,2025-07-30 10:55,Short Exit,1.15516,34884,40328.69472,32.09,0.08,32.09,0.08,-16.74,-0.04,-924.74,-0.01
410,Entry short,2025-07-30 10:10," | F:55,47,1,1,0.39,1,1,57.89,0,1.14,22.3,1,40,38.38,89.8,4.6,36.67",1.15608,34884,40328.69472,32.09,0.08,32.09,0.08,-16.74,-0.04,-924.74,-0.01
411,Exit short,2025-07-31 06:20,Short Exit,1.14192,38961,44522.29314,31.95,0.07,31.95,0.07,-2.34,-0.01,-892.79,-0.01
411,Entry short,2025-07-31 06:00," | F:65,16,0,1,0.81,0,0,48.72,0,1.14,26.7,1,60,50,95.2,8.5,46.57",1.14274,38961,44522.29314,31.95,0.07,31.95,0.07,-2.34,-0.01,-892.79,-0.01
412,Exit short,2025-08-04 17:40,Short Exit,1.15764,52632,60960.48768,31.58,0.05,31.58,0.05,-17.89,-0.03,-861.21,-0.01
412,Entry short,2025-08-04 17:25," | F:55,12,2,1,0.68,0,1,55.43,1,0.96,11.7,1,80,43.6,98.8,8.3,66.94",1.15824,52632,60960.48768,31.58,0.05,31.58,0.05,-17.89,-0.03,-861.21,-0.01
413,Exit long,2025-08-05 13:20,Long Exit,1.15353,46875,54104.53125,-32.81,-0.06,0,0.00,-32.81,-0.06,-894.02,-0.01
413,Entry long,2025-08-05 13:10," | F:60,14,1,0,1.4,1,0,49.66,0,0.99,20.23,1,80,45.61,96.8,6.6,57.53",1.15423,46875,54104.53125,-32.81,-0.06,0,0.00,-32.81,-0.06,-894.02,-0.01
414,Exit short,2025-08-07 14:10,Short Exit,1.16513,24000,27995.52,32.4,0.12,32.4,0.12,-2.16,-0.01,-861.62,-0.01
414,Entry short,2025-08-07 14:00," | F:55,16,1,1,0.76,0,1,37.49,1,2.76,23.22,1,40,44.47,81.4,4.3,26.67",1.16648,24000,27995.52,32.4,0.12,32.4,0.12,-2.16,-0.01,-861.62,-0.01
415,Exit short,2025-08-11 12:10,Short Exit,1.16502,56604,65976.49032,31.7,0.05,31.7,0.05,-13.02,-0.02,-829.92,-0.01
415,Entry short,2025-08-11 11:45," | F:75,18,1,1,0.84,0,0,49.1,1,0.74,27.9,1,40,50.82,89.8,4.6,43.61",1.16558,56604,65976.49032,31.7,0.05,31.7,0.05,-13.02,-0.02,-829.92,-0.01
416,Exit short,2025-08-14 09:10,Short Exit,1.17053,38462,44988.61678,-32.31,-0.07,0.77,0.00,-32.31,-0.07,-862.23,-0.01
416,Entry short,2025-08-14 09:00," | F:70,14,0,1,0.59,0,0,37.08,1,2.26,28.5,1,80,45.23,99.6,2.2,31.36",1.16969,38462,44988.61678,-32.31,-0.07,0.77,0.00,-32.31,-0.07,-862.23,-0.01
417,Exit short,2025-08-18 03:50,Short Exit,1.17011,60000,70237.8,31.2,0.04,31.2,0.04,-1.8,0.00,-831.03,-0.01
417,Entry short,2025-08-18 03:30," | F:55,17,0,1,0.59,1,1,47.19,1,1.17,18.02,1,60,57.14,97.6,3.8,45.45",1.17063,60000,70237.8,31.2,0.04,31.2,0.04,-1.8,0.00,-831.03,-0.01
418,Exit short,2025-08-20 20:20,Short Exit,1.16667,54545,63602.7427,-33.27,-0.05,2.18,0.00,-33.27,-0.05,-864.3,-0.01
418,Entry short,2025-08-20 20:05," | F:60,27,2,1,1.13,1,1,54.03,1,0.96,12.63,1,60,50,96.4,5.9,36.67",1.16606,54545,63602.7427,-33.27,-0.05,2.18,0.00,-33.27,-0.05,-864.3,-0.01
419,Exit short,2025-08-25 10:35,Short Exit,1.17091,54545,63898.92205,31.64,0.05,31.64,0.05,-30.55,-0.05,-832.67,-0.01
419,Entry short,2025-08-25 09:35," | F:50,102,0,1,0.68,0,1,65.3,1,1.08,28.28,1,80,64.53,90.2,3.8,36.67",1.17149,54545,63898.92205,31.64,0.05,31.64,0.05,-30.55,-0.05,-832.67,-0.01
420,Exit short,2025-08-25 21:20,Short Exit,1.1636,23438,27288.39464,15.94,0.06,15.94,0.06,-0.7,0.00,-816.73,-0.01
420,Entry short,2025-08-25 21:05," | F:75,8,2,1,0.98,1,0,23.85,0,1.09,69.52,1,100,41.18,99.2,6.4,62.31",1.16428,23438,27288.39464,15.94,0.06,15.94,0.06,-0.7,0.00,-816.73,-0.01
421,Exit long,2025-08-26 03:30,Long Exit,1.16555,13575,15789.6255,32.72,0.21,32.72,0.21,-3.8,-0.02,-784.01,-0.01
421,Entry long,2025-08-26 03:00," | F:50,49,0,0,0.43,0,0,74.18,0,5.76,25.09,1,100,50.72,96.6,12.9,50",1.16314,13575,15789.6255,32.72,0.21,32.72,0.21,-3.8,-0.02,-784.01,-0.01
422,Exit short,2025-08-26 08:30,Short Exit,1.16354,32609,37924.91918,-16.96,-0.04,1.63,0.00,-16.96,-0.04,-800.97,-0.01
422,Entry short,2025-08-26 08:15," | F:75,29,0,1,1.38,1,0,48.87,0,1.33,16.78,1,60,51.5,96.6,8.1,48.82",1.16302,32609,37924.91918,-16.96,-0.04,1.63,0.00,-16.96,-0.04,-800.97,-0.01
423,Exit long,2025-08-26 16:35,Long Exit,1.16521,39474,45963.5256,31.97,0.07,31.97,0.07,-14.61,-0.03,-769,-0.01
423,Entry long,2025-08-26 16:05," | F:75,28,2,0,0.54,0,1,43.83,0,1.23,22.76,1,60,51.63,97.6,7.8,74.1",1.1644,39474,45963.5256,31.97,0.07,31.97,0.07,-14.61,-0.03,-769,-0.01
424,Exit short,2025-08-26 16:50,Short Exit,1.16556,43478,50643.60918,-32.61,-0.06,1.3,0.00,-32.61,-0.06,-801.61,-0.01
424,Entry short,2025-08-26 16:35," | F:55,13,2,1,0.62,1,1,51.28,0,1.21,20.05,1,60,50,95.2,5.7,50",1.16481,43478,50643.60918,-32.61,-0.06,1.3,0.00,-32.61,-0.06,-801.61,-0.01
425,Exit long,2025-08-29 13:10,Long Exit,1.16675,41096,47981.22384,-32.47,-0.07,6.58,0.01,-32.47,-0.07,-834.07,-0.01
425,Entry long,2025-08-29 12:35," | F:75,23,1,0,1.05,0,1,49.98,1,1.02,16.72,1,80,44.43,99,8.9,36.67",1.16754,41096,47981.22384,-32.47,-0.07,6.58,0.01,-32.47,-0.07,-834.07,-0.01
426,Exit short,2025-08-29 17:15,Short Exit,1.16839,25000,29193.25,-16.5,-0.06,0,0.00,-16.5,-0.06,-850.57,-0.01
426,Entry short,2025-08-29 17:10," | F:55,59,2,1,0.69,0,1,68.17,1,1.13,23.6,1,40,41.89,96,8.2,36.67",1.16773,25000,29193.25,-16.5,-0.06,0,0.00,-16.5,-0.06,-850.57,-0.01
427,Exit long,2025-09-02 05:00,Long Exit,1.16988,65217,76329.9768,-33.91,-0.04,17.61,0.02,-33.91,-0.04,-884.48,-0.01
427,Entry long,2025-09-02 04:20," | F:55,109,0,0,0.63,0,0,40.14,1,1.06,25.45,1,60,47.95,99.4,4.1,36.67",1.1704,65217,76329.9768,-33.91,-0.04,17.61,0.02,-33.91,-0.04,-884.48,-0.01
428,Exit short,2025-09-02 17:30,Short Exit,1.1667,18987,22168.08198,15.95,0.07,15.95,0.07,-9.3,-0.04,-868.53,-0.01
428,Entry short,2025-09-02 17:15," | F:75,84,2,1,0.88,0,1,74.78,0,1.29,30.09,1,80,65.01,85.6,11.7,36.67",1.16754,18987,22168.08198,15.95,0.07,15.95,0.07,-9.3,-0.04,-868.53,-0.01
429,Exit short,2025-09-04 10:20,Short Exit,1.16497,63830,74391.3118,31.28,0.04,31.28,0.04,-14.68,-0.02,-837.26,-0.01
429,Entry short,2025-09-04 10:05," | F:75,10,1,1,0.35,1,0,49.91,0,1.09,13.84,1,60,41.05,99.6,6.6,50",1.16546,63830,74391.3118,31.28,0.04,31.28,0.04,-14.68,-0.02,-837.26,-0.01
430,Exit long,2025-09-05 15:05,Long Exit,1.16989,28302,33077.9625,32.26,0.10,32.26,0.10,-4.25,-0.01,-804.99,-0.01
430,Entry long,2025-09-05 14:55," | F:75,40,1,0,0.69,0,1,51.68,1,1.84,28.31,1,100,39.69,93,2.9,36.67",1.16875,28302,33077.9625,32.26,0.10,32.26,0.10,-4.25,-0.01,-804.99,-0.01
431,Exit short,2025-09-08 03:05,Short Exit,1.17057,56604,66290.64252,31.7,0.05,31.7,0.05,-12.45,-0.02,-773.3,-0.01
431,Entry short,2025-09-08 02:50," | F:65,22,3,1,1.6,0,1,51.23,1,1.2,20.4,1,60,50,99.2,5.3,36.67",1.17113,56604,66290.64252,31.7,0.05,31.7,0.05,-12.45,-0.02,-773.3,-0.01
432,Exit long,2025-09-09 09:40,Long Exit,1.17633,51724,60877.59628,-33.1,-0.05,1.03,0.00,-33.1,-0.05,-806.4,-0.01
432,Entry long,2025-09-09 09:35," | F:70,32,0,0,0.57,0,1,44.7,1,1.01,21.69,1,60,40.76,87.6,6.1,40.62",1.17697,51724,60877.59628,-33.1,-0.05,1.03,0.00,-33.1,-0.05,-806.4,-0.01
433,Exit long,2025-09-09 15:30,Long Exit,1.17336,15464,18160.76696,-15.93,-0.09,1.86,0.01,-15.93,-0.09,-822.33,-0.01
433,Entry long,2025-09-09 15:05," | F:70,228,2,0,0.55,0,0,31.07,1,1.24,33.52,1,40,47.77,96,8,16.67",1.17439,15464,18160.76696,-15.93,-0.09,1.86,0.01,-15.93,-0.09,-822.33,-0.01
434,Exit short,2025-09-11 15:45,Short Exit,1.16957,24000,28102.08,32.4,0.12,32.4,0.12,-10.32,-0.04,-789.93,-0.01
434,Entry short,2025-09-11 15:35," | F:60,253,2,1,0.32,1,1,67.47,0,2.5,24.23,1,60,30.01,85.2,3.9,61.83",1.17092,24000,28102.08,32.4,0.12,32.4,0.12,-10.32,-0.04,-789.93,-0.01
435,Exit long,2025-09-15 17:00,Long Exit,1.17563,52632,61908.91632,-33.16,-0.05,28.95,0.05,-33.16,-0.05,-823.08,-0.01
435,Entry long,2025-09-15 16:30," | F:70,22,2,0,0.58,0,1,50.39,1,0.97,29.74,1,100,42.27,88.8,7.4,16.67",1.17626,52632,61908.91632,-33.16,-0.05,28.95,0.05,-33.16,-0.05,-823.08,-0.01
436,Exit short,2025-09-16 09:15,Short Exit,1.17863,41667,49077.47595,-32.5,-0.07,0,0.00,-32.5,-0.07,-855.59,-0.01
436,Entry short,2025-09-16 09:05," | F:55,30,0,1,1.27,1,1,53.69,1,1.3,17.09,1,60,46.55,93,5.7,36.67",1.17785,41667,49077.47595,-32.5,-0.07,0,0.00,-32.5,-0.07,-855.59,-0.01
437,Exit short,2025-09-16 14:10,Short Exit,1.18024,31915,37682.99795,15.64,0.04,15.64,0.04,-0.96,0.00,-839.95,-0.01
437,Entry short,2025-09-16 14:00," | F:60,7,1,1,0.33,1,1,53.09,1,1.15,29.79,1,80,25.15,97,3.2,44.84",1.18073,31915,37682.99795,15.64,0.04,15.64,0.04,-0.96,0.00,-839.95,-0.01
438,Exit short,2025-09-16 23:50,Short Exit,1.1868,65217,77365.62276,-33.91,-0.04,5.22,0.01,-33.91,-0.04,-873.86,-0.01
438,Entry short,2025-09-16 23:40," | F:55,18,2,1,1.07,1,1,49.09,1,1.75,15.77,1,40,41.83,91.8,3.7,36.67",1.18628,65217,77365.62276,-33.91,-0.04,5.22,0.01,-33.91,-0.04,-873.86,-0.01
439,Exit short,2025-09-18 10:00,Short Exit,1.18007,61224,72214.93248,-33.67,-0.05,22.04,0.03,-33.67,-0.05,-907.53,-0.01
439,Entry short,2025-09-18 09:45," | F:70,15,0,1,0.51,0,0,51.01,1,1.03,33.25,1,80,52.92,91.2,8.2,36.67",1.17952,61224,72214.93248,-33.67,-0.05,22.04,0.03,-33.67,-0.05,-907.53,-0.01
440,Exit short,2025-09-19 07:30,Short Exit,1.1776,36145,42596.52105,32.17,0.08,32.17,0.08,-17.35,-0.04,-875.36,-0.01
440,Entry short,2025-09-19 06:45," | F:70,122,0,1,0.68,0,0,54.84,1,3.1,22.29,1,60,44.71,96.8,5.9,35.1",1.17849,36145,42596.52105,32.17,0.08,32.17,0.08,-17.35,-0.04,-875.36,-0.01
441,Exit long,2025-09-24 08:35,Long Exit,1.17958,65217,76962.5817,-33.91,-0.04,26.09,0.03,-33.91,-0.04,-909.28,-0.01
441,Entry long,2025-09-24 07:45," | F:50,10,0,0,0.55,0,0,52.12,1,1.06,18.88,1,100,30.45,99,1.8,36.67",1.1801,65217,76962.5817,-33.91,-0.04,26.09,0.03,-33.91,-0.04,-909.28,-0.01
442,Exit long,2025-09-26 01:00,Long Exit,1.16648,56604,65995.73568,31.7,0.05,31.7,0.05,-21.51,-0.03,-877.58,-0.01
442,Entry long,2025-09-26 00:05," | F:50,26,3,0,1.4,0,0,43.78,0,0.46,21.58,1,60,42.07,96.2,6.2,36.67",1.16592,56604,65995.73568,31.7,0.05,31.7,0.05,-21.51,-0.03,-877.58,-0.01
443,Exit short,2025-09-26 16:00,Short Exit,1.16877,11364,13266.21996,-15.68,-0.12,2.73,0.02,-15.68,-0.12,-893.26,-0.01
443,Entry short,2025-09-26 15:30," | F:55,47,2,1,0.38,0,0,52,0,2.79,18.71,1,40,36.91,99.6,8.5,50",1.16739,11364,13266.21996,-15.68,-0.12,2.73,0.02,-15.68,-0.12,-893.26,-0.01
444,Exit long,2025-09-26 19:10,Long Exit,1.16869,58824,68780.55024,-33.53,-0.05,10,0.01,-33.53,-0.05,-926.79,-0.01
444,Entry long,2025-09-26 18:45," | F:80,7,2,0,0.22,1,1,51.65,0,0.64,22.9,1,80,41.31,95.4,4.4,36.67",1.16926,58824,68780.55024,-33.53,-0.05,10,0.01,-33.53,-0.05,-926.79,-0.01
445,Exit long,2025-10-01 10:40,Long Exit,1.1747,28846,33917.1268,-31.73,-0.09,0,0.00,-31.73,-0.09,-958.52,-0.01
445,Entry long,2025-10-01 10:35," | F:70,36,1,0,0.4,0,1,46.59,1,0.94,38.3,1,80,64.57,96.2,16.4,50",1.1758,28846,33917.1268,-31.73,-0.09,0,0.00,-31.73,-0.09,-958.52,-0.01
446,Exit short,2025-10-02 09:00,Short Exit,1.17385,52632,61748.91504,-33.16,-0.05,15.26,0.02,-33.16,-0.05,-991.68,-0.01
446,Entry short,2025-10-02 08:00," | F:70,20,0,1,0.88,0,0,45.88,0,1.84,16.41,1,60,46.12,98,3.2,26.52",1.17322,52632,61748.91504,-33.16,-0.05,15.26,0.02,-33.16,-0.05,-991.68,-0.01
447,Exit short,2025-10-02 10:00,Short Exit,1.1746,18072,21211.28712,-16.08,-0.08,5.42,0.03,-16.08,-0.08,-1007.76,-0.01
447,Entry short,2025-10-02 09:40," | F:50,7,0,1,1.03,0,1,52.1,0,1.81,26.16,1,80,48.9,99.6,3.6,50",1.17371,18072,21211.28712,-16.08,-0.08,5.42,0.03,-16.08,-0.08,-1007.76,-0.01
448,Exit short,2025-10-06 04:40,Short Exit,1.17205,42857,50197.97553,-32.57,-0.06,12.86,0.03,-32.57,-0.06,-1040.33,-0.01
448,Entry short,2025-10-06 03:10," | F:65,21,0,1,0.8,0,0,44.26,0,1.04,25.41,1,60,50,99,2.1,21.2",1.17129,42857,50197.97553,-32.57,-0.06,12.86,0.03,-32.57,-0.06,-1040.33,-0.01
449,Exit short,2025-10-06 23:00,Short Exit,1.17083,32609,38195.24779,15.65,0.04,15.65,0.04,-0.98,0.00,-1024.68,-0.01
449,Entry short,2025-10-06 22:50," | F:60,58,2,1,1.98,1,1,51.99,0,0.93,16.17,1,80,42.86,98.8,12.9,41.11",1.17131,32609,38195.24779,15.65,0.04,15.65,0.04,-0.98,0.00,-1024.68,-0.01
450,Exit short,2025-10-07 19:10,Short Exit,1.16813,47619,55592.32536,-32.86,-0.06,9.05,0.02,-32.86,-0.06,-1057.54,-0.01
450,Entry short,2025-10-07 18:50," | F:80,93,2,1,0.45,1,0,60.94,0,0.98,24.92,1,80,40.29,92.8,5.1,79.1",1.16744,47619,55592.32536,-32.86,-0.06,9.05,0.02,-32.86,-0.06,-1057.54,-0.01
451,Exit short,2025-10-09 16:40,Short Exit,1.15926,19868,23064.7612,32.58,0.14,32.58,0.14,-24.24,-0.11,-1024.96,-0.01
451,Entry short,2025-10-09 16:05," | F:80,33,2,1,0.63,1,0,42.55,0,2.52,15.47,1,80,49.08,99,13,50",1.1609,19868,23064.7612,32.58,0.14,32.58,0.14,-24.24,-0.11,-1024.96,-0.01
452,Exit short,2025-10-10 10:05,Short Exit,1.15763,34483,39886.4861,-32.07,-0.08,20.69,0.05,-32.07,-0.08,-1057.03,-0.01
452,Entry short,2025-10-10 09:40," | F:75,12,0,1,0.65,1,0,39.33,0,1.97,16,1,100,49.77,96,5.8,50",1.1567,34483,39886.4861,-32.07,-0.08,20.69,0.05,-32.07,-0.08,-1057.03,-0.01
453,Exit long,2025-10-10 17:55,Long Exit,1.15784,15625,18075.15625,16.09,0.09,16.09,0.09,-9.84,-0.05,-1040.93,-0.01
453,Entry long,2025-10-10 15:00," | F:50,154,2,0,0.71,0,0,45.54,0,1.81,26.85,1,80,53.11,98.8,5.7,37.35",1.15681,15625,18075.15625,16.09,0.09,16.09,0.09,-9.84,-0.05,-1040.93,-0.01
454,Exit long,2025-10-14 00:00,Long Exit,1.15644,46875,54240.9375,-32.81,-0.06,11.72,0.02,-32.81,-0.06,-1073.74,-0.01
454,Entry long,2025-10-13 22:00," | F:55,47,2,0,1.99,0,0,44.71,0,1.35,17.38,1,60,37.93,99.6,4.6,50",1.15714,46875,54240.9375,-32.81,-0.06,11.72,0.02,-32.81,-0.06,-1073.74,-0.01
455,Exit long,2025-10-17 10:20,Long Exit,1.16992,34884,40843.58256,-32.09,-0.08,23.02,0.06,-32.09,-0.08,-1105.84,-0.01
455,Entry long,2025-10-17 10:10," | F:75,62,1,0,0.89,1,1,40.08,1,1.38,27.1,1,80,53.66,94.6,7.7,53.83",1.17084,34884,40843.58256,-32.09,-0.08,23.02,0.06,-32.09,-0.08,-1105.84,-0.01
456,Exit long,2025-10-17 14:10,Long Exit,1.16861,22727,26575.36291,-16.36,-0.06,8.64,0.03,-16.36,-0.06,-1122.2,-0.01
456,Entry long,2025-10-17 14:00," | F:75,158,1,0,0.51,1,0,43.4,1,1.36,22.33,1,100,57.44,94,3.7,46.82",1.16933,22727,26575.36291,-16.36,-0.06,8.64,0.03,-16.36,-0.06,-1122.2,-0.01
457,Exit long,2025-10-20 18:20,Long Exit,1.16623,58824,68570.54856,31.76,0.05,31.76,0.05,-2.94,0.00,-1090.44,-0.01
457,Entry long,2025-10-20 18:10," | F:55,13,2,0,0.93,0,0,53.63,1,0.85,19.81,1,60,55.2,89.6,1.9,26.67",1.16569,58824,68570.54856,31.76,0.05,31.76,0.05,-2.94,0.00,-1090.44,-0.01
458,Exit long,2025-10-21 10:25,Long Exit,1.16306,63830,74206.8431,31.28,0.04,31.28,0.04,-3.19,0.00,-1059.16,-0.01
458,Entry long,2025-10-21 10:15," | F:45,12,1,0,0.51,0,0,42.32,0,1.28,32.45,1,80,50,98.8,2.5,30.58",1.16257,63830,74206.8431,31.28,0.04,31.28,0.04,-3.19,0.00,-1059.16,-0.01
459,Exit short,2025-10-21 21:40,Short Exit,1.16088,32609,37838.17924,-16.96,-0.04,0,0.00,-16.96,-0.04,-1076.12,-0.01
459,Entry short,2025-10-21 21:20," | F:65,13,2,1,0.5,0,0,39.91,0,0.67,21.42,1,20,50,96.8,2.7,50",1.16036,32609,37838.17924,-16.96,-0.04,0,0.00,-16.96,-0.04,-1076.12,-0.01
460,Exit short,2025-10-22 17:50,Short Exit,1.16048,58824,68230.54584,-33.53,-0.05,7.06,0.01,-33.53,-0.05,-1109.65,-0.01
460,Entry short,2025-10-22 17:35," | F:75,82,2,1,0.48,0,1,61.82,0,0.73,32.75,1,40,53.19,97.4,12.2,36.67",1.15991,58824,68230.54584,-33.53,-0.05,7.06,0.01,-33.53,-0.05,-1109.65,-0.01
461,Exit long,2025-10-23 11:05,Long Exit,1.16026,49180,57029.6198,31.97,0.06,31.97,0.06,-25.57,-0.04,-1077.68,-0.01
461,Entry long,2025-10-23 09:45," | F:55,33,0,0,0.77,1,0,41.92,0,1.48,23.73,1,80,44.1,92,2.9,25",1.15961,49180,57029.6198,31.97,0.06,31.97,0.06,-25.57,-0.04,-1077.68,-0.01
462,Exit short,2025-10-23 18:10,Short Exit,1.16089,26316,30565.77084,15.79,0.05,15.79,0.05,-2.89,-0.01,-1061.89,-0.01
462,Entry short,2025-10-23 17:35," | F:50,260,2,1,0.59,0,1,67.58,0,0.77,41.6,1,0,50,99.8,6,43.59",1.16149,26316,30565.77084,15.79,0.05,15.79,0.05,-2.89,-0.01,-1061.89,-0.01
463,Exit long,2025-10-24 10:30,Long Exit,1.16169,37500,43531.5,31.88,0.07,31.88,0.07,-24.37,-0.06,-1030.01,-0.01
463,Entry long,2025-10-24 10:15," | F:55,13,1,0,0.68,1,0,49.43,0,1.66,25.7,1,60,59.24,94.6,2.5,50",1.16084,37500,43531.5,31.88,0.07,31.88,0.07,-24.37,-0.06,-1030.01,-0.01
464,Exit long,2025-10-24 18:45,Long Exit,1.16236,25862,30077.506,-16.55,-0.06,0,0.00,-16.55,-0.06,-1046.57,-0.01
464,Entry long,2025-10-24 18:40," | F:75,10,2,0,1.44,0,1,51.8,0,0.84,11.43,1,60,47.85,93.2,4,36.67",1.163,25862,30077.506,-16.55,-0.06,0,0.00,-16.55,-0.06,-1046.57,-0.01
465,Exit short,2025-10-24 22:55,Short Exit,1.16333,58824,68398.19424,-33.53,-0.05,18.82,0.03,-33.53,-0.05,-1080.09,-0.01
465,Entry short,2025-10-24 20:15," | F:50,22,2,1,0.97,0,1,52.71,0,0.74,13.05,1,60,50,93.6,6.4,36.67",1.16276,58824,68398.19424,-33.53,-0.05,18.82,0.03,-33.53,-0.05,-1080.09,-0.01
466,Exit short,2025-10-27 13:55,Short Exit,1.1646,45455,52904.1654,-32.73,-0.06,12.73,0.02,-32.73,-0.06,-1112.82,-0.01
466,Entry short,2025-10-27 12:25," | F:50,108,1,1,0.92,0,1,60.77,1,0.78,34.47,1,100,51.55,93,3.3,25.35",1.16388,45455,52904.1654,-32.73,-0.06,12.73,0.02,-32.73,-0.06,-1112.82,-0.01
467,Exit short,2025-10-29 17:55,Short Exit,1.16645,51724,60300.35644,-33.1,-0.05,9.31,0.02,-33.1,-0.05,-1145.93,-0.01
467,Entry short,2025-10-29 17:50," | F:50,242,2,1,0.22,0,1,70.23,1,1.62,27.39,1,60,48.91,97.2,12.7,36.67",1.16581,51724,60300.35644,-33.1,-0.05,9.31,0.02,-33.1,-0.05,-1145.93,-0.01
468,Exit long,2025-10-31 17:40,Long Exit,1.15238,48387,55793.11422,-32.9,-0.06,15.97,0.03,-32.9,-0.06,-1178.83,-0.01
468,Entry long,2025-10-31 17:05," | F:50,8,2,0,0.95,0,0,39.72,0,0.75,42.12,1,80,50,96.6,7.6,36.67",1.15306,48387,55793.11422,-32.9,-0.06,15.97,0.03,-32.9,-0.06,-1178.83,-0.01
469,Exit long,2025-11-05 20:00,Time Stop (Bars),1.14826,32967,37839.85227,14.84,0.04,30.99,0.08,-26.04,-0.07,-1163.99,-0.01
469,Entry long,2025-11-05 17:00," | F:55,12,2,0,1.11,0,0,42.64,0,2.91,24.6,1,80,61.39,82.8,4.2,50",1.14781,32967,37839.85227,14.84,0.04,30.99,0.08,-26.04,-0.07,-1163.99,-0.01
470,Exit short,2025-11-06 17:55,Short Exit,1.15364,39474,45506.41668,-32.37,-0.07,25.66,0.06,-32.37,-0.07,-1196.36,-0.01
470,Entry short,2025-11-06 17:30," | F:60,17,2,1,0.66,1,1,50.11,0,0.88,23.68,1,100,50.9,93.8,4.1,43.43",1.15282,39474,45506.41668,-32.37,-0.07,25.66,0.06,-32.37,-0.07,-1196.36,-0.01
471,Exit long,2025-11-10 00:00,Long Exit,1.15545,50000,57820,-47.5,-0.08,1,0.00,-47.5,-0.08,-1243.86,-0.01
471,Entry long,2025-11-07 23:50," | F:70,22,3,0,1.03,0,1,45.93,1,1.03,28.67,1,80,42.22,95.6,2.8,39.83",1.1564,50000,57820,-47.5,-0.08,1,0.00,-47.5,-0.08,-1243.86,-0.01
472,Exit short,2025-11-10 09:30,Short Exit,1.15628,54545,63036.02015,-33.27,-0.05,18,0.03,-33.27,-0.05,-1277.13,-0.01
472,Entry short,2025-11-10 09:15," | F:55,10,1,1,0.57,1,0,44.96,1,1.45,22.27,1,100,35.26,99,2.2,36.67",1.15567,54545,63036.02015,-33.27,-0.05,18,0.03,-33.27,-0.05,-1277.13,-0.01
473,Exit short,2025-11-10 23:35,Time Stop (Bars),1.1559,28846,33347.4183,4.33,0.01,7.5,0.02,-11.83,-0.04,-1272.81,-0.01
473,Entry short,2025-11-10 20:35," | F:65,6,2,1,0.77,0,1,60.69,1,0.61,30.8,1,80,50,99.6,1.8,52.68",1.15605,28846,33347.4183,4.33,0.01,7.5,0.02,-11.83,-0.04,-1272.81,-0.01
474,Exit short,2025-11-14 15:45,Short Exit,1.16358,33333,38817.61182,32,0.08,32,0.08,-25.67,-0.07,-1240.81,-0.01
474,Entry short,2025-11-14 15:00," | F:50,231,2,1,0.48,0,1,71.07,1,1.96,46.47,1,80,52.73,98.2,7.7,36.67",1.16454,33333,38817.61182,32,0.08,32,0.08,-25.67,-0.07,-1240.81,-0.01
475,Exit short,2025-11-17 00:00,Short Exit,1.16117,26316,30573.13932,15.79,0.05,15.79,0.05,-0.79,0.00,-1225.02,-0.01
475,Entry short,2025-11-14 23:55," | F:70,7,3,1,0.43,0,0,44.55,1,1.06,17.81,1,80,34.97,99.6,3.3,36.67",1.16177,26316,30573.13932,15.79,0.05,15.79,0.05,-0.79,0.00,-1225.02,-0.01
476,Exit short,2025-11-17 19:45,Short Exit,1.15921,58824,68221.134,31.76,0.05,31.76,0.05,-12.35,-0.02,-1193.25,-0.01
476,Entry short,2025-11-17 18:45," | F:65,49,2,1,0.73,0,0,56.7,1,0.52,23.89,1,80,50,97.8,3.8,48.97",1.15975,58824,68221.134,31.76,0.05,31.76,0.05,-12.35,-0.02,-1193.25,-0.01
477,Exit short,2025-11-18 17:00,Short Exit,1.16031,37975,44030.4935,-32.28,-0.07,6.84,0.02,-32.28,-0.07,-1225.53,-0.01
477,Entry short,2025-11-18 15:30," | F:75,62,2,1,1.12,0,1,58.91,1,2.5,28.7,1,100,57.81,90.6,6.5,41.01",1.15946,37975,44030.4935,-32.28,-0.07,6.84,0.02,-32.28,-0.07,-1225.53,-0.01
478,Exit long,2025-11-21 21:20,Long Exit,1.15108,56604,65124.03408,31.7,0.05,31.7,0.05,-17.55,-0.03,-1193.83,-0.01
478,Entry long,2025-11-21 19:45," | F:50,5,2,0,0.66,0,0,50.15,0,0.75,14.67,1,60,29.81,99.6,3.2,36.67",1.15052,56604,65124.03408,31.7,0.05,31.7,0.05,-17.55,-0.03,-1193.83,-0.01
479,Exit long,2025-11-24 14:30,Long Exit,1.15464,56604,65325.54432,31.7,0.05,31.7,0.05,-2.26,0.00,-1162.14,-0.01
479,Entry long,2025-11-24 14:15," | F:70,13,2,0,0.64,0,1,52.75,0,1.01,25.6,1,80,50.56,98.6,4.5,36.67",1.15408,56604,65325.54432,31.7,0.05,31.7,0.05,-2.26,0.00,-1162.14,-0.01
480,Exit short,2025-11-28 17:40,Short Exit,1.15893,33708,39033.18984,-32.02,-0.08,0.67,0.00,-32.02,-0.08,-1194.16,-0.01
480,Entry short,2025-11-28 17:05," | F:75,90,2,1,1.02,0,1,58.69,1,0.73,24.99,1,60,48.84,94.6,5.3,36.67",1.15798,33708,39033.18984,-32.02,-0.08,0.67,0.00,-32.02,-0.08,-1194.16,-0.01
481,Exit long,2025-12-03 14:05,Long Exit,1.16679,62500,72893.125,31.25,0.04,31.25,0.04,-5,-0.01,-1162.91,-0.01
481,Entry long,2025-12-03 13:45," | F:65,5,1,0,0.85,0,1,67.23,1,0.79,34.65,1,60,50,99.4,2.1,36.67",1.16629,62500,72893.125,31.25,0.04,31.25,0.04,-5,-0.01,-1162.91,-0.01
482,Exit short,2025-12-04 16:40,Short Exit,1.16665,55556,64846.07432,31.67,0.05,31.67,0.05,-23.89,-0.04,-1131.24,-0.01
482,Entry short,2025-12-04 16:20," | F:50,23,2,1,0.77,0,1,57.89,1,1,27.42,1,80,66.4,93.6,5.8,36.67",1.16722,55556,64846.07432,31.67,0.05,31.67,0.05,-23.89,-0.04,-1131.24,-0.01
483,Exit long,2025-12-04 17:05,Long Exit,1.1663,25424,29668.5368,-16.53,-0.06,4.32,0.01,-16.53,-0.06,-1147.77,-0.01
483,Entry long,2025-12-04 16:50," | F:75,12,2,0,0.98,0,1,50.17,1,1.12,21.48,1,40,42.16,86.4,5.3,36.67",1.16695,25424,29668.5368,-16.53,-0.06,4.32,0.01,-16.53,-0.06,-1147.77,-0.01
484,Exit long,2025-12-05 17:50,Long Exit,1.16472,63830,74377.9075,-33.83,-0.05,0,0.00,-33.83,-0.05,-1181.6,-0.01
484,Entry long,2025-12-05 17:45," | F:80,9,2,0,1.16,1,0,49.34,1,1.08,14.42,1,60,46.07,96,5.2,36.67",1.16525,63830,74377.9075,-33.83,-0.05,0,0.00,-33.83,-0.05,-1181.6,-0.01
485,Exit long,2025-12-10 14:45,Long Exit,1.16413,54545,63465.83475,31.64,0.05,31.64,0.05,-3.27,-0.01,-1149.96,-0.01
485,Entry long,2025-12-10 14:20," | F:65,6,2,0,1.06,0,1,49.92,1,0.96,13.78,1,100,50,99.2,3.4,92.19",1.16355,54545,63465.83475,31.64,0.05,31.64,0.05,-3.27,-0.01,-1149.96,-0.01
486,Exit long,2025-12-11 02:25,Long Exit,1.1698,65217,76324.75944,-33.91,-0.04,11.74,0.02,-33.91,-0.04,-1183.87,-0.01
486,Entry long,2025-12-11 02:00," | F:75,7,0,0,0.29,1,1,70.88,1,3.09,31.25,1,80,37.69,98.4,1.9,36.67",1.17032,65217,76324.75944,-33.91,-0.04,11.74,0.02,-33.91,-0.04,-1183.87,-0.01
487,Exit short,2025-12-11 10:10,Short Exit,1.17024,25862,30248.1952,-16.55,-0.05,7.76,0.03,-16.55,-0.05,-1200.43,-0.01
487,Entry short,2025-12-11 09:45," | F:50,64,1,1,0.71,0,1,63.09,1,1.5,36.4,1,100,33.87,93,4,36.67",1.1696,25862,30248.1952,-16.55,-0.05,7.76,0.03,-16.55,-0.05,-1200.43,-0.01
488,Exit short,2025-12-15 11:05,Short Exit,1.17395,47619,55869.46794,-32.86,-0.06,29.05,0.05,-32.86,-0.06,-1233.28,-0.01
488,Entry short,2025-12-15 09:00," | F:70,41,1,1,1.14,0,0,47.17,1,2.75,20.33,1,40,32.63,99.2,4.1,80.34",1.17326,47619,55869.46794,-32.86,-0.06,29.05,0.05,-32.86,-0.06,-1233.28,-0.01
489,Exit long,2025-12-17 14:20,Long Exit,1.17174,58824,68894.6688,31.76,0.05,31.76,0.05,-20.59,-0.03,-1201.52,-0.01
489,Entry long,2025-12-17 13:50," | F:55,45,1,0,0.66,0,0,39.69,1,0.91,17.51,1,100,47.99,93.4,9.6,36.67",1.1712,58824,68894.6688,31.76,0.05,31.76,0.05,-20.59,-0.03,-1201.52,-0.01
490,Exit long,2025-12-18 09:00,Long Exit,1.17474,65217,76581.71442,31.3,0.04,31.3,0.04,-6.52,-0.01,-1170.21,-0.01
490,Entry long,2025-12-18 08:20," | F:70,21,0,0,0.74,0,1,48.31,1,1.26,14.98,1,60,33.62,97.6,3.4,36.67",1.17426,65217,76581.71442,31.3,0.04,31.3,0.04,-6.52,-0.01,-1170.21,-0.01
491,Exit short,2025-12-18 18:00,Short Exit,1.17333,28846,33829.1465,-16.73,-0.05,6.92,0.02,-16.73,-0.05,-1186.94,-0.01
491,Entry short,2025-12-18 17:45," | F:75,7,2,1,0.59,0,0,46.06,1,0.88,26.37,1,40,31.26,90,6.1,36.67",1.17275,28846,33829.1465,-16.73,-0.05,6.92,0.02,-16.73,-0.05,-1186.94,-0.01
492,Exit long,2025-12-23 17:40,Long Exit,1.1766,47619,56061.37251,-32.86,-0.06,29.05,0.05,-32.86,-0.06,-1219.8,-0.01
492,Entry long,2025-12-23 17:00," | F:70,163,2,0,0.37,0,0,40.19,1,1.27,44.98,1,100,56.66,98,11.9,36.67",1.17729,47619,56061.37251,-32.86,-0.06,29.05,0.05,-32.86,-0.06,-1219.8,-0.01
493,Exit long,2025-12-23 17:55,Long Exit,1.17725,32609,38373.29293,15.65,0.04,15.65,0.04,-9.78,-0.03,-1204.15,-0.01
493,Entry long,2025-12-23 17:45," | F:75,190,2,0,0.32,1,0,37.94,1,0.82,36.16,1,80,39.27,98.8,2,37.67",1.17677,32609,38373.29293,15.65,0.04,15.65,0.04,-9.78,-0.03,-1204.15,-0.01
494,Exit long,2025-12-24 10:10,Long Exit,1.17851,54545,64315.1004,-33.27,-0.05,3.82,0.01,-33.27,-0.05,-1237.42,-0.01
494,Entry long,2025-12-24 09:50," | F:70,44,1,0,0.72,0,0,38.51,1,1.03,30.58,1,100,43.09,94,2.9,36.67",1.17912,54545,64315.1004,-33.27,-0.05,3.82,0.01,-33.27,-0.05,-1237.42,-0.01
495,Exit long,2025-12-24 14:10,Long Exit,1.17895,20548,24241.29752,-16.23,-0.07,2.05,0.01,-16.23,-0.07,-1253.65,-0.01
495,Entry long,2025-12-24 12:50," | F:75,27,1,0,0.95,0,1,51.91,1,1.05,15.25,1,100,62.32,95.2,6.5,27.24",1.17974,20548,24241.29752,-16.23,-0.07,2.05,0.01,-16.23,-0.07,-1253.65,-0.01
496,Exit long,2025-12-30 00:05,Long Exit,1.17625,41667,49044.97569,-34.17,-0.07,15.83,0.03,-34.17,-0.07,-1287.82,-0.01
496,Entry long,2025-12-29 22:55," | F:70,14,2,0,0.71,0,1,70.03,1,2.43,25.06,1,60,47.34,98.2,3.7,36.67",1.17707,41667,49044.97569,-34.17,-0.07,15.83,0.03,-34.17,-0.07,-1287.82,-0.01
497,Exit short,2026-01-05 10:20,Short Exit,1.16931,57692,67426.37116,-33.46,-0.05,25.38,0.04,-33.46,-0.05,-1321.28,-0.01
497,Entry short,2026-01-05 09:05," | F:70,55,1,1,1.15,0,0,54.31,0,1.2,23.67,1,40,42.32,98.8,6.7,30.04",1.16873,57692,67426.37116,-33.46,-0.05,25.38,0.04,-33.46,-0.05,-1321.28,-0.01
498,Exit short,2026-01-06 17:00,Short Exit,1.17024,49180,57584.3702,31.97,0.06,31.97,0.06,-1.48,0.00,-1289.32,-0.01
498,Entry short,2026-01-06 16:55," | F:75,10,2,1,0.91,0,0,50.85,0,1.23,12.57,1,60,53.97,90.6,5.9,91.81",1.17089,49180,57584.3702,31.97,0.06,31.97,0.06,-1.48,0.00,-1289.32,-0.01
499,Exit long,2026-01-07 03:40,Long Exit,1.16983,45455,53142.80415,31.82,0.06,31.82,0.06,-8.18,-0.02,-1257.5,-0.01
499,Entry long,2026-01-07 02:30," | F:45,28,0,0,1.14,0,0,62.78,0,4.31,12.84,1,80,50,99.6,1.6,24.34",1.16913,45455,53142.80415,31.82,0.06,31.82,0.06,-8.18,-0.02,-1257.5,-0.01