Trade #,Type,Date and time,Signal,Price USD,Position size (qty),Position size (value),Net P&L USD,Net P&L %,Favorable excursion USD,Favorable excursion %,Adverse excursion USD,Adverse excursion %,Cumulative P&L USD,Cumulative P&L %
1,Exit short,2023-01-04 12:25,Short Exit,1858.25,38,70721.42,107.92,0.15,107.92,0.15,-34.58,-0.05,107.92,0.00
1,Entry short,2023-01-04 11:30," | F:55,13,1,1,1.08,0,1,63.36,0,0.75",1861.09,38,70721.42,107.92,0.15,107.92,0.15,-34.58,-0.05,107.92,0.00
2,Exit short,2023-01-04 15:35,Short Exit,1861.96,21,39055.8,-45.36,-0.12,27.3,0.07,-45.36,-0.12,62.56,0.00
2,Entry short,2023-01-04 15:30," | F:50,27,2,1,0.79,0,1,62.79,0,1.88",1859.8,21,39055.8,-45.36,-0.12,27.3,0.07,-45.36,-0.12,62.56,0.00
3,Exit short,2023-01-05 18:30,Short Exit,1831.79,27,49412.97,-45.36,-0.09,35.91,0.07,-45.36,-0.09,17.2,0.00
3,Entry short,2023-01-05 18:15," | F:75,14,2,1,2.08,0,0,43.23,0,0.69",1830.11,27,49412.97,-45.36,-0.09,35.91,0.07,-45.36,-0.09,17.2,0.00
4,Exit long,2023-01-06 13:25,Long Exit,1839.63,23,42207.53,103.96,0.25,103.96,0.25,-27.83,-0.07,121.16,0.00
4,Entry long,2023-01-06 11:20," | F:50,95,1,0,0.94,0,0,33.42,0,1.5",1835.11,23,42207.53,103.96,0.25,103.96,0.25,-27.83,-0.07,121.16,0.00
5,Exit short,2023-01-06 20:25,Short Exit,1863.41,88,163947.52,-32.56,-0.02,30.8,0.02,-32.56,-0.02,88.6,0.00
5,Entry short,2023-01-06 20:15," | F:50,15,2,1,1.01,0,1,60.02,0,0.73",1863.04,88,163947.52,-32.56,-0.02,30.8,0.02,-32.56,-0.02,88.6,0.00
6,Exit long,2023-01-09 11:30,Long Exit,1871.25,31,58052.77,-44.02,-0.08,20.15,0.03,-44.02,-0.08,44.58,0.00
6,Entry long,2023-01-09 11:15," | F:70,93,1,0,0.97,0,1,37.25,0,0.86",1872.67,31,58052.77,-44.02,-0.08,20.15,0.03,-44.02,-0.08,44.58,0.00
7,Exit short,2023-01-10 08:20,Short Exit,1872.72,83,155601.76,166,0.11,166,0.11,-7.47,0.00,210.58,0.00
7,Entry short,2023-01-10 07:45," | F:45,42,0,1,0.71,0,1,67.31,0,1.24",1874.72,83,155601.76,166,0.11,166,0.11,-7.47,0.00,210.58,0.00
8,Exit short,2023-01-11 10:00,Short Exit,1881.02,66,124285.92,138.6,0.11,138.6,0.11,-8.58,-0.01,349.18,0.00
8,Entry short,2023-01-11 09:30," | F:45,22,1,1,0.78,0,1,58.52,0,1.06",1883.12,66,124285.92,138.6,0.11,138.6,0.11,-8.58,-0.01,349.18,0.00
9,Exit short,2023-01-12 10:05,Short Exit,1883.23,37,69637.33,-42.18,-0.06,5.55,0.01,-42.18,-0.06,307,0.00
9,Entry short,2023-01-12 10:00," | F:55,11,1,1,1.01,0,1,48.28,0,1.84",1882.09,37,69637.33,-42.18,-0.06,5.55,0.01,-42.18,-0.06,307,0.00
10,Exit long,2023-01-16 15:35,Long Exit,1913.87,68,130003.76,139.4,0.11,139.4,0.11,-18.36,-0.01,446.4,0.00
10,Entry long,2023-01-16 15:25," | F:55,55,2,0,0.58,0,0,30.91,1,1.08",1911.82,68,130003.76,139.4,0.11,139.4,0.11,-18.36,-0.01,446.4,0.00
11,Exit short,2023-01-17 04:20,Short Exit,1913.15,57,109185.21,135.66,0.12,135.66,0.12,0,0.00,582.06,0.01
11,Entry short,2023-01-17 04:10," | F:65,9,0,1,0.66,0,0,49.05,1,0.91",1915.53,57,109185.21,135.66,0.12,135.66,0.12,0,0.00,582.06,0.01
12,Exit short,2023-01-18 09:00,Short Exit,1904.19,30,57082.2,-43.5,-0.08,59.7,0.10,-43.5,-0.08,538.56,0.01
12,Entry short,2023-01-18 08:25," | F:70,39,0,1,1.35,0,0,67.89,1,1.19",1902.74,30,57082.2,-43.5,-0.08,59.7,0.10,-43.5,-0.08,538.56,0.01
13,Exit long,2023-01-19 03:15,Long Exit,1904.29,34,64788.7,-42.84,-0.07,55.08,0.09,-42.84,-0.07,495.72,0.00
13,Entry long,2023-01-19 03:00," | F:50,22,0,0,0.66,0,0,46.57,1,2.91",1905.55,34,64788.7,-42.84,-0.07,55.08,0.09,-42.84,-0.07,495.72,0.00
14,Exit short,2023-01-19 09:45,Short Exit,1910.66,32,61096.96,-44.16,-0.07,2.24,0.00,-44.16,-0.07,451.56,0.00
14,Entry short,2023-01-19 09:40," | F:45,11,1,1,0.65,0,1,50.48,1,1.28",1909.28,32,61096.96,-44.16,-0.07,2.24,0.00,-44.16,-0.07,451.56,0.00
15,Exit long,2023-01-20 23:00,Time Stop (Bars),1927.16,20,38532.2,11,0.03,85.6,0.22,-39.6,-0.10,462.56,0.00
15,Entry long,2023-01-20 20:00," | F:50,12,2,0,1.61,0,0,54.86,1,2.41",1926.61,20,38532.2,11,0.03,85.6,0.22,-39.6,-0.10,462.56,0.00
16,Exit short,2023-01-24 03:15,Short Exit,1932.6,85,164237.85,-33.15,-0.02,128.35,0.08,-33.15,-0.02,429.41,0.00
16,Entry short,2023-01-24 01:25," | F:50,229,3,1,0.84,0,1,66.64,1,0.59",1932.21,85,164237.85,-33.15,-0.02,128.35,0.08,-33.15,-0.02,429.41,0.00
17,Exit long,2023-01-24 16:50,Long Exit,1925.47,18,34706.16,-47.7,-0.14,1.26,0.00,-47.7,-0.14,381.71,0.00
17,Entry long,2023-01-24 16:45," | F:70,215,2,0,0.86,0,0,26.29,1,2.95",1928.12,18,34706.16,-47.7,-0.14,1.26,0.00,-47.7,-0.14,381.71,0.00
18,Exit long,2023-01-25 06:55,Long Exit,1928.84,21,40551.21,-45.57,-0.11,43.89,0.11,-45.57,-0.11,336.14,0.00
18,Entry long,2023-01-25 05:15," | F:75,128,0,0,1.61,0,0,23.79,1,2.85",1931.01,21,40551.21,-45.57,-0.11,43.89,0.11,-45.57,-0.11,336.14,0.00
19,Exit long,2023-01-27 16:30,Long Exit,1925.68,28,53963,-43.96,-0.08,65.24,0.12,-43.96,-0.08,292.18,0.00
19,Entry long,2023-01-27 16:10," | F:75,51,2,0,0.41,0,0,37.98,1,1.62",1927.25,28,53963,-43.96,-0.08,65.24,0.12,-43.96,-0.08,292.18,0.00
20,Exit short,2023-01-31 17:40,Short Exit,1927.45,16,30792.48,-46.72,-0.15,66.08,0.21,-46.72,-0.15,245.46,0.00
20,Entry short,2023-01-31 17:00," | F:75,271,2,1,0.76,0,1,70.57,1,1.29",1924.53,16,30792.48,-46.72,-0.15,66.08,0.21,-46.72,-0.15,245.46,0.00
21,Exit short,2023-02-01 08:30,Short Exit,1927.28,56,107888.48,-39.2,-0.04,66.08,0.06,-39.2,-0.04,206.26,0.00
21,Entry short,2023-02-01 07:35," | F:50,13,0,1,1.08,0,1,51.79,1,1.2",1926.58,56,107888.48,-39.2,-0.04,66.08,0.06,-39.2,-0.04,206.26,0.00
22,Exit short,2023-02-01 14:00,Short Exit,1930.16,34,65582.26,-43.18,-0.07,13.6,0.02,-43.18,-0.07,163.08,0.00
22,Entry short,2023-02-01 13:35," | F:50,178,1,1,0.48,0,1,64.95,1,1.14",1928.89,34,65582.26,-43.18,-0.07,13.6,0.02,-43.18,-0.07,163.08,0.00
23,Exit short,2023-02-02 15:40,Short Exit,1948.03,22,42962.26,105.6,0.25,105.6,0.25,-26.62,-0.06,268.68,0.00
23,Entry short,2023-02-02 15:15," | F:50,9,2,1,0.46,0,1,40.74,1,2.14",1952.83,22,42962.26,105.6,0.25,105.6,0.25,-26.62,-0.06,268.68,0.00
24,Exit long,2023-02-02 18:15,Long Exit,1921.28,18,34629.48,-46.44,-0.13,4.14,0.01,-46.44,-0.13,222.24,0.00
24,Entry long,2023-02-02 18:05," | F:55,12,2,0,1.63,0,0,31.1,0,0.63",1923.86,18,34629.48,-46.44,-0.13,4.14,0.01,-46.44,-0.13,222.24,0.00
25,Exit short,2023-02-03 09:30,Short Exit,1914.34,39,74766.12,106.86,0.14,106.86,0.14,-37.44,-0.05,329.1,0.00
25,Entry short,2023-02-03 09:10," | F:65,62,1,1,0.82,0,0,61.24,0,1.46",1917.08,39,74766.12,106.86,0.14,106.86,0.14,-37.44,-0.05,329.1,0.00
26,Exit long,2023-02-06 07:25,Long Exit,1875.73,41,76947.16,-42.23,-0.05,15.99,0.02,-42.23,-0.05,286.87,0.00
26,Entry long,2023-02-06 07:15," | F:50,18,0,0,0.74,0,0,55.74,0,1.03",1876.76,41,76947.16,-42.23,-0.05,15.99,0.02,-42.23,-0.05,286.87,0.00
27,Exit long,2023-02-06 08:40,Long Exit,1876.18,47,88220.88,-40.42,-0.05,0.94,0.00,-40.42,-0.05,246.45,0.00
27,Entry long,2023-02-06 08:35," | F:50,13,0,0,1.41,0,0,50.75,0,0.94",1877.04,47,88220.88,-40.42,-0.05,0.94,0.00,-40.42,-0.05,246.45,0.00
28,Exit short,2023-02-06 15:20,Short Exit,1870.42,49,91786.8,136.22,0.15,136.22,0.15,-9.31,-0.01,382.67,0.00
28,Entry short,2023-02-06 14:40," | F:75,38,2,1,1.05,0,0,54.31,0,0.92",1873.2,49,91786.8,136.22,0.15,136.22,0.15,-9.31,-0.01,382.67,0.00
29,Exit long,2023-02-07 13:00,Long Exit,1870.99,18,33723,-45.18,-0.13,78.84,0.23,-45.18,-0.13,337.49,0.00
29,Entry long,2023-02-07 11:05," | F:70,89,1,0,0.79,0,1,47.93,0,0.94",1873.5,18,33723,-45.18,-0.13,78.84,0.23,-45.18,-0.13,337.49,0.00
30,Exit long,2023-02-07 14:05,Long Exit,1870.21,35,65351.65,105.7,0.16,105.7,0.16,-4.2,-0.01,443.19,0.00
30,Entry long,2023-02-07 13:45," | F:50,171,1,0,0.83,0,0,31.7,0,1.09",1867.19,35,65351.65,105.7,0.16,105.7,0.16,-4.2,-0.01,443.19,0.00
31,Exit long,2023-02-07 20:40,Long Exit,1867.78,32,59812.16,-43.2,-0.07,0,0.00,-43.2,-0.07,399.99,0.00
31,Entry long,2023-02-07 20:35," | F:75,40,2,0,0.51,0,0,37.32,0,0.94",1869.13,32,59812.16,-43.2,-0.07,0,0.00,-43.2,-0.07,399.99,0.00
32,Exit long,2023-02-08 20:00,Long Exit,1877.07,43,80606.51,107.5,0.13,107.5,0.13,-27.52,-0.03,507.49,0.01
32,Entry long,2023-02-08 19:40," | F:55,12,2,0,1.03,0,0,47.93,0,0.79",1874.57,43,80606.51,107.5,0.13,107.5,0.13,-27.52,-0.03,507.49,0.01
33,Exit short,2023-02-09 15:40,Short Exit,1882.89,42,79039.8,-41.58,-0.05,101.64,0.13,-41.58,-0.05,465.91,0.00
33,Entry short,2023-02-09 15:15," | F:50,10,2,1,1.45,0,1,48.47,0,1.32",1881.9,42,79039.8,-41.58,-0.05,101.64,0.13,-41.58,-0.05,465.91,0.00
34,Exit long,2023-02-14 10:35,Long Exit,1857.84,36,66925.44,-43.2,-0.06,90.36,0.14,-43.2,-0.06,422.71,0.00
34,Entry long,2023-02-14 09:25," | F:70,21,1,0,0.47,0,1,45.31,0,1.21",1859.04,36,66925.44,-43.2,-0.06,90.36,0.14,-43.2,-0.06,422.71,0.00
35,Exit short,2023-02-14 14:45,Short Exit,1859.99,23,42734,-45.77,-0.11,12.88,0.03,-45.77,-0.11,376.94,0.00
35,Entry short,2023-02-14 14:30," | F:55,21,2,1,0.61,0,0,48.53,0,1.03",1858,23,42734,-45.77,-0.11,12.88,0.03,-45.77,-0.11,376.94,0.00
36,Exit long,2023-02-14 16:25,Long Exit,1851.01,3,5595.45,-42.42,-0.76,6.15,0.11,-42.42,-0.76,334.52,0.00
36,Entry long,2023-02-14 15:30," | F:50,220,2,0,0.34,0,1,66.69,0,8.29",1865.15,3,5595.45,-42.42,-0.76,6.15,0.11,-42.42,-0.76,334.52,0.00
37,Exit short,2023-02-14 21:05,Short Exit,1851.88,22,40846.08,104.72,0.26,104.72,0.26,-18.7,-0.05,439.24,0.00
37,Entry short,2023-02-14 20:20," | F:70,34,2,1,0.95,0,1,64.02,0,1.17",1856.64,22,40846.08,104.72,0.26,104.72,0.26,-18.7,-0.05,439.24,0.00
38,Exit short,2023-02-15 18:45,Short Exit,1836.76,26,47710.26,-45.5,-0.10,101.14,0.21,-45.5,-0.10,393.74,0.00
38,Entry short,2023-02-15 18:05," | F:75,17,2,1,1.05,0,0,52.19,0,0.73",1835.01,26,47710.26,-45.5,-0.10,101.14,0.21,-45.5,-0.10,393.74,0.00
39,Exit short,2023-02-15 22:40,Short Exit,1836.47,29,53213.84,-43.79,-0.08,8.41,0.02,-43.79,-0.08,349.95,0.00
39,Entry short,2023-02-15 22:10," | F:70,6,2,1,0.72,0,0,45.62,0,0.86",1834.96,29,53213.84,-43.79,-0.08,8.41,0.02,-43.79,-0.08,349.95,0.00
40,Exit long,2023-02-16 08:25,Long Exit,1835.17,45,82624.05,-41.4,-0.05,1.35,0.00,-41.4,-0.05,308.55,0.00
40,Entry long,2023-02-16 08:20," | F:45,64,0,0,0.98,0,0,38.42,0,1.03",1836.09,45,82624.05,-41.4,-0.05,1.35,0.00,-41.4,-0.05,308.55,0.00
41,Exit short,2023-02-16 18:45,Short Exit,1839.04,18,33057.36,-45.36,-0.14,8.46,0.03,-45.36,-0.14,263.19,0.00
41,Entry short,2023-02-16 18:30," | F:75,39,2,1,0.47,0,0,60.24,0,1.4",1836.52,18,33057.36,-45.36,-0.14,8.46,0.03,-45.36,-0.14,263.19,0.00
42,Exit long,2023-02-17 16:45,Long Exit,1824.14,30,54767.7,-43.5,-0.08,1.8,0.00,-43.5,-0.08,219.69,0.00
42,Entry long,2023-02-17 16:40," | F:45,34,2,0,0.74,0,0,44.47,0,1.44",1825.59,30,54767.7,-43.5,-0.08,1.8,0.00,-43.5,-0.08,219.69,0.00
43,Exit short,2023-02-17 19:00,Short Exit,1840.85,15,27567.3,-45.45,-0.16,59.4,0.22,-45.45,-0.16,174.24,0.00
43,Entry short,2023-02-17 17:35," | F:70,221,2,1,0.72,0,1,72.14,0,1.44",1837.82,15,27567.3,-45.45,-0.16,59.4,0.22,-45.45,-0.16,174.24,0.00
44,Exit long,2023-02-20 19:00,Long Exit,1842.23,46,84783.06,-40.48,-0.05,41.4,0.05,-40.48,-0.05,133.76,0.00
44,Entry long,2023-02-20 17:35," | F:75,82,2,0,1.41,0,1,39.81,0,0.79",1843.11,46,84783.06,-40.48,-0.05,41.4,0.05,-40.48,-0.05,133.76,0.00
45,Exit long,2023-02-22 13:05,Long Exit,1835.67,41,75154.23,108.24,0.14,108.24,0.14,-37.31,-0.05,242,0.00
45,Entry long,2023-02-22 12:25," | F:50,171,1,0,0.39,0,0,39.48,0,1.51",1833.03,41,75154.23,108.24,0.14,108.24,0.14,-37.31,-0.05,242,0.00
46,Exit short,2023-02-22 14:05,Short Exit,1839.64,45,82743.3,-40.5,-0.05,120.6,0.15,-40.5,-0.05,201.5,0.00
46,Entry short,2023-02-22 13:30," | F:55,42,1,1,1.15,0,1,67.82,0,1.1",1838.74,45,82743.3,-40.5,-0.05,120.6,0.15,-40.5,-0.05,201.5,0.00
47,Exit short,2023-02-23 01:05,Time Stop (Bars),1825.63,14,25624.62,65.8,0.26,96.88,0.38,-7.7,-0.03,267.3,0.00
47,Entry short,2023-02-22 21:05," | F:65,9,2,1,0.57,0,0,41.06,0,3.77",1830.33,14,25624.62,65.8,0.26,96.88,0.38,-7.7,-0.03,267.3,0.00
48,Exit short,2023-02-24 01:20,Short Exit,1822.88,86,156735,-32.68,-0.02,0.86,0.00,-32.68,-0.02,234.62,0.00
48,Entry short,2023-02-24 01:15," | F:65,16,3,1,1.42,0,0,49.77,0,0.59",1822.5,86,156735,-32.68,-0.02,0.86,0.00,-32.68,-0.02,234.62,0.00
49,Exit long,2023-02-24 10:10,Long Exit,1819.92,76,138348.88,-34.96,-0.03,0.76,0.00,-34.96,-0.03,199.66,0.00
49,Entry long,2023-02-24 10:05," | F:50,152,1,0,0.78,0,0,30.42,0,1.73",1820.38,76,138348.88,-34.96,-0.03,0.76,0.00,-34.96,-0.03,199.66,0.00
50,Exit short,2023-02-24 10:30,Short Exit,1823.07,85,154927.8,-33.15,-0.02,1.7,0.00,-33.15,-0.02,166.51,0.00
50,Entry short,2023-02-24 10:25," | F:70,10,1,1,1.48,0,0,48.36,0,0.97",1822.68,85,154927.8,-33.15,-0.02,1.7,0.00,-33.15,-0.02,166.51,0.00
51,Exit long,2023-02-24 22:50,Long Exit,1811.09,49,88783.59,-40.18,-0.05,9.31,0.01,-40.18,-0.05,126.33,0.00
51,Entry long,2023-02-24 22:40," | F:50,10,2,0,0.73,0,0,54.37,0,1.24",1811.91,49,88783.59,-40.18,-0.05,9.31,0.01,-40.18,-0.05,126.33,0.00
52,Exit short,2023-02-27 09:50,Short Exit,1811.6,22,39809.44,-45.76,-0.11,54.34,0.14,-45.76,-0.11,80.57,0.00
52,Entry short,2023-02-27 08:10," | F:70,40,0,1,0.97,0,0,54.96,0,2.17",1809.52,22,39809.44,-45.76,-0.11,54.34,0.14,-45.76,-0.11,80.57,0.00
53,Exit long,2023-02-28 22:10,Long Exit,1828.33,64,117050.24,-37.12,-0.03,15.36,0.01,-37.12,-0.03,43.45,0.00
53,Entry long,2023-02-28 22:00," | F:70,13,2,0,0.93,0,1,49.52,0,0.99",1828.91,64,117050.24,-37.12,-0.03,15.36,0.01,-37.12,-0.03,43.45,0.00
54,Exit long,2023-03-01 12:55,Long Exit,1833.74,51,93385.59,135.15,0.14,135.15,0.14,-20.4,-0.02,178.6,0.00
54,Entry long,2023-03-01 11:20," | F:70,51,1,0,0.27,0,1,39.78,1,0.8",1831.09,51,93385.59,135.15,0.14,135.15,0.14,-20.4,-0.02,178.6,0.00
55,Exit long,2023-03-01 15:30,Long Exit,1835.66,30,55114.2,-44.4,-0.08,33.6,0.06,-44.4,-0.08,134.2,0.00
55,Entry long,2023-03-01 15:10," | F:70,12,2,0,1.03,0,1,51,1,1.66",1837.14,30,55114.2,-44.4,-0.08,33.6,0.06,-44.4,-0.08,134.2,0.00
56,Exit long,2023-03-02 07:20,Long Exit,1833.22,46,84369.06,-40.94,-0.05,28.98,0.03,-40.94,-0.05,93.26,0.00
56,Entry long,2023-03-02 06:30," | F:50,6,0,0,0.59,0,0,51.91,1,0.74",1834.11,46,84369.06,-40.94,-0.05,28.98,0.03,-40.94,-0.05,93.26,0.00
57,Exit short,2023-03-02 22:25,Short Exit,1836.49,86,157905.46,-32.68,-0.02,9.46,0.01,-32.68,-0.02,60.58,0.00
57,Entry short,2023-03-02 22:20," | F:45,11,2,1,0.52,0,1,56.63,1,0.43",1836.11,86,157905.46,-32.68,-0.02,9.46,0.01,-32.68,-0.02,60.58,0.00
58,Exit short,2023-03-03 08:05,Short Exit,1839.94,76,139800.48,-34.96,-0.03,132.24,0.09,-34.96,-0.03,25.62,0.00
58,Entry short,2023-03-03 05:20," | F:50,10,0,1,1.11,0,1,52.25,1,0.45",1839.48,76,139800.48,-34.96,-0.03,132.24,0.09,-34.96,-0.03,25.62,0.00
59,Exit long,2023-03-03 18:45,Long Exit,1846.39,20,36823.8,104,0.28,104,0.28,-9.8,-0.03,129.62,0.00
59,Entry long,2023-03-03 17:05," | F:70,110,2,0,0.49,0,0,29.95,1,2.16",1841.19,20,36823.8,104,0.28,104,0.28,-9.8,-0.03,129.62,0.00
60,Exit short,2023-03-03 18:50,Short Exit,1846.85,65,120008.2,-37.05,-0.03,4.55,0.00,-37.05,-0.03,92.57,0.00
60,Entry short,2023-03-03 18:45," | F:50,31,2,1,0.72,0,1,57.85,1,0.61",1846.28,65,120008.2,-37.05,-0.03,4.55,0.00,-37.05,-0.03,92.57,0.00
61,Exit short,2023-03-06 15:20,Short Exit,1852.42,35,64792,-42.7,-0.07,38.15,0.06,-42.7,-0.07,49.87,0.00
61,Entry short,2023-03-06 15:00," | F:75,31,2,1,0.56,0,0,56.01,1,1.78",1851.2,35,64792,-42.7,-0.07,38.15,0.06,-42.7,-0.07,49.87,0.00
62,Exit short,2023-03-08 10:05,Short Exit,1814.95,38,68925.54,-42.56,-0.06,23.56,0.03,-42.56,-0.06,7.31,0.00
62,Entry short,2023-03-08 09:40," | F:65,119,1,1,0.49,0,0,58.16,0,1.56",1813.83,38,68925.54,-42.56,-0.06,23.56,0.03,-42.56,-0.06,7.31,0.00
63,Exit long,2023-03-08 12:30,Long Exit,1812.66,48,87048,-40.32,-0.05,30.24,0.03,-40.32,-0.05,-33.01,0.00
63,Entry long,2023-03-08 12:15," | F:45,42,1,0,1,0,0,47.13,0,1.44",1813.5,48,87048,-40.32,-0.05,30.24,0.03,-40.32,-0.05,-33.01,0.00
64,Exit long,2023-03-09 03:40,Long Exit,1813.45,63,114284.52,-37.17,-0.03,2.52,0.00,-37.17,-0.03,-70.18,0.00
64,Entry long,2023-03-09 03:35," | F:50,33,0,0,0.43,0,0,40.23,0,1.46",1814.04,63,114284.52,-37.17,-0.03,2.52,0.00,-37.17,-0.03,-70.18,0.00
65,Exit short,2023-03-09 05:35,Short Exit,1813.62,86,155938.64,-32.68,-0.02,8.6,0.01,-32.68,-0.02,-102.86,0.00
65,Entry short,2023-03-09 05:25," | F:65,7,0,1,0.91,0,0,48.53,0,0.56",1813.24,86,155938.64,-32.68,-0.02,8.6,0.01,-32.68,-0.02,-102.86,0.00
66,Exit long,2023-03-09 15:30,Long Exit,1820.19,31,56319.87,106.02,0.19,106.02,0.19,-4.96,-0.01,3.16,0.00
66,Entry long,2023-03-09 15:20," | F:75,59,2,0,0.94,0,1,40.17,0,2.31",1816.77,31,56319.87,106.02,0.19,106.02,0.19,-4.96,-0.01,3.16,0.00
67,Exit long,2023-03-10 13:35,Long Exit,1836.64,26,47646.04,106.6,0.22,106.6,0.22,-10.92,-0.02,109.76,0.00
67,Entry long,2023-03-10 12:00," | F:70,38,1,0,0.49,0,1,43.88,1,1.12",1832.54,26,47646.04,106.6,0.22,106.6,0.22,-10.92,-0.02,109.76,0.00
68,Exit long,2023-03-10 15:25,Long Exit,1832.63,27,49525.83,-44.82,-0.09,1.62,0.00,-44.82,-0.09,64.94,0.00
68,Entry long,2023-03-10 15:20," | F:70,28,2,0,0.91,0,1,44.64,1,2.26",1834.29,27,49525.83,-44.82,-0.09,1.62,0.00,-44.82,-0.09,64.94,0.00
69,Exit short,2023-03-14 17:30,Time Stop (Bars),1905.59,8,15247.12,2.4,0.02,84.88,0.56,-41.44,-0.27,67.34,0.00
69,Entry short,2023-03-14 14:30," | F:55,55,2,1,0.43,0,1,56.78,1,4.72",1905.89,8,15247.12,2.4,0.02,84.88,0.56,-41.44,-0.27,67.34,0.00
70,Exit long,2023-03-15 13:10,Long Exit,1905.33,25,47679.25,-46,-0.10,6.75,0.01,-46,-0.10,21.34,0.00
70,Entry long,2023-03-15 13:05," | F:75,10,1,0,0.98,0,1,65.57,1,0.88",1907.17,25,47679.25,-46,-0.10,6.75,0.01,-46,-0.10,21.34,0.00
71,Exit long,2023-03-15 17:20,Long Exit,1925.69,18,34559.46,102.96,0.30,102.96,0.30,-20.7,-0.06,124.3,0.00
71,Entry long,2023-03-15 16:25," | F:70,31,2,0,0.63,0,1,46.9,1,1.01",1919.97,18,34559.46,102.96,0.30,102.96,0.30,-20.7,-0.06,124.3,0.00
72,Exit short,2023-03-16 16:35,Short Exit,1930.22,32,61723.2,-43.84,-0.07,95.36,0.15,-43.84,-0.07,80.46,0.00
72,Entry short,2023-03-16 16:20," | F:55,12,2,1,1.21,0,1,55.24,1,0.84",1928.85,32,61723.2,-43.84,-0.07,95.36,0.15,-43.84,-0.07,80.46,0.00
73,Exit long,2023-03-17 06:50,Long Exit,1930.21,55,106025.15,136.4,0.13,136.4,0.13,-18.7,-0.02,216.86,0.00
73,Entry long,2023-03-17 06:00," | F:70,14,0,0,0.89,0,1,59.23,1,0.69",1927.73,55,106025.15,136.4,0.13,136.4,0.13,-18.7,-0.02,216.86,0.00
74,Exit short,2023-03-21 02:20,Short Exit,1975.64,47,92990.44,135.36,0.15,135.36,0.15,-21.62,-0.02,352.22,0.00
74,Entry short,2023-03-21 02:15," | F:50,22,0,1,0.42,0,1,51.88,1,2.08",1978.52,47,92990.44,135.36,0.15,135.36,0.15,-21.62,-0.02,352.22,0.00
75,Exit short,2023-03-21 21:55,Short Exit,1939.76,32,62028.8,-43.52,-0.07,42.24,0.07,-43.52,-0.07,308.7,0.00
75,Entry short,2023-03-21 21:25," | F:70,15,2,1,0.53,0,0,45.74,1,0.74",1938.4,32,62028.8,-43.52,-0.07,42.24,0.07,-43.52,-0.07,308.7,0.00
76,Exit short,2023-03-22 19:45,Short Exit,1949.26,43,83777.33,-40.85,-0.05,20.64,0.02,-40.85,-0.05,267.85,0.00
76,Entry short,2023-03-22 19:35," | F:50,7,2,1,1.22,0,1,54.82,1,1.01",1948.31,43,83777.33,-40.85,-0.05,20.64,0.02,-40.85,-0.05,267.85,0.00
77,Exit long,2023-03-23 12:05,Long Exit,1979.17,30,59269.5,105.6,0.18,105.6,0.18,-31.2,-0.05,373.45,0.00
77,Entry long,2023-03-23 10:25," | F:70,60,1,0,0.48,0,1,41.94,1,1.05",1975.65,30,59269.5,105.6,0.18,105.6,0.18,-31.2,-0.05,373.45,0.00
78,Exit long,2023-03-29 02:40,Long Exit,1972.1,68,134138.84,-36.04,-0.03,1.36,0.00,-36.04,-0.03,337.41,0.00
78,Entry long,2023-03-29 02:35," | F:70,27,3,0,1.05,0,1,45.96,1,1.08",1972.63,68,134138.84,-36.04,-0.03,1.36,0.00,-36.04,-0.03,337.41,0.00
79,Exit long,2023-03-29 06:20,Long Exit,1966.75,39,76745.76,-42.51,-0.06,90.87,0.12,-42.51,-0.06,294.9,0.00
79,Entry long,2023-03-29 04:30," | F:75,100,0,0,1.23,0,1,28.01,1,1.52",1967.84,39,76745.76,-42.51,-0.06,90.87,0.12,-42.51,-0.06,294.9,0.00
80,Exit long,2023-03-29 22:25,Long Exit,1963.38,19,37349.63,-45.41,-0.12,62.7,0.17,-45.41,-0.12,249.49,0.00
80,Entry long,2023-03-29 20:25," | F:55,13,2,0,1.09,0,1,54.71,1,1.24",1965.77,19,37349.63,-45.41,-0.12,62.7,0.17,-45.41,-0.12,249.49,0.00
81,Exit short,2023-03-30 09:50,Short Exit,1969.25,43,84636.47,-41.28,-0.05,27.09,0.03,-41.28,-0.05,208.21,0.00
81,Entry short,2023-03-30 09:35," | F:75,177,0,1,1.78,0,1,72.74,1,1.22",1968.29,43,84636.47,-41.28,-0.05,27.09,0.03,-41.28,-0.05,208.21,0.00
82,Exit long,2023-03-30 13:30,Long Exit,1969.82,30,58987.8,106.8,0.18,106.8,0.18,-24.6,-0.04,315.01,0.00
82,Entry long,2023-03-30 11:15," | F:70,28,1,0,0.98,0,1,47.71,1,1.19",1966.26,30,58987.8,106.8,0.18,106.8,0.18,-24.6,-0.04,315.01,0.00
83,Exit long,2023-04-03 05:10,Long Exit,1958.35,21,41171.55,-46.2,-0.11,4.2,0.01,-46.2,-0.11,268.81,0.00
83,Entry long,2023-04-03 04:45," | F:50,22,0,0,0.96,0,0,44.45,0,1.6",1960.55,21,41171.55,-46.2,-0.11,4.2,0.01,-46.2,-0.11,268.81,0.00
84,Exit long,2023-04-05 05:35,Long Exit,2022.72,63,127294.02,137.34,0.11,137.34,0.11,-30.24,-0.02,406.15,0.00
84,Entry long,2023-04-05 04:40," | F:70,9,0,0,1.04,0,1,47.17,1,0.72",2020.54,63,127294.02,137.34,0.11,137.34,0.11,-30.24,-0.02,406.15,0.00
85,Exit long,2023-04-05 17:30,Long Exit,2018.77,8,16199.12,-48.96,-0.30,16.64,0.10,-48.96,-0.30,357.19,0.00
85,Entry long,2023-04-05 17:10," | F:65,228,2,0,0.25,0,1,46.59,1,1.78",2024.89,8,16199.12,-48.96,-0.30,16.64,0.10,-48.96,-0.30,357.19,0.00
86,Exit long,2023-04-06 16:10,Long Exit,2009.08,25,50272.5,-45.5,-0.09,6,0.01,-45.5,-0.09,311.69,0.00
86,Entry long,2023-04-06 16:05," | F:50,124,2,0,0.98,0,0,23.59,1,1.48",2010.9,25,50272.5,-45.5,-0.09,6,0.01,-45.5,-0.09,311.69,0.00
87,Exit long,2023-04-11 10:25,Long Exit,2002.73,30,59975.1,106.8,0.18,106.8,0.18,-39.3,-0.07,418.49,0.00
87,Entry long,2023-04-11 10:00," | F:70,28,1,0,0.67,0,1,48.37,1,1.71",1999.17,30,59975.1,106.8,0.18,106.8,0.18,-39.3,-0.07,418.49,0.00
88,Exit long,2023-04-11 18:15,Long Exit,2005.49,35,70084.35,107.8,0.15,107.8,0.15,-31.15,-0.04,526.29,0.01
88,Entry long,2023-04-11 17:45," | F:75,7,2,0,1.19,0,1,56.46,1,0.96",2002.41,35,70084.35,107.8,0.15,107.8,0.15,-31.15,-0.04,526.29,0.01
89,Exit long,2023-04-13 06:10,Long Exit,2015.7,31,62529.79,-43.09,-0.07,66.65,0.11,-43.09,-0.07,483.2,0.00
89,Entry long,2023-04-13 04:05," | F:70,22,0,0,0.51,0,1,48.53,1,1.52",2017.09,31,62529.79,-43.09,-0.07,66.65,0.11,-43.09,-0.07,483.2,0.00
90,Exit long,2023-04-14 07:35,Long Exit,2042.93,35,71545.25,-42.7,-0.06,79.45,0.11,-42.7,-0.06,440.5,0.00
90,Entry long,2023-04-14 06:30," | F:70,28,0,0,1.08,0,1,47.69,1,1.33",2044.15,35,71545.25,-42.7,-0.06,79.45,0.11,-42.7,-0.06,440.5,0.00
91,Exit long,2023-04-14 14:35,Long Exit,2032.22,25,50851,-45.5,-0.09,10.75,0.02,-45.5,-0.09,395,0.00
91,Entry long,2023-04-14 14:10," | F:55,33,1,0,0.67,0,0,34.3,1,1.67",2034.04,25,50851,-45.5,-0.09,10.75,0.02,-45.5,-0.09,395,0.00
92,Exit short,2023-04-14 17:40,Short Exit,2006.46,4,8116.48,90.64,1.12,90.64,1.12,-24.68,-0.30,485.64,0.00
92,Entry short,2023-04-14 15:30," | F:75,20,2,1,0.37,0,0,31.44,1,5.6",2029.12,4,8116.48,90.64,1.12,90.64,1.12,-24.68,-0.30,485.64,0.00
93,Exit long,2023-04-18 12:45,Long Exit,1999.08,27,54019.98,-44.82,-0.08,25.11,0.05,-44.82,-0.08,440.82,0.00
93,Entry long,2023-04-18 12:30," | F:75,29,1,0,0.68,0,1,43.47,0,1.44",2000.74,27,54019.98,-44.82,-0.08,25.11,0.05,-44.82,-0.08,440.82,0.00
94,Exit long,2023-04-25 14:35,Long Exit,1979.59,18,35677.98,-45.36,-0.13,11.7,0.03,-45.36,-0.13,395.46,0.00
94,Entry long,2023-04-25 14:10," | F:55,239,1,0,1.06,0,0,32.01,0,1.17",1982.11,18,35677.98,-45.36,-0.13,11.7,0.03,-45.36,-0.13,395.46,0.00
95,Exit short,2023-04-27 01:00,Short Exit,1989.62,52,103420.2,-40.04,-0.04,22.36,0.02,-40.04,-0.04,355.42,0.00
95,Entry short,2023-04-26 23:20," | F:70,10,2,1,1.12,0,0,51.78,0,0.18",1988.85,52,103420.2,-40.04,-0.04,22.36,0.02,-40.04,-0.04,355.42,0.00
96,Exit long,2023-04-27 04:10,Long Exit,1989.66,43,85597.09,-41.71,-0.05,47.73,0.06,-41.71,-0.05,313.71,0.00
96,Entry long,2023-04-27 03:20," | F:50,19,0,0,0.89,0,0,49.57,0,2.27",1990.63,43,85597.09,-41.71,-0.05,47.73,0.06,-41.71,-0.05,313.71,0.00
97,Exit short,2023-04-27 05:35,Short Exit,1997.57,29,57885.74,-43.79,-0.08,24.94,0.04,-43.79,-0.08,269.92,0.00
97,Entry short,2023-04-27 05:25," | F:70,125,0,1,1.78,0,1,66.9,0,0.79",1996.06,29,57885.74,-43.79,-0.08,24.94,0.04,-43.79,-0.08,269.92,0.00
98,Exit long,2023-04-27 12:25,Long Exit,1997.34,59,117881.41,-38.35,-0.03,109.15,0.09,-38.35,-0.03,231.57,0.00
98,Entry long,2023-04-27 12:00," | F:70,79,1,0,1.28,0,1,40.49,1,0.72",1997.99,59,117881.41,-38.35,-0.03,109.15,0.09,-38.35,-0.03,231.57,0.00
99,Exit short,2023-04-27 13:40,Short Exit,2000.98,62,124022.94,-37.82,-0.03,22.94,0.02,-37.82,-0.03,193.75,0.00
99,Entry short,2023-04-27 13:25," | F:55,35,1,1,0.87,0,1,60.76,1,1.51",2000.37,62,124022.94,-37.82,-0.03,22.94,0.02,-37.82,-0.03,193.75,0.00
100,Exit long,2023-05-01 17:40,Long Exit,1984.41,16,31796.8,-46.24,-0.15,10.24,0.03,-46.24,-0.15,147.51,0.00
100,Entry long,2023-05-01 17:35," | F:75,57,2,0,0.38,0,0,37.16,1,0.9",1987.3,16,31796.8,-46.24,-0.15,10.24,0.03,-46.24,-0.15,147.51,0.00
101,Exit short,2023-05-02 11:35,Short Exit,1981.6,35,69312.95,-43.05,-0.06,0,0.00,-43.05,-0.06,104.46,0.00
101,Entry short,2023-05-02 11:25," | F:75,7,1,1,1.14,0,0,39.5,0,0.65",1980.37,35,69312.95,-43.05,-0.06,0,0.00,-43.05,-0.06,104.46,0.00
102,Exit short,2023-05-03 09:45,Short Exit,2017,52,104843.96,-40.04,-0.04,15.6,0.01,-40.04,-0.04,64.42,0.00
102,Entry short,2023-05-03 09:30," | F:50,22,0,1,0.34,0,1,52.33,1,1.53",2016.23,52,104843.96,-40.04,-0.04,15.6,0.01,-40.04,-0.04,64.42,0.00
103,Exit short,2023-05-03 10:25,Short Exit,2014.57,37,74646.39,107.3,0.14,107.3,0.14,-12.95,-0.02,171.72,0.00
103,Entry short,2023-05-03 10:00," | F:50,35,1,1,1.16,0,1,57.93,1,2.76",2017.47,37,74646.39,107.3,0.14,107.3,0.14,-12.95,-0.02,171.72,0.00
104,Exit short,2023-05-04 23:45,Short Exit,2050.86,59,120962.39,-38.35,-0.03,73.75,0.06,-38.35,-0.03,133.37,0.00
104,Entry short,2023-05-04 23:10," | F:55,40,2,1,0.95,0,1,57.77,1,0.42",2050.21,59,120962.39,-38.35,-0.03,73.75,0.06,-38.35,-0.03,133.37,0.00
105,Exit long,2023-05-05 08:15,Long Exit,2048.03,46,94249.86,-40.48,-0.04,0,0.00,-40.48,-0.04,92.89,0.00
105,Entry long,2023-05-05 08:10," | F:70,25,0,0,1.79,0,1,47.17,1,2.06",2048.91,46,94249.86,-40.48,-0.04,0,0.00,-40.48,-0.04,92.89,0.00
106,Exit long,2023-05-10 15:15,Long Exit,2027.54,40,81143.2,-41.6,-0.05,0,0.00,-41.6,-0.05,51.29,0.00
106,Entry long,2023-05-10 15:10," | F:55,42,2,0,1.05,0,0,40.73,1,1.48",2028.58,40,81143.2,-41.6,-0.05,0,0.00,-41.6,-0.05,51.29,0.00
107,Exit long,2023-05-11 09:35,Long Exit,2030.46,43,87350.63,-40.85,-0.05,52.89,0.06,-40.85,-0.05,10.44,0.00
107,Entry long,2023-05-11 09:05," | F:70,13,0,0,1.12,0,0,46.87,1,1.47",2031.41,43,87350.63,-40.85,-0.05,52.89,0.06,-40.85,-0.05,10.44,0.00
108,Exit short,2023-05-15 08:30,Short Exit,2017.5,51,102852.21,-40.29,-0.04,5.61,0.01,-40.29,-0.04,-29.85,0.00
108,Entry short,2023-05-15 08:25," | F:50,42,0,1,0.83,0,1,68.24,0,1.93",2016.71,51,102852.21,-40.29,-0.04,5.61,0.01,-40.29,-0.04,-29.85,0.00
109,Exit long,2023-05-16 13:45,Long Exit,2007.5,37,74319.68,-42.18,-0.06,21.09,0.03,-42.18,-0.06,-72.03,0.00
109,Entry long,2023-05-16 13:30," | F:55,34,1,0,0.97,0,0,44.69,0,1.12",2008.64,37,74319.68,-42.18,-0.06,21.09,0.03,-42.18,-0.06,-72.03,0.00
110,Exit long,2023-05-17 03:00,Long Exit,1990.67,106,210840.36,170.66,0.08,170.66,0.08,-18.02,-0.01,98.63,0.00
110,Entry long,2023-05-17 02:40," | F:50,18,3,0,0.52,0,0,45.08,0,1.02",1989.06,106,210840.36,170.66,0.08,170.66,0.08,-18.02,-0.01,98.63,0.00
111,Exit long,2023-05-17 08:15,Long Exit,1990.93,65,129447.5,-37.05,-0.03,3.9,0.00,-37.05,-0.03,61.58,0.00
111,Entry long,2023-05-17 08:05," | F:50,11,0,0,0.58,0,0,48.78,0,1.66",1991.5,65,129447.5,-37.05,-0.03,3.9,0.00,-37.05,-0.03,61.58,0.00
112,Exit short,2023-05-17 17:40,Short Exit,1984.95,37,73400.97,-42.18,-0.06,42.55,0.06,-42.18,-0.06,19.4,0.00
112,Entry short,2023-05-17 17:25," | F:75,13,2,1,0.52,0,0,52.91,0,0.79",1983.81,37,73400.97,-42.18,-0.06,42.55,0.06,-42.18,-0.06,19.4,0.00
113,Exit short,2023-05-18 03:55,Short Exit,1983.54,104,206259.04,-29.12,-0.01,146.64,0.07,-29.12,-0.01,-9.72,0.00
113,Entry short,2023-05-18 01:45," | F:70,31,3,1,0.89,0,0,58.6,0,0.82",1983.26,104,206259.04,-29.12,-0.01,146.64,0.07,-29.12,-0.01,-9.72,0.00
114,Exit short,2023-05-18 10:00,Short Exit,1976.8,32,63363.2,105.6,0.17,105.6,0.17,0,0.00,95.88,0.00
114,Entry short,2023-05-18 09:30," | F:70,25,0,1,0.57,0,0,53.14,0,1.2",1980.1,32,63363.2,105.6,0.17,105.6,0.17,0,0.00,95.88,0.00
115,Exit short,2023-05-18 11:15,Short Exit,1972.98,24,47457.6,106.08,0.22,106.08,0.22,-10.8,-0.02,201.96,0.00
115,Entry short,2023-05-18 10:45," | F:70,13,1,1,0.79,0,0,43.65,0,1.11",1977.4,24,47457.6,106.08,0.22,106.08,0.22,-10.8,-0.02,201.96,0.00
116,Exit long,2023-05-18 14:25,Long Exit,1974.82,55,108654.15,-39.05,-0.04,0,0.00,-39.05,-0.04,162.91,0.00
116,Entry long,2023-05-18 14:20," | F:55,30,1,0,1.3,0,0,41.34,0,0.93",1975.53,55,108654.15,-39.05,-0.04,0,0.00,-39.05,-0.04,162.91,0.00
117,Exit long,2023-05-24 16:40,Long Exit,1972.6,34,67112.26,-43.86,-0.07,19.72,0.03,-43.86,-0.07,119.05,0.00
117,Entry long,2023-05-24 16:35," | F:75,74,2,0,0.42,0,0,28.63,0,1.07",1973.89,34,67112.26,-43.86,-0.07,19.72,0.03,-43.86,-0.07,119.05,0.00
118,Exit short,2023-05-25 19:05,Short Exit,1946.63,26,50567.14,-45.24,-0.09,1.3,0.00,-45.24,-0.09,73.81,0.00
118,Entry short,2023-05-25 19:00," | F:75,15,2,1,0.96,0,0,43.33,0,1.02",1944.89,26,50567.14,-45.24,-0.09,1.3,0.00,-45.24,-0.09,73.81,0.00
119,Exit long,2023-05-26 18:10,Long Exit,1938.77,16,31066.56,-46.24,-0.15,12.96,0.04,-46.24,-0.15,27.57,0.00
119,Entry long,2023-05-26 17:45," | F:45,168,2,0,0.65,0,0,33.21,0,1.41",1941.66,16,31066.56,-46.24,-0.15,12.96,0.04,-46.24,-0.15,27.57,0.00
120,Exit long,2023-05-29 08:20,Long Exit,1945.03,104,202312.24,-29.12,-0.01,84.24,0.04,-29.12,-0.01,-1.55,0.00
120,Entry long,2023-05-29 08:05," | F:65,15,0,0,0.55,0,0,51.83,0,1.05",1945.31,104,202312.24,-29.12,-0.01,84.24,0.04,-29.12,-0.01,-1.55,0.00
121,Exit long,2023-05-29 11:45,Long Exit,1944.86,36,69909.12,105.84,0.15,105.84,0.15,-2.88,0.00,104.29,0.00
121,Entry long,2023-05-29 11:05," | F:50,85,1,0,1.34,0,0,27.83,0,1.66",1941.92,36,69909.12,105.84,0.15,105.84,0.15,-2.88,0.00,104.29,0.00
122,Exit short,2023-05-30 12:05,Short Exit,1942.89,38,73937.74,107.92,0.15,107.92,0.15,-12.92,-0.02,212.21,0.00
122,Entry short,2023-05-30 11:45," | F:75,167,1,1,0.34,0,1,71.98,0,0.87",1945.73,38,73937.74,107.92,0.15,107.92,0.15,-12.92,-0.02,212.21,0.00
123,Exit short,2023-05-31 21:45,Short Exit,1964.59,37,72797.87,108.04,0.15,108.04,0.15,-20.35,-0.03,320.25,0.00
123,Entry short,2023-05-31 20:45," | F:55,21,2,1,0.42,0,1,56.06,1,1.17",1967.51,37,72797.87,108.04,0.15,108.04,0.15,-20.35,-0.03,320.25,0.00
124,Exit short,2023-06-01 08:30,Short Exit,1964.9,50,98204.5,-40.5,-0.04,45.5,0.05,-40.5,-0.04,279.75,0.00
124,Entry short,2023-06-01 07:30," | F:70,11,0,1,0.85,0,1,46.7,1,1.11",1964.09,50,98204.5,-40.5,-0.04,45.5,0.05,-40.5,-0.04,279.75,0.00
125,Exit long,2023-06-01 15:30,Long Exit,1963.87,28,54884.2,104.16,0.19,104.16,0.19,-20.72,-0.04,383.91,0.00
125,Entry long,2023-06-01 15:25," | F:55,33,2,0,0.53,0,0,34.16,1,1.43",1960.15,28,54884.2,104.16,0.19,104.16,0.19,-20.72,-0.04,383.91,0.00
126,Exit long,2023-06-02 01:30,Long Exit,1976.57,74,146301.7,-35.52,-0.02,18.5,0.01,-35.52,-0.02,348.39,0.00
126,Entry long,2023-06-02 01:05," | F:70,24,3,0,1.1,0,1,42.99,1,0.17",1977.05,74,146301.7,-35.52,-0.02,18.5,0.01,-35.52,-0.02,348.39,0.00
127,Exit short,2023-06-05 03:30,Short Exit,1945.91,42,81836.58,108.36,0.13,108.36,0.13,-21,-0.03,456.75,0.00
127,Entry short,2023-06-05 03:00," | F:70,11,0,1,0.73,0,0,44.97,0,1.79",1948.49,42,81836.58,108.36,0.13,108.36,0.13,-21,-0.03,456.75,0.00
128,Exit short,2023-06-06 02:30,Short Exit,1962.73,60,117726,-37.8,-0.03,35.4,0.03,-37.8,-0.03,418.95,0.00
128,Entry short,2023-06-06 02:00," | F:50,31,3,1,2.05,0,1,57.18,1,1.39",1962.1,60,117726,-37.8,-0.03,35.4,0.03,-37.8,-0.03,418.95,0.00
129,Exit long,2023-06-07 18:00,Long Exit,1956.48,23,45044.81,-45.77,-0.10,20.93,0.05,-45.77,-0.10,373.18,0.00
129,Entry long,2023-06-07 17:40," | F:55,81,2,0,0.45,0,0,41.33,1,1.17",1958.47,23,45044.81,-45.77,-0.10,20.93,0.05,-45.77,-0.10,373.18,0.00
130,Exit long,2023-06-08 09:05,Long Exit,1944.72,52,101165.48,-40.04,-0.04,3.64,0.00,-40.04,-0.04,333.14,0.00
130,Entry long,2023-06-08 09:00," | F:45,41,0,0,1.14,0,0,41.42,0,2.35",1945.49,52,101165.48,-40.04,-0.04,3.64,0.00,-40.04,-0.04,333.14,0.00
131,Exit long,2023-06-09 02:15,Long Exit,1965.5,109,214267.84,-28.34,-0.01,0,0.00,-28.34,-0.01,304.8,0.00
131,Entry long,2023-06-09 02:10," | F:70,15,3,0,0.96,0,1,52.64,1,0.73",1965.76,109,214267.84,-28.34,-0.01,0,0.00,-28.34,-0.01,304.8,0.00
132,Exit long,2023-06-09 13:20,Long Exit,1964.45,61,119694.2,137.25,0.11,137.25,0.11,-27.45,-0.02,442.05,0.00
132,Entry long,2023-06-09 13:00," | F:55,18,1,0,0.52,0,0,46.06,1,0.99",1962.2,61,119694.2,137.25,0.11,137.25,0.11,-27.45,-0.02,442.05,0.00
133,Exit long,2023-06-09 16:30,Long Exit,1961.98,27,53017.74,-44.28,-0.08,38.34,0.07,-44.28,-0.08,397.77,0.00
133,Entry long,2023-06-09 16:05," | F:75,36,2,0,0.39,0,1,44.83,1,1",1963.62,27,53017.74,-44.28,-0.08,38.34,0.07,-44.28,-0.08,397.77,0.00
134,Exit long,2023-06-13 04:50,Long Exit,1956.71,74,144832.06,-35.52,-0.02,16.28,0.01,-35.52,-0.02,362.25,0.00
134,Entry long,2023-06-13 04:45," | F:45,44,0,0,0.34,0,0,36.97,0,1.29",1957.19,74,144832.06,-35.52,-0.02,16.28,0.01,-35.52,-0.02,362.25,0.00
135,Exit long,2023-06-13 09:20,Long Exit,1960.78,67,131232.9,139.36,0.11,139.36,0.11,-14.74,-0.01,501.61,0.01
135,Entry long,2023-06-13 09:00," | F:65,38,0,0,0.92,0,0,35.71,0,2.97",1958.7,67,131232.9,139.36,0.11,139.36,0.11,-14.74,-0.01,501.61,0.01
136,Exit long,2023-06-15 03:45,Long Exit,1940.42,68,131985.28,-36.72,-0.03,6.8,0.01,-36.72,-0.03,464.89,0.00
136,Entry long,2023-06-15 03:40," | F:45,34,0,0,1.05,0,0,31.51,0,2.11",1940.96,68,131985.28,-36.72,-0.03,6.8,0.01,-36.72,-0.03,464.89,0.00
137,Exit short,2023-06-15 08:40,Short Exit,1936.4,38,73540.26,-42.94,-0.06,33.44,0.05,-42.94,-0.06,421.95,0.00
137,Entry short,2023-06-15 08:30," | F:70,23,0,1,0.38,0,0,54.5,0,2.59",1935.27,38,73540.26,-42.94,-0.06,33.44,0.05,-42.94,-0.06,421.95,0.00
138,Exit short,2023-06-15 16:05,Short Exit,1936.08,23,44483.38,-46.46,-0.10,3.45,0.01,-46.46,-0.10,375.49,0.00
138,Entry short,2023-06-15 16:00," | F:75,36,2,1,0.24,0,0,59.83,0,1.68",1934.06,23,44483.38,-46.46,-0.10,3.45,0.01,-46.46,-0.10,375.49,0.00
139,Exit short,2023-06-16 08:40,Short Exit,1957.83,42,82187.28,-41.58,-0.05,21,0.03,-41.58,-0.05,333.91,0.00
139,Entry short,2023-06-16 08:35," | F:50,36,0,1,0.99,0,1,57.88,1,2.23",1956.84,42,82187.28,-41.58,-0.05,21,0.03,-41.58,-0.05,333.91,0.00
140,Exit long,2023-06-16 15:10,Long Exit,1966.98,54,106081.92,135,0.13,135,0.13,-38.34,-0.04,468.91,0.00
140,Entry long,2023-06-16 13:45," | F:70,7,1,0,0.97,0,1,60.31,1,0.93",1964.48,54,106081.92,135,0.13,135,0.13,-38.34,-0.04,468.91,0.00
141,Exit long,2023-06-16 16:10,Long Exit,1961.52,32,62811.52,-42.88,-0.07,20.48,0.03,-42.88,-0.07,426.03,0.00
141,Entry long,2023-06-16 16:00," | F:75,53,2,0,0.71,0,1,38.44,1,1.97",1962.86,32,62811.52,-42.88,-0.07,20.48,0.03,-42.88,-0.07,426.03,0.00
142,Exit long,2023-06-19 17:10,Long Exit,1950.71,47,91724.26,-40.89,-0.04,0,0.00,-40.89,-0.04,385.14,0.00
142,Entry long,2023-06-19 17:05," | F:50,17,2,0,0.63,0,0,50.3,0,0.99",1951.58,47,91724.26,-40.89,-0.04,0,0.00,-40.89,-0.04,385.14,0.00
143,Exit long,2023-06-21 06:25,Long Exit,1936.6,42,81378.36,-41.16,-0.05,10.5,0.01,-41.16,-0.05,343.98,0.00
143,Entry long,2023-06-21 05:45," | F:50,9,0,0,1.33,0,0,51.73,0,0.77",1937.58,42,81378.36,-41.16,-0.05,10.5,0.01,-41.16,-0.05,343.98,0.00
144,Exit long,2023-06-21 07:50,Long Exit,1935.42,68,131645.28,-36.72,-0.03,61.2,0.05,-36.72,-0.03,307.26,0.00
144,Entry long,2023-06-21 07:10," | F:55,134,0,0,1.81,0,0,39.1,0,1.56",1935.96,68,131645.28,-36.72,-0.03,61.2,0.05,-36.72,-0.03,307.26,0.00
145,Exit long,2023-06-21 15:20,Long Exit,1932.03,19,36754.55,-45.98,-0.13,24.51,0.07,-45.98,-0.13,261.28,0.00
145,Entry long,2023-06-21 12:20," | F:50,38,1,0,0.94,0,0,50.14,0,1.17",1934.45,19,36754.55,-45.98,-0.13,24.51,0.07,-45.98,-0.13,261.28,0.00
146,Exit short,2023-06-21 21:30,Short Exit,1936.58,33,63863.91,-43.23,-0.07,10.56,0.02,-43.23,-0.07,218.05,0.00
146,Entry short,2023-06-21 21:15," | F:75,128,2,1,0.78,0,1,61.39,0,1.14",1935.27,33,63863.91,-43.23,-0.07,10.56,0.02,-43.23,-0.07,218.05,0.00
147,Exit long,2023-06-22 03:20,Long Exit,1932.95,52,100553.44,-40.04,-0.04,8.32,0.01,-40.04,-0.04,178.01,0.00
147,Entry long,2023-06-22 03:00," | F:50,9,0,0,0.52,0,0,52.01,0,1.98",1933.72,52,100553.44,-40.04,-0.04,8.32,0.01,-40.04,-0.04,178.01,0.00
148,Exit long,2023-06-22 06:45,Long Exit,1932.74,98,189438.9,-30.38,-0.02,47.04,0.02,-30.38,-0.02,147.63,0.00
148,Entry long,2023-06-22 06:15," | F:45,7,0,0,0.76,0,0,50.58,0,0.73",1933.05,98,189438.9,-30.38,-0.02,47.04,0.02,-30.38,-0.02,147.63,0.00
149,Exit short,2023-06-22 10:50,Short Exit,1930.6,27,52080.84,-45.36,-0.09,15.12,0.03,-45.36,-0.09,102.27,0.00
149,Entry short,2023-06-22 10:30," | F:70,10,1,1,0.65,0,0,46.35,0,2.56",1928.92,27,52080.84,-45.36,-0.09,15.12,0.03,-45.36,-0.09,102.27,0.00
150,Exit long,2023-06-26 16:10,Long Exit,1929.66,36,69510.96,-43.2,-0.06,78.12,0.11,-43.2,-0.06,59.07,0.00
150,Entry long,2023-06-26 15:25," | F:75,30,2,0,1.11,0,1,42.96,0,2.26",1930.86,36,69510.96,-43.2,-0.06,78.12,0.11,-43.2,-0.06,59.07,0.00
151,Exit long,2023-06-27 08:35,Long Exit,1927.23,32,61715.52,-44.16,-0.07,29.44,0.05,-44.16,-0.07,14.91,0.00
151,Entry long,2023-06-27 06:10," | F:70,5,0,0,0.75,0,1,65.17,0,0.78",1928.61,32,61715.52,-44.16,-0.07,29.44,0.05,-44.16,-0.07,14.91,0.00
152,Exit short,2023-06-28 04:20,Short Exit,1913.74,78,149437.08,165.36,0.11,165.36,0.11,-14.82,-0.01,180.27,0.00
152,Entry short,2023-06-28 04:00," | F:70,8,0,1,1.86,0,0,56.1,0,2.14",1915.86,78,149437.08,165.36,0.11,165.36,0.11,-14.82,-0.01,180.27,0.00
153,Exit short,2023-06-29 07:25,Short Exit,1905.51,81,154312.29,-34.02,-0.02,58.32,0.04,-34.02,-0.02,146.25,0.00
153,Entry short,2023-06-29 07:00," | F:70,15,0,1,0.56,0,0,46.56,0,0.64",1905.09,81,154312.29,-34.02,-0.02,58.32,0.04,-34.02,-0.02,146.25,0.00
154,Exit long,2023-07-04 04:05,Long Exit,1920.7,64,122961.92,-37.12,-0.03,44.16,0.04,-37.12,-0.03,109.13,0.00
154,Entry long,2023-07-04 03:30," | F:70,11,0,0,0.34,0,1,53.92,1,1.62",1921.28,64,122961.92,-37.12,-0.03,44.16,0.04,-37.12,-0.03,109.13,0.00
155,Exit long,2023-07-05 09:10,Long Exit,1924.33,96,184766.4,-30.72,-0.02,3.84,0.00,-30.72,-0.02,78.41,0.00
155,Entry long,2023-07-05 09:05," | F:50,26,0,0,0.4,0,0,41.47,1,1.53",1924.65,96,184766.4,-30.72,-0.02,3.84,0.00,-30.72,-0.02,78.41,0.00
156,Exit long,2023-07-05 15:05,Long Exit,1926.55,57,109852.11,-38.76,-0.04,8.55,0.01,-38.76,-0.04,39.65,0.00
156,Entry long,2023-07-05 15:00," | F:70,7,2,0,1.19,0,1,46.66,1,1.43",1927.23,57,109852.11,-38.76,-0.04,8.55,0.01,-38.76,-0.04,39.65,0.00
157,Exit short,2023-07-05 15:30,Short Exit,1925.46,43,82903.14,108.36,0.13,108.36,0.13,-19.35,-0.02,148.01,0.00
157,Entry short,2023-07-05 15:20," | F:50,24,2,1,0.78,0,1,55.25,1,2.82",1927.98,43,82903.14,108.36,0.13,108.36,0.13,-19.35,-0.02,148.01,0.00
158,Exit long,2023-07-06 07:40,Long Exit,1917.16,63,120818.25,-37.17,-0.03,22.05,0.02,-37.17,-0.03,110.84,0.00
158,Entry long,2023-07-06 07:05," | F:50,33,0,0,1.62,0,0,43.45,0,1.11",1917.75,63,120818.25,-37.17,-0.03,22.05,0.02,-37.17,-0.03,110.84,0.00
159,Exit short,2023-07-06 13:45,Short Exit,1924.15,30,57679.8,-44.7,-0.08,11.7,0.02,-44.7,-0.08,66.14,0.00
159,Entry short,2023-07-06 13:35," | F:70,205,1,1,0.56,0,1,72.28,0,1.75",1922.66,30,57679.8,-44.7,-0.08,11.7,0.02,-44.7,-0.08,66.14,0.00
160,Exit short,2023-07-10 01:05,Short Exit,1926.02,77,148268.89,-34.65,-0.02,144.76,0.10,-34.65,-0.02,31.49,0.00
160,Entry short,2023-07-07 22:35," | F:50,9,2,1,0.82,0,1,44.14,1,0.81",1925.57,77,148268.89,-34.65,-0.02,144.76,0.10,-34.65,-0.02,31.49,0.00
161,Exit short,2023-07-10 10:35,Short Exit,1924.86,66,127003.8,-36.96,-0.03,39.6,0.03,-36.96,-0.03,-5.47,0.00
161,Entry short,2023-07-10 10:20," | F:50,52,1,1,0.9,0,1,63,1,0.87",1924.3,66,127003.8,-36.96,-0.03,39.6,0.03,-36.96,-0.03,-5.47,0.00
162,Exit long,2023-07-11 05:00,Long Exit,1924.98,98,188678.42,-30.38,-0.02,66.64,0.04,-30.38,-0.02,-35.85,0.00
162,Entry long,2023-07-11 04:40," | F:70,20,0,0,0.96,0,1,42.14,1,1.12",1925.29,98,188678.42,-30.38,-0.02,66.64,0.04,-30.38,-0.02,-35.85,0.00
163,Exit long,2023-07-11 15:35,Long Exit,1931.05,25,48321.5,-45.25,-0.09,7.25,0.02,-45.25,-0.09,-81.1,0.00
163,Entry long,2023-07-11 15:30," | F:70,58,2,0,0.78,0,1,33.79,1,2.72",1932.86,25,48321.5,-45.25,-0.09,7.25,0.02,-45.25,-0.09,-81.1,0.00
164,Exit short,2023-07-12 14:30,Short Exit,1935.05,31,59943.46,-43.09,-0.07,8.06,0.01,-43.09,-0.07,-124.19,0.00
164,Entry short,2023-07-12 14:15," | F:75,16,1,1,0.63,0,0,37.33,1,1.43",1933.66,31,59943.46,-43.09,-0.07,8.06,0.01,-43.09,-0.07,-124.19,0.00
165,Exit short,2023-07-14 15:30,Short Exit,1962.57,31,60796.27,-43.4,-0.07,0,0.00,-43.4,-0.07,-167.59,0.00
165,Entry short,2023-07-14 15:25," | F:50,103,2,1,0.49,0,1,66.24,1,2.07",1961.17,31,60796.27,-43.4,-0.07,0,0.00,-43.4,-0.07,-167.59,0.00
166,Exit long,2023-07-17 05:30,Long Exit,1951.73,36,70304.76,-42.48,-0.06,12.96,0.02,-42.48,-0.06,-210.07,0.00
166,Entry long,2023-07-17 05:00," | F:50,29,0,0,0.64,0,0,43.46,1,1.9",1952.91,36,70304.76,-42.48,-0.06,12.96,0.02,-42.48,-0.06,-210.07,0.00
167,Exit short,2023-07-17 08:25,Short Exit,1955.25,48,93811.68,-40.32,-0.04,1.92,0.00,-40.32,-0.04,-250.39,0.00
167,Entry short,2023-07-17 08:15," | F:70,47,0,1,1.52,0,0,67.96,1,1.34",1954.41,48,93811.68,-40.32,-0.04,1.92,0.00,-40.32,-0.04,-250.39,0.00
168,Exit short,2023-07-19 13:25,Time Stop (Bars),1976.69,29,57399.7,75.69,0.13,97.73,0.17,-4.35,-0.01,-174.7,0.00
168,Entry short,2023-07-19 10:25," | F:55,168,1,1,0.71,0,1,60.65,1,0.65",1979.3,29,57399.7,75.69,0.13,97.73,0.17,-4.35,-0.01,-174.7,0.00
169,Exit long,2023-07-20 04:05,Long Exit,1980.15,57,112731.75,136.8,0.12,136.8,0.12,-1.71,0.00,-37.9,0.00
169,Entry long,2023-07-20 03:00," | F:65,7,0,0,0.52,0,1,56.02,1,3.12",1977.75,57,112731.75,136.8,0.12,136.8,0.12,-1.71,0.00,-37.9,0.00
170,Exit long,2023-07-20 10:30,Long Exit,1979.8,53,104968.62,-39.22,-0.04,2.65,0.00,-39.22,-0.04,-77.12,0.00
170,Entry long,2023-07-20 10:25," | F:65,14,1,0,1.19,0,1,41.93,1,1.3",1980.54,53,104968.62,-39.22,-0.04,2.65,0.00,-39.22,-0.04,-77.12,0.00
171,Exit short,2023-07-20 11:40,Short Exit,1983.28,63,124908.84,-37.8,-0.03,2.52,0.00,-37.8,-0.03,-114.92,0.00
171,Entry short,2023-07-20 11:30," | F:50,36,1,1,0.9,0,1,62.99,1,0.95",1982.68,63,124908.84,-37.8,-0.03,2.52,0.00,-37.8,-0.03,-114.92,0.00
172,Exit long,2023-07-21 06:05,Long Exit,1970.38,78,153723.96,-34.32,-0.02,96.72,0.06,-34.32,-0.02,-149.24,0.00
172,Entry long,2023-07-21 05:35," | F:50,48,0,0,0.33,0,0,36.37,1,0.63",1970.82,78,153723.96,-34.32,-0.02,96.72,0.06,-34.32,-0.02,-149.24,0.00
173,Exit short,2023-07-21 22:00,Short Exit,1961.95,89,174780.87,167.32,0.10,167.32,0.10,-8.9,-0.01,18.08,0.00
173,Entry short,2023-07-21 21:05," | F:70,9,2,1,0.63,0,0,57.41,1,0.77",1963.83,89,174780.87,167.32,0.10,167.32,0.10,-8.9,-0.01,18.08,0.00
174,Exit long,2023-07-24 07:00,Long Exit,1959.75,54,105865.92,-39.42,-0.04,9.18,0.01,-39.42,-0.04,-21.34,0.00
174,Entry long,2023-07-24 06:35," | F:50,26,0,0,1.26,0,0,45.32,1,0.68",1960.48,54,105865.92,-39.42,-0.04,9.18,0.01,-39.42,-0.04,-21.34,0.00
175,Exit long,2023-07-25 06:40,Long Exit,1961.08,57,111819.75,-38.19,-0.03,14.82,0.01,-38.19,-0.03,-59.53,0.00
175,Entry long,2023-07-25 06:30," | F:65,22,0,0,1.41,0,1,54.79,1,0.6",1961.75,57,111819.75,-38.19,-0.03,14.82,0.01,-38.19,-0.03,-59.53,0.00
176,Exit short,2023-07-25 22:20,Short Exit,1964.97,68,133581.24,-36.72,-0.03,6.12,0.00,-36.72,-0.03,-96.25,0.00
176,Entry short,2023-07-25 22:15," | F:55,37,2,1,0.58,0,1,62.35,1,0.9",1964.43,68,133581.24,-36.72,-0.03,6.12,0.00,-36.72,-0.03,-96.25,0.00
177,Exit long,2023-07-26 07:40,Long Exit,1963.14,55,108011.75,-39.05,-0.04,26.4,0.02,-39.05,-0.04,-135.3,0.00
177,Entry long,2023-07-26 06:30," | F:70,11,0,0,1.38,0,1,52.19,1,1.03",1963.85,55,108011.75,-39.05,-0.04,26.4,0.02,-39.05,-0.04,-135.3,0.00
178,Exit short,2023-07-27 10:10,Short Exit,1977.28,36,71138.88,-43.2,-0.06,69.48,0.10,-43.2,-0.06,-178.5,0.00
178,Entry short,2023-07-27 09:40," | F:45,22,0,1,0.69,0,1,49.23,1,1.67",1976.08,36,71138.88,-43.2,-0.06,69.48,0.10,-43.2,-0.06,-178.5,0.00
179,Exit long,2023-07-28 04:30,Long Exit,1949.36,43,83714.98,107.5,0.13,107.5,0.13,-29.67,-0.04,-71,0.00
179,Entry long,2023-07-28 03:25," | F:50,15,0,0,0.84,0,0,53.38,0,0.92",1946.86,43,83714.98,107.5,0.13,107.5,0.13,-29.67,-0.04,-71,0.00
180,Exit long,2023-07-28 11:15,Long Exit,1947.91,74,144180.86,-35.52,-0.02,51.06,0.04,-35.52,-0.02,-106.52,0.00
180,Entry long,2023-07-28 11:05," | F:50,82,1,0,0.72,0,0,35.48,0,0.63",1948.39,74,144180.86,-35.52,-0.02,51.06,0.04,-35.52,-0.02,-106.52,0.00
181,Exit short,2023-07-31 09:55,Short Exit,1954.24,71,138914.34,163.3,0.12,163.3,0.12,-26.27,-0.02,56.78,0.00
181,Entry short,2023-07-31 09:20," | F:70,36,0,1,0.47,0,1,62.67,0,1.61",1956.54,71,138914.34,163.3,0.12,163.3,0.12,-26.27,-0.02,56.78,0.00
182,Exit short,2023-08-01 09:05,Short Exit,1958.01,94,184221.2,168.26,0.09,168.26,0.09,-23.5,-0.01,225.04,0.00
182,Entry short,2023-08-01 08:05," | F:70,7,0,1,1.22,0,0,42.19,0,0.97",1959.8,94,184221.2,168.26,0.09,168.26,0.09,-23.5,-0.01,225.04,0.00
183,Exit short,2023-08-01 20:00,Time Stop (Bars),1943.25,11,21442.3,66.55,0.31,88.22,0.41,-1.32,-0.01,291.59,0.00
183,Entry short,2023-08-01 17:00," | F:70,21,2,1,0.84,0,0,50.87,0,2.66",1949.3,11,21442.3,66.55,0.31,88.22,0.41,-1.32,-0.01,291.59,0.00
184,Exit short,2023-08-01 22:20,Short Exit,1945.41,66,128360.1,-36.96,-0.03,60.72,0.05,-36.96,-0.03,254.63,0.00
184,Entry short,2023-08-01 21:25," | F:75,42,2,1,1.99,0,0,63.01,0,0.96",1944.85,66,128360.1,-36.96,-0.03,60.72,0.05,-36.96,-0.03,254.63,0.00
185,Exit long,2023-08-02 14:45,Long Exit,1950.69,34,66366.64,-43.18,-0.07,42.16,0.06,-43.18,-0.07,211.45,0.00
185,Entry long,2023-08-02 14:10," | F:75,7,1,0,0.46,0,1,56.89,0,1.27",1951.96,34,66366.64,-43.18,-0.07,42.16,0.06,-43.18,-0.07,211.45,0.00
186,Exit short,2023-08-03 04:20,Short Exit,1936.67,71,137468.07,-35.5,-0.03,19.88,0.01,-35.5,-0.03,175.95,0.00
186,Entry short,2023-08-03 04:15," | F:70,13,0,1,1.19,0,0,54.87,0,2.19",1936.17,71,137468.07,-35.5,-0.03,19.88,0.01,-35.5,-0.03,175.95,0.00
187,Exit long,2023-08-03 07:40,Long Exit,1934.85,39,75501.27,-42.12,-0.06,0,0.00,-42.12,-0.06,133.83,0.00
187,Entry long,2023-08-03 07:35," | F:50,18,0,0,2.22,0,0,42.16,0,0.91",1935.93,39,75501.27,-42.12,-0.06,0,0.00,-42.12,-0.06,133.83,0.00
188,Exit short,2023-08-04 03:40,Short Exit,1935.96,85,164523.45,-33.15,-0.02,20.4,0.01,-33.15,-0.02,100.68,0.00
188,Entry short,2023-08-04 03:30," | F:70,23,0,1,1.47,0,1,57.03,0,1.67",1935.57,85,164523.45,-33.15,-0.02,20.4,0.01,-33.15,-0.02,100.68,0.00
189,Exit long,2023-08-04 06:00,Long Exit,1934.61,56,108376.8,-38.64,-0.04,71.12,0.07,-38.64,-0.04,62.04,0.00
189,Entry long,2023-08-04 05:25," | F:70,51,0,0,0.25,0,0,46.06,0,0.89",1935.3,56,108376.8,-38.64,-0.04,71.12,0.07,-38.64,-0.04,62.04,0.00
190,Exit short,2023-08-04 12:10,Short Exit,1933.84,79,152739.39,-33.97,-0.02,106.65,0.07,-33.97,-0.02,28.07,0.00
190,Entry short,2023-08-04 10:45," | F:70,18,1,1,1.6,0,0,46.52,0,0.83",1933.41,79,152739.39,-33.97,-0.02,106.65,0.07,-33.97,-0.02,28.07,0.00
191,Exit short,2023-08-04 21:30,Short Exit,1939.99,43,83527.93,108.36,0.13,108.36,0.13,-31.39,-0.04,136.43,0.00
191,Entry short,2023-08-04 19:35," | F:55,9,2,1,0.57,0,1,54.73,0,0.7",1942.51,43,83527.93,108.36,0.13,108.36,0.13,-31.39,-0.04,136.43,0.00
192,Exit short,2023-08-04 23:40,Short Exit,1942.51,63,122340.96,-37.17,-0.03,69.3,0.06,-37.17,-0.03,99.26,0.00
192,Entry short,2023-08-04 22:35," | F:55,35,2,1,0.93,0,1,60.12,0,1.35",1941.92,63,122340.96,-37.17,-0.03,69.3,0.06,-37.17,-0.03,99.26,0.00
193,Exit short,2023-08-07 10:10,Short Exit,1938.05,52,100738.56,-40.04,-0.04,86.32,0.09,-40.04,-0.04,59.22,0.00
193,Entry short,2023-08-07 09:20," | F:70,11,0,1,0.84,0,0,44.62,0,1.48",1937.28,52,100738.56,-40.04,-0.04,86.32,0.09,-40.04,-0.04,59.22,0.00
194,Exit short,2023-08-08 14:50,Short Exit,1929.07,36,69552.36,105.84,0.15,105.84,0.15,-15.48,-0.02,165.06,0.00
194,Entry short,2023-08-08 14:20," | F:75,12,1,1,0.39,0,0,47.03,0,1.27",1932.01,36,69552.36,105.84,0.15,105.84,0.15,-15.48,-0.02,165.06,0.00
195,Exit short,2023-08-09 05:30,Short Exit,1929.05,49,94482.78,-40.67,-0.04,42.63,0.05,-40.67,-0.04,124.39,0.00
195,Entry short,2023-08-09 04:35," | F:75,119,0,1,4.63,0,1,69.4,0,2.11",1928.22,49,94482.78,-40.67,-0.04,42.63,0.05,-40.67,-0.04,124.39,0.00
196,Exit long,2023-08-10 09:10,Long Exit,1915.73,41,78586.75,-41.82,-0.05,94.71,0.12,-41.82,-0.05,82.57,0.00
196,Entry long,2023-08-10 08:05," | F:50,47,0,0,0.87,0,0,36.9,0,2.01",1916.75,41,78586.75,-41.82,-0.05,94.71,0.12,-41.82,-0.05,82.57,0.00
197,Exit long,2023-08-10 17:50,Long Exit,1914.69,29,55570.38,-44.37,-0.08,48.72,0.09,-44.37,-0.08,38.2,0.00
197,Entry long,2023-08-10 17:20," | F:45,197,2,0,0.6,0,0,34.99,0,0.91",1916.22,29,55570.38,-44.37,-0.08,48.72,0.09,-44.37,-0.08,38.2,0.00
198,Exit short,2023-08-10 20:30,Short Exit,1915.94,26,49918.44,104,0.21,104,0.21,-34.58,-0.07,142.2,0.00
198,Entry short,2023-08-10 19:10," | F:75,27,2,1,0.72,0,1,55.15,0,0.54",1919.94,26,49918.44,104,0.21,104,0.21,-34.58,-0.07,142.2,0.00
199,Exit short,2023-08-11 14:45,Short Exit,1918.97,79,151564.66,-33.97,-0.02,7.9,0.01,-33.97,-0.02,108.23,0.00
199,Entry short,2023-08-11 14:40," | F:55,31,1,1,1.26,0,1,59.79,0,0.79",1918.54,79,151564.66,-33.97,-0.02,7.9,0.01,-33.97,-0.02,108.23,0.00
200,Exit short,2023-08-15 15:40,Short Exit,1904.67,14,26617.36,-48.02,-0.18,21.14,0.08,-48.02,-0.18,60.21,0.00
200,Entry short,2023-08-15 15:30," | F:75,30,2,1,0.33,0,0,35.78,0,6.17",1901.24,14,26617.36,-48.02,-0.18,21.14,0.08,-48.02,-0.18,60.21,0.00
201,Exit long,2023-08-18 16:10,Long Exit,1893.78,29,54812.32,107.3,0.20,107.3,0.20,-23.78,-0.04,167.51,0.00
201,Entry long,2023-08-18 15:35," | F:50,179,2,0,0.4,0,0,28.5,0,2.29",1890.08,29,54812.32,107.3,0.20,107.3,0.20,-23.78,-0.04,167.51,0.00
202,Exit long,2023-08-21 19:10,Long Exit,1890.01,31,58483.67,106.64,0.18,106.64,0.18,-41.85,-0.07,274.15,0.00
202,Entry long,2023-08-21 17:35," | F:45,151,2,0,0.4,0,0,29.92,0,0.95",1886.57,31,58483.67,106.64,0.18,106.64,0.18,-41.85,-0.07,274.15,0.00
203,Exit long,2023-08-22 16:35,Long Exit,1892.92,38,71973.52,-42.56,-0.06,11.4,0.02,-42.56,-0.06,231.59,0.00
203,Entry long,2023-08-22 16:30," | F:70,231,2,0,0.6,0,0,26.56,0,1.93",1894.04,38,71973.52,-42.56,-0.06,11.4,0.02,-42.56,-0.06,231.59,0.00
204,Exit long,2023-08-24 10:40,Time Stop (Bars),1921.05,45,86436,11.25,0.01,94.05,0.11,-32.4,-0.04,242.84,0.00
204,Entry long,2023-08-24 07:40," | F:70,20,0,0,1.07,0,1,54.97,1,1.35",1920.8,45,86436,11.25,0.01,94.05,0.11,-32.4,-0.04,242.84,0.00
205,Exit long,2023-08-25 12:20,Long Exit,1916.68,43,82308.02,109.22,0.13,109.22,0.13,-32.25,-0.04,352.06,0.00
205,Entry long,2023-08-25 11:00," | F:45,13,1,0,0.68,0,0,49.51,1,1.61",1914.14,43,82308.02,109.22,0.13,109.22,0.13,-32.25,-0.04,352.06,0.00
206,Exit long,2023-08-25 15:00,Long Exit,1918.87,62,118833.54,136.4,0.11,136.4,0.11,-13.02,-0.01,488.46,0.00
206,Entry long,2023-08-25 14:15," | F:75,15,1,0,0.84,0,1,51.46,1,0.92",1916.67,62,118833.54,136.4,0.11,136.4,0.11,-13.02,-0.01,488.46,0.00
207,Exit long,2023-08-28 05:20,Long Exit,1915.01,50,95791,-40.5,-0.04,5.5,0.01,-40.5,-0.04,447.96,0.00
207,Entry long,2023-08-28 05:00," | F:70,25,0,0,0.52,0,1,51.3,1,1.03",1915.82,50,95791,-40.5,-0.04,5.5,0.01,-40.5,-0.04,447.96,0.00
208,Exit short,2023-08-29 08:45,Short Exit,1925.32,100,192502,-30,-0.02,1,0.00,-30,-0.02,417.96,0.00
208,Entry short,2023-08-29 08:40," | F:50,20,0,1,0.51,0,1,63.24,1,0.99",1925.02,100,192502,-30,-0.02,1,0.00,-30,-0.02,417.96,0.00
209,Exit long,2023-08-29 13:45,Long Exit,1920.98,69,132583.5,-35.88,-0.03,6.9,0.01,-35.88,-0.03,382.08,0.00
209,Entry long,2023-08-29 13:30," | F:65,130,1,0,0.3,0,0,35.59,1,1.07",1921.5,69,132583.5,-35.88,-0.03,6.9,0.01,-35.88,-0.03,382.08,0.00
210,Exit short,2023-08-29 16:15,Short Exit,1918.11,63,120803.13,-37.8,-0.03,52.29,0.04,-37.8,-0.03,344.28,0.00
210,Entry short,2023-08-29 16:05," | F:70,17,2,1,0.54,0,0,48.9,1,0.95",1917.51,63,120803.13,-37.8,-0.03,52.29,0.04,-37.8,-0.03,344.28,0.00
211,Exit short,2023-08-30 05:20,Short Exit,1937.11,49,94878.21,-40.18,-0.04,49,0.05,-40.18,-0.04,304.1,0.00
211,Entry short,2023-08-30 03:20," | F:50,14,0,1,0.97,0,1,42.86,1,2.18",1936.29,49,94878.21,-40.18,-0.04,49,0.05,-40.18,-0.04,304.1,0.00
212,Exit long,2023-08-30 18:25,Long Exit,1944.72,59,114776.83,-38.35,-0.03,68.44,0.06,-38.35,-0.03,265.75,0.00
212,Entry long,2023-08-30 18:10," | F:70,18,2,0,0.9,0,1,50.27,1,0.68",1945.37,59,114776.83,-38.35,-0.03,68.44,0.06,-38.35,-0.03,265.75,0.00
213,Exit short,2023-08-31 14:45,Short Exit,1944.89,122,237250.96,-25.62,-0.01,90.28,0.04,-25.62,-0.01,240.13,0.00
213,Entry short,2023-08-31 14:20," | F:55,9,1,1,0.66,0,1,52.59,1,1.37",1944.68,122,237250.96,-25.62,-0.01,90.28,0.04,-25.62,-0.01,240.13,0.00
214,Exit long,2023-09-06 09:35,Long Exit,1926.04,74,142562.48,-35.52,-0.02,62.9,0.04,-35.52,-0.02,204.61,0.00
214,Entry long,2023-09-06 09:20," | F:50,32,0,0,0.46,0,0,41.83,0,1.83",1926.52,74,142562.48,-35.52,-0.02,62.9,0.04,-35.52,-0.02,204.61,0.00
215,Exit short,2023-09-06 12:05,Short Exit,1924.9,100,192460,-30,-0.02,10,0.01,-30,-0.02,174.61,0.00
215,Entry short,2023-09-06 12:00," | F:70,21,1,1,1.4,0,0,52.68,0,0.88",1924.6,100,192460,-30,-0.02,10,0.01,-30,-0.02,174.61,0.00
216,Exit long,2023-09-06 22:50,Long Exit,1916.33,102,195495.24,-29.58,-0.02,9.18,0.00,-29.58,-0.02,145.03,0.00
216,Entry long,2023-09-06 22:40," | F:45,16,2,0,1.02,0,0,42.24,0,1.04",1916.62,102,195495.24,-29.58,-0.02,9.18,0.00,-29.58,-0.02,145.03,0.00
217,Exit long,2023-09-07 10:05,Long Exit,1917.89,76,145794.6,-34.96,-0.02,0,0.00,-34.96,-0.02,110.07,0.00
217,Entry long,2023-09-07 10:00," | F:45,13,1,0,1.07,0,0,45.42,0,1.76",1918.35,76,145794.6,-34.96,-0.02,0,0.00,-34.96,-0.02,110.07,0.00
218,Exit long,2023-09-08 11:10,Long Exit,1923.75,55,105845.3,-39.05,-0.04,42.35,0.04,-39.05,-0.04,71.02,0.00
218,Entry long,2023-09-08 10:35," | F:70,76,1,0,1.47,0,1,41.09,0,1.14",1924.46,55,105845.3,-39.05,-0.04,42.35,0.04,-39.05,-0.04,71.02,0.00
219,Exit long,2023-09-08 18:40,Long Exit,1920.66,119,228584.72,-26.18,-0.01,29.75,0.01,-26.18,-0.01,44.84,0.00
219,Entry long,2023-09-08 18:35," | F:55,28,2,0,0.62,0,0,33.59,0,0.56",1920.88,119,228584.72,-26.18,-0.01,29.75,0.01,-26.18,-0.01,44.84,0.00
220,Exit short,2023-09-12 02:00,Short Exit,1921.66,161,309569.19,181.93,0.06,181.93,0.06,-1.61,0.00,226.77,0.00
220,Entry short,2023-09-12 01:45," | F:65,7,3,1,0.8,0,0,56.27,0,0.62",1922.79,161,309569.19,181.93,0.06,181.93,0.06,-1.61,0.00,226.77,0.00
221,Exit long,2023-09-13 03:55,Long Exit,1912.39,71,135815.19,-35.5,-0.03,50.41,0.04,-35.5,-0.03,191.27,0.00
221,Entry long,2023-09-13 02:25," | F:50,51,3,0,1.67,0,0,41.88,0,1.76",1912.89,71,135815.19,-35.5,-0.03,50.41,0.04,-35.5,-0.03,191.27,0.00
222,Exit short,2023-09-13 06:55,Short Exit,1909.53,94,179464.8,-31.02,-0.02,23.5,0.01,-31.02,-0.02,160.25,0.00
222,Entry short,2023-09-13 06:45," | F:70,12,0,1,1.31,0,0,40.78,0,0.81",1909.2,94,179464.8,-31.02,-0.02,23.5,0.01,-31.02,-0.02,160.25,0.00
223,Exit long,2023-09-13 09:30,Long Exit,1909.01,53,101217.28,-39.75,-0.04,19.08,0.02,-39.75,-0.04,120.5,0.00
223,Entry long,2023-09-13 09:15," | F:50,29,0,0,0.53,0,0,44.24,0,1.37",1909.76,53,101217.28,-39.75,-0.04,19.08,0.02,-39.75,-0.04,120.5,0.00
224,Exit long,2023-09-13 10:55,Long Exit,1911.7,49,93538.55,134.75,0.14,134.75,0.14,-1.47,0.00,255.25,0.00
224,Entry long,2023-09-13 09:30," | F:50,37,0,0,0.65,0,0,38.06,0,1.82",1908.95,49,93538.55,134.75,0.14,134.75,0.14,-1.47,0.00,255.25,0.00
225,Exit short,2023-09-14 03:20,Short Exit,1910.03,76,145127.32,-34.96,-0.02,0,0.00,-34.96,-0.02,220.29,0.00
225,Entry short,2023-09-14 03:15," | F:70,58,0,1,0.86,0,0,59.76,0,1.69",1909.57,76,145127.32,-34.96,-0.02,0,0.00,-34.96,-0.02,220.29,0.00
226,Exit short,2023-09-14 07:45,Time Stop (Bars),1909.45,30,57330,46.5,0.08,68.1,0.12,-13.2,-0.02,266.79,0.00
226,Entry short,2023-09-14 04:45," | F:50,7,0,1,1.34,0,1,51.42,0,2.27",1911,30,57330,46.5,0.08,68.1,0.12,-13.2,-0.02,266.79,0.00
227,Exit short,2023-09-14 15:15,Short Exit,1908.33,57,108736.62,-38.19,-0.04,75.24,0.07,-38.19,-0.04,228.6,0.00
227,Entry short,2023-09-14 15:10," | F:70,11,2,1,1.07,0,0,50.74,0,1.63",1907.66,57,108736.62,-38.19,-0.04,75.24,0.07,-38.19,-0.04,228.6,0.00
228,Exit long,2023-09-15 04:30,Long Exit,1912.83,70,133759.5,138.6,0.10,138.6,0.10,-14,-0.01,367.2,0.00
228,Entry long,2023-09-15 04:05," | F:65,8,0,0,1,0,1,54.59,0,2.26",1910.85,70,133759.5,138.6,0.10,138.6,0.10,-14,-0.01,367.2,0.00
229,Exit long,2023-09-15 12:30,Long Exit,1918.85,43,82401.33,109.22,0.13,109.22,0.13,-4.3,-0.01,476.42,0.00
229,Entry long,2023-09-15 10:15," | F:70,19,1,0,0.72,0,1,44.77,1,1.03",1916.31,43,82401.33,109.22,0.13,109.22,0.13,-4.3,-0.01,476.42,0.00
230,Exit long,2023-09-18 20:05,Long Exit,1931.54,37,71360.42,106.56,0.15,106.56,0.15,-19.98,-0.03,582.98,0.01
230,Entry long,2023-09-18 19:05," | F:75,7,2,0,0.93,0,1,61.21,1,0.97",1928.66,37,71360.42,106.56,0.15,106.56,0.15,-19.98,-0.03,582.98,0.01
231,Exit short,2023-09-20 09:20,Short Exit,1932.04,46,88832.9,-40.94,-0.05,7.82,0.01,-40.94,-0.05,542.04,0.01
231,Entry short,2023-09-20 09:05," | F:65,96,0,1,0.4,0,0,60.47,1,2.35",1931.15,46,88832.9,-40.94,-0.05,7.82,0.01,-40.94,-0.05,542.04,0.01
232,Exit short,2023-09-20 15:15,Short Exit,1933.38,98,189440.86,-30.38,-0.02,25.48,0.01,-30.38,-0.02,511.66,0.01
232,Entry short,2023-09-20 15:05," | F:75,226,2,1,0.97,0,1,65.77,1,1.47",1933.07,98,189440.86,-30.38,-0.02,25.48,0.01,-30.38,-0.02,511.66,0.01
233,Exit short,2023-09-21 20:30,Short Exit,1919.9,48,92114.88,-40.32,-0.04,22.56,0.02,-40.32,-0.04,471.34,0.00
233,Entry short,2023-09-21 20:05," | F:75,24,2,1,0.97,0,0,53.75,0,0.91",1919.06,48,92114.88,-40.32,-0.04,22.56,0.02,-40.32,-0.04,471.34,0.00
234,Exit short,2023-09-22 10:50,Short Exit,1927.87,34,65504.74,-42.84,-0.07,11.22,0.02,-42.84,-0.07,428.5,0.00
234,Entry short,2023-09-22 10:20," | F:75,275,1,1,0.92,0,1,65.23,1,1.23",1926.61,34,65504.74,-42.84,-0.07,11.22,0.02,-42.84,-0.07,428.5,0.00
235,Exit long,2023-09-25 17:05,Long Exit,1922.17,34,65396.28,-42.5,-0.06,98.26,0.15,-42.5,-0.06,386,0.00
235,Entry long,2023-09-25 16:30," | F:75,41,2,0,0.45,0,0,40.19,1,1.91",1923.42,34,65396.28,-42.5,-0.06,98.26,0.15,-42.5,-0.06,386,0.00
236,Exit short,2023-09-26 07:45,Short Exit,1914.01,116,221998.48,-26.68,-0.01,90.48,0.04,-26.68,-0.01,359.32,0.00
236,Entry short,2023-09-26 06:20," | F:70,8,0,1,1.31,0,0,41.15,0,0.92",1913.78,116,221998.48,-26.68,-0.01,90.48,0.04,-26.68,-0.01,359.32,0.00
237,Exit long,2023-09-26 13:05,Long Exit,1912,46,87992.94,-40.94,-0.05,9.2,0.01,-40.94,-0.05,318.38,0.00
237,Entry long,2023-09-26 12:30," | F:50,24,1,0,0.84,0,0,46.91,0,0.62",1912.89,46,87992.94,-40.94,-0.05,9.2,0.01,-40.94,-0.05,318.38,0.00
238,Exit long,2023-09-28 14:30,Time Stop (Bars),1875.74,38,71238.98,39.14,0.05,91.96,0.13,-40.28,-0.06,357.52,0.00
238,Entry long,2023-09-28 11:30," | F:50,158,1,0,0.85,0,0,41.41,0,0.99",1874.71,38,71238.98,39.14,0.05,91.96,0.13,-40.28,-0.06,357.52,0.00
239,Exit long,2023-09-29 05:45,Long Exit,1865.12,85,158568.35,-33.15,-0.02,0,0.00,-33.15,-0.02,324.37,0.00
239,Entry long,2023-09-29 05:40," | F:45,12,0,0,1.16,0,0,46.89,0,0.73",1865.51,85,158568.35,-33.15,-0.02,0,0.00,-33.15,-0.02,324.37,0.00
240,Exit long,2023-09-29 14:20,Long Exit,1868.13,43,80370.87,-41.28,-0.05,3.01,0.00,-41.28,-0.05,283.09,0.00
240,Entry long,2023-09-29 14:15," | F:70,58,1,0,0.99,0,0,28.94,0,1.61",1869.09,43,80370.87,-41.28,-0.05,3.01,0.00,-41.28,-0.05,283.09,0.00
241,Exit short,2023-10-03 14:10,Short Exit,1823.91,38,69416.5,107.92,0.16,107.92,0.16,-25.84,-0.04,391.01,0.00
241,Entry short,2023-10-03 12:30," | F:55,13,1,1,0.93,0,1,56.39,0,1.04",1826.75,38,69416.5,107.92,0.16,107.92,0.16,-25.84,-0.04,391.01,0.00
242,Exit short,2023-10-04 15:15,Short Exit,1827.1,21,38322.27,-46.83,-0.12,26.67,0.07,-46.83,-0.12,344.18,0.00
242,Entry short,2023-10-04 14:15," | F:75,213,1,1,0.98,0,1,60.22,0,1.92",1824.87,21,38322.27,-46.83,-0.12,26.67,0.07,-46.83,-0.12,344.18,0.00
243,Exit short,2023-10-04 21:30,Short Exit,1817.55,35,63721.35,107.1,0.17,107.1,0.17,-3.85,-0.01,451.28,0.00
243,Entry short,2023-10-04 20:20," | F:75,7,2,1,0.53,0,0,42.91,0,0.81",1820.61,35,63721.35,107.1,0.17,107.1,0.17,-3.85,-0.01,451.28,0.00
244,Exit long,2023-10-05 20:55,Long Exit,1819.3,42,76303.08,107.52,0.14,107.52,0.14,-15.12,-0.02,558.8,0.01
244,Entry long,2023-10-05 20:10," | F:50,14,2,0,0.74,0,0,47.79,0,0.82",1816.74,42,76303.08,107.52,0.14,107.52,0.14,-15.12,-0.02,558.8,0.01
245,Exit long,2023-10-06 03:20,Long Exit,1820.9,89,162092.14,-32.04,-0.02,51.62,0.03,-32.04,-0.02,526.76,0.01
245,Entry long,2023-10-06 03:00," | F:65,17,0,0,0.26,0,1,47.92,0,3.51",1821.26,89,162092.14,-32.04,-0.02,51.62,0.03,-32.04,-0.02,526.76,0.01
246,Exit long,2023-10-06 04:10,Long Exit,1819.87,71,129246.27,-35.5,-0.03,0.71,0.00,-35.5,-0.03,491.26,0.00
246,Entry long,2023-10-06 04:05," | F:50,43,0,0,0.38,0,0,41.51,0,1.75",1820.37,71,129246.27,-35.5,-0.03,0.71,0.00,-35.5,-0.03,491.26,0.00
247,Exit short,2023-10-06 10:45,Short Exit,1820.4,66,120109.44,-36.96,-0.03,2.64,0.00,-36.96,-0.03,454.3,0.00
247,Entry short,2023-10-06 10:40," | F:65,17,1,1,0.51,0,0,47.35,0,0.88",1819.84,66,120109.44,-36.96,-0.03,2.64,0.00,-36.96,-0.03,454.3,0.00
248,Exit long,2023-10-10 09:05,Long Exit,1860.51,47,87484.86,-40.89,-0.05,25.85,0.03,-40.89,-0.05,413.41,0.00
248,Entry long,2023-10-10 08:40," | F:65,6,0,0,0.58,0,1,47.16,1,1.72",1861.38,47,87484.86,-40.89,-0.05,25.85,0.03,-40.89,-0.05,413.41,0.00
249,Exit long,2023-10-10 13:10,Long Exit,1857.47,60,111486.6,-38.4,-0.03,53.4,0.05,-38.4,-0.03,375.01,0.00
249,Entry long,2023-10-10 12:45," | F:75,18,1,0,1.64,0,1,49.62,1,0.71",1858.11,60,111486.6,-38.4,-0.03,53.4,0.05,-38.4,-0.03,375.01,0.00
250,Exit long,2023-10-11 06:45,Long Exit,1860.13,70,130244.8,-35.7,-0.03,20.3,0.02,-35.7,-0.03,339.31,0.00
250,Entry long,2023-10-11 06:15," | F:65,13,0,0,0.88,0,1,46.88,1,0.89",1860.64,70,130244.8,-35.7,-0.03,20.3,0.02,-35.7,-0.03,339.31,0.00
251,Exit long,2023-10-12 02:20,Time Stop (Bars),1875.08,29,54335.56,41.76,0.08,46.4,0.09,-14.79,-0.03,381.07,0.00
251,Entry long,2023-10-11 22:20," | F:70,5,2,0,0.69,0,1,57.96,1,0.55",1873.64,29,54335.56,41.76,0.08,46.4,0.09,-14.79,-0.03,381.07,0.00
252,Exit long,2023-10-12 20:00,Long Exit,1870.59,31,58031.69,-43.4,-0.07,48.67,0.08,-43.4,-0.07,337.67,0.00
252,Entry long,2023-10-12 18:00," | F:75,273,2,0,0.74,0,0,35.55,1,0.86",1871.99,31,58031.69,-43.4,-0.07,48.67,0.08,-43.4,-0.07,337.67,0.00
253,Exit long,2023-10-13 12:25,Long Exit,1884.85,69,129916.65,138,0.11,138,0.11,-20.7,-0.02,475.67,0.00
253,Entry long,2023-10-13 12:10," | F:70,15,1,0,1.12,0,1,56.79,1,0.93",1882.85,69,129916.65,138,0.11,138,0.11,-20.7,-0.02,475.67,0.00
254,Exit long,2023-10-17 03:15,Long Exit,1918.7,54,103648.68,-38.88,-0.04,19.98,0.02,-38.88,-0.04,436.79,0.00
254,Entry long,2023-10-17 03:00," | F:65,13,0,0,0.92,0,1,45.1,1,1.89",1919.42,54,103648.68,-38.88,-0.04,19.98,0.02,-38.88,-0.04,436.79,0.00
255,Exit short,2023-10-18 01:10,Short Exit,1923.79,57,109617.84,-38.19,-0.03,0,0.00,-38.19,-0.03,398.6,0.00
255,Entry short,2023-10-18 01:00," | F:50,17,3,1,1.02,0,1,55.35,1,0.35",1923.12,57,109617.84,-38.19,-0.03,0,0.00,-38.19,-0.03,398.6,0.00
256,Exit long,2023-10-19 08:50,Long Exit,1946.59,49,95423.09,-40.18,-0.04,0,0.00,-40.18,-0.04,358.42,0.00
256,Entry long,2023-10-19 08:45," | F:70,15,0,0,0.75,0,1,49.29,1,1.92",1947.41,49,95423.09,-40.18,-0.04,0,0.00,-40.18,-0.04,358.42,0.00
257,Exit short,2023-10-19 11:20,Short Exit,1950.27,36,70315.56,105.84,0.15,105.84,0.15,-8.28,-0.01,464.26,0.00
257,Entry short,2023-10-19 11:10," | F:50,161,1,1,0.62,0,1,66.68,1,1.07",1953.21,36,70315.56,105.84,0.15,105.84,0.15,-8.28,-0.01,464.26,0.00
258,Exit long,2023-10-19 23:15,Long Exit,1973.51,47,92795.86,-40.89,-0.04,0.94,0.00,-40.89,-0.04,423.37,0.00
258,Entry long,2023-10-19 23:00," | F:70,11,2,0,0.69,0,1,55.19,1,0.81",1974.38,47,92795.86,-40.89,-0.04,0.94,0.00,-40.89,-0.04,423.37,0.00
259,Exit short,2023-10-24 16:55,Short Exit,1965.35,29,56950.49,-44.66,-0.08,70.47,0.12,-44.66,-0.08,378.71,0.00
259,Entry short,2023-10-24 16:45," | F:75,7,2,1,0.67,0,0,50.14,1,3.36",1963.81,29,56950.49,-44.66,-0.08,70.47,0.12,-44.66,-0.08,378.71,0.00
260,Exit short,2023-10-25 09:50,Short Exit,1971.68,36,71088.48,108,0.15,108,0.15,-5.04,-0.01,486.71,0.00
260,Entry short,2023-10-25 09:25," | F:50,48,0,1,0.89,0,1,59.94,1,2.13",1974.68,36,71088.48,108,0.15,108,0.15,-5.04,-0.01,486.71,0.00
261,Exit long,2023-10-27 02:40,Long Exit,1984.6,62,123083.02,-37.82,-0.03,22.32,0.02,-37.82,-0.03,448.89,0.00
261,Entry long,2023-10-27 02:10," | F:70,8,3,0,0.28,0,1,53.81,1,1.65",1985.21,62,123083.02,-37.82,-0.03,22.32,0.02,-37.82,-0.03,448.89,0.00
262,Exit long,2023-10-27 08:20,Long Exit,1987.13,86,170925.86,-32.68,-0.02,0.86,0.00,-32.68,-0.02,416.21,0.00
262,Entry long,2023-10-27 08:15," | F:70,20,0,0,1.03,0,1,43.27,1,1.36",1987.51,86,170925.86,-32.68,-0.02,0.86,0.00,-32.68,-0.02,416.21,0.00
263,Exit short,2023-10-30 14:20,Short Exit,1995.88,25,49851.25,-45.75,-0.09,8.25,0.02,-45.75,-0.09,370.46,0.00
263,Entry short,2023-10-30 14:00," | F:75,17,2,1,0.58,0,0,45.63,1,2.04",1994.05,25,49851.25,-45.75,-0.09,8.25,0.02,-45.75,-0.09,370.46,0.00
264,Exit short,2023-10-30 15:30,Short Exit,1998.63,46,92071.76,134.78,0.15,134.78,0.15,-28.98,-0.03,505.24,0.01
264,Entry short,2023-10-30 15:15," | F:50,110,2,1,0.2,0,1,68.84,1,1.08",2001.56,46,92071.76,134.78,0.15,134.78,0.15,-28.98,-0.03,505.24,0.01
265,Exit long,2023-10-30 19:20,Long Exit,1997.16,96,191758.08,-30.72,-0.02,0,0.00,-30.72,-0.02,474.52,0.00
265,Entry long,2023-10-30 19:15," | F:75,26,2,0,0.82,0,1,42.39,1,0.93",1997.48,96,191758.08,-30.72,-0.02,0,0.00,-30.72,-0.02,474.52,0.00
266,Exit short,2023-10-31 09:30,Short Exit,1996.38,30,59847.9,-43.5,-0.07,12.3,0.02,-43.5,-0.07,431.02,0.00
266,Entry short,2023-10-31 09:05," | F:70,61,1,1,0.86,0,0,58.24,1,1.27",1994.93,30,59847.9,-43.5,-0.07,12.3,0.02,-43.5,-0.07,431.02,0.00
267,Exit long,2023-11-01 18:35,Long Exit,1976.3,34,67236.7,-42.5,-0.06,15.64,0.02,-42.5,-0.06,388.52,0.00
267,Entry long,2023-11-01 18:25," | F:50,135,2,0,0.27,0,0,28.06,1,0.66",1977.55,34,67236.7,-42.5,-0.06,15.64,0.02,-42.5,-0.06,388.52,0.00
268,Exit short,2023-11-02 10:25,Short Exit,1986.35,61,121129.53,-37.82,-0.03,114.68,0.09,-37.82,-0.03,350.7,0.00
268,Entry short,2023-11-02 09:35," | F:45,23,1,1,0.92,0,1,56.23,1,1.72",1985.73,61,121129.53,-37.82,-0.03,114.68,0.09,-37.82,-0.03,350.7,0.00
269,Exit long,2023-11-03 21:45,Long Exit,1991.86,111,221124.21,-27.75,-0.01,33.3,0.02,-27.75,-0.01,322.95,0.00
269,Entry long,2023-11-03 21:40," | F:70,24,2,0,1.19,0,1,41.47,1,0.85",1992.11,111,221124.21,-27.75,-0.01,33.3,0.02,-27.75,-0.01,322.95,0.00
270,Exit long,2023-11-07 08:40,Long Exit,1971.27,74,145909.5,-35.52,-0.02,27.38,0.02,-35.52,-0.02,287.43,0.00
270,Entry long,2023-11-07 08:30," | F:50,17,0,0,0.32,0,0,40.78,0,1.14",1971.75,74,145909.5,-35.52,-0.02,27.38,0.02,-35.52,-0.02,287.43,0.00
271,Exit long,2023-11-09 14:35,Long Exit,1946.08,33,64264.2,-43.56,-0.07,25.08,0.04,-43.56,-0.07,243.87,0.00
271,Entry long,2023-11-09 14:10," | F:50,10,2,0,0.97,0,0,49.31,0,2.08",1947.4,33,64264.2,-43.56,-0.07,25.08,0.04,-43.56,-0.07,243.87,0.00
272,Exit short,2023-11-09 17:10,Short Exit,1958.79,20,39130.2,-45.6,-0.12,23.8,0.06,-45.6,-0.12,198.27,0.00
272,Entry short,2023-11-09 17:00," | F:75,275,2,1,0.55,0,1,67.85,0,1.22",1956.51,20,39130.2,-45.6,-0.12,23.8,0.06,-45.6,-0.12,198.27,0.00
273,Exit long,2023-11-10 06:20,Long Exit,1957.99,78,152757.54,-34.32,-0.02,22.62,0.01,-34.32,-0.02,163.95,0.00
273,Entry long,2023-11-10 06:10," | F:70,14,0,0,1.09,0,1,44.95,0,0.61",1958.43,78,152757.54,-34.32,-0.02,22.62,0.01,-34.32,-0.02,163.95,0.00
274,Exit long,2023-11-13 10:45,Long Exit,1936.15,35,67807.95,-42.7,-0.06,23.1,0.03,-42.7,-0.06,121.25,0.00
274,Entry long,2023-11-13 10:20," | F:50,38,1,0,0.33,0,0,42.92,0,1.4",1937.37,35,67807.95,-42.7,-0.06,23.1,0.03,-42.7,-0.06,121.25,0.00
275,Exit short,2023-11-14 11:35,Short Exit,1947.75,61,118774.93,-37.82,-0.03,73.81,0.06,-37.82,-0.03,83.43,0.00
275,Entry short,2023-11-14 11:20," | F:50,98,1,1,0.64,0,1,62.61,0,1.59",1947.13,61,118774.93,-37.82,-0.03,73.81,0.06,-37.82,-0.03,83.43,0.00
276,Exit long,2023-11-16 14:05,Long Exit,1964.53,50,98266.5,-40,-0.04,50.5,0.05,-40,-0.04,43.43,0.00
276,Entry long,2023-11-16 12:35," | F:70,50,1,0,0.78,0,1,39.43,1,1.22",1965.33,50,98266.5,-40,-0.04,50.5,0.05,-40,-0.04,43.43,0.00
277,Exit long,2023-11-17 09:35,Long Exit,1985.86,53,105115.43,135.15,0.13,135.15,0.13,-28.09,-0.03,178.58,0.00
277,Entry long,2023-11-17 08:45," | F:70,73,0,0,0.6,0,1,37.03,1,1.22",1983.31,53,105115.43,135.15,0.13,135.15,0.13,-28.09,-0.03,178.58,0.00
278,Exit long,2023-11-17 15:40,Long Exit,1987.28,20,39791.4,-45.8,-0.12,39,0.10,-45.8,-0.12,132.78,0.00
278,Entry long,2023-11-17 13:45," | F:75,37,1,0,1.15,0,1,47.76,1,1",1989.57,20,39791.4,-45.8,-0.12,39,0.10,-45.8,-0.12,132.78,0.00
279,Exit short,2023-11-20 21:40,Short Exit,1978.45,60,118668.6,-38.4,-0.03,12.6,0.01,-38.4,-0.03,94.38,0.00
279,Entry short,2023-11-20 21:35," | F:50,15,2,1,0.63,0,1,59.56,1,0.42",1977.81,60,118668.6,-38.4,-0.03,12.6,0.01,-38.4,-0.03,94.38,0.00
280,Exit short,2023-11-21 02:25,Short Exit,1982.12,41,81225.51,-41.41,-0.05,17.63,0.02,-41.41,-0.05,52.97,0.00
280,Entry short,2023-11-21 02:00," | F:70,211,0,1,0.83,0,1,76.86,1,2.88",1981.11,41,81225.51,-41.41,-0.05,17.63,0.02,-41.41,-0.05,52.97,0.00
281,Exit long,2023-11-21 15:05,Long Exit,1990.99,39,77541.75,106.86,0.14,106.86,0.14,-23.79,-0.03,159.83,0.00
281,Entry long,2023-11-21 14:45," | F:70,9,2,0,0.74,0,1,52.3,1,1.64",1988.25,39,77541.75,106.86,0.14,106.86,0.14,-23.79,-0.03,159.83,0.00
282,Exit short,2023-11-22 03:15,Short Exit,1998.35,56,111868.96,-38.64,-0.03,62.72,0.06,-38.64,-0.03,121.19,0.00
282,Entry short,2023-11-22 02:40," | F:50,7,0,1,1.63,0,1,40.25,1,1.14",1997.66,56,111868.96,-38.64,-0.03,62.72,0.06,-38.64,-0.03,121.19,0.00
283,Exit long,2023-11-22 15:30,Long Exit,1999.99,46,92040.48,-40.94,-0.04,103.5,0.11,-40.94,-0.04,80.25,0.00
283,Entry long,2023-11-22 14:00," | F:75,15,2,0,0.56,0,1,46.63,1,1.14",2000.88,46,92040.48,-40.94,-0.04,103.5,0.11,-40.94,-0.04,80.25,0.00
284,Exit long,2023-11-23 05:00,Time Stop (Bars),1994.06,29,57754.08,73.66,0.13,98.6,0.17,-30.16,-0.05,153.91,0.00
284,Entry long,2023-11-23 02:00," | F:50,10,0,0,0.42,0,0,61.24,1,2.66",1991.52,29,57754.08,73.66,0.13,98.6,0.17,-30.16,-0.05,153.91,0.00
285,Exit long,2023-11-23 11:35,Long Exit,1992.35,63,125555.22,-37.17,-0.03,5.04,0.00,-37.17,-0.03,116.74,0.00
285,Entry long,2023-11-23 11:30," | F:45,95,1,0,1.14,0,0,35.41,1,2.24",1992.94,63,125555.22,-37.17,-0.03,5.04,0.00,-37.17,-0.03,116.74,0.00
286,Exit short,2023-11-24 06:50,Short Exit,1994.07,31,61771.84,-44.33,-0.07,38.75,0.06,-44.33,-0.07,72.41,0.00
286,Entry short,2023-11-24 04:45," | F:70,18,0,1,0.94,0,0,46.85,1,1.07",1992.64,31,61771.84,-44.33,-0.07,38.75,0.06,-44.33,-0.07,72.41,0.00
287,Exit long,2023-11-30 02:50,Long Exit,2046.63,78,159471.78,165.36,0.10,165.36,0.10,0,0.00,237.77,0.00
287,Entry long,2023-11-30 02:10," | F:65,6,0,0,0.47,0,1,49.56,1,0.92",2044.51,78,159471.78,165.36,0.10,165.36,0.10,0,0.00,237.77,0.00
288,Exit short,2023-11-30 08:35,Short Exit,2044.36,71,145114.06,-35.5,-0.02,9.94,0.01,-35.5,-0.02,202.27,0.00
288,Entry short,2023-11-30 08:30," | F:70,17,0,1,0.68,0,1,55.12,1,1.15",2043.86,71,145114.06,-35.5,-0.02,9.94,0.01,-35.5,-0.02,202.27,0.00
289,Exit long,2023-11-30 10:30,Long Exit,2042.19,34,69478.32,-43.86,-0.06,72.42,0.10,-43.86,-0.06,158.41,0.00
289,Entry long,2023-11-30 09:45," | F:45,22,1,0,0.95,0,0,47.17,1,2.42",2043.48,34,69478.32,-43.86,-0.06,72.42,0.10,-43.86,-0.06,158.41,0.00
290,Exit short,2023-12-01 22:30,Short Exit,2069.79,71,146919.59,-35.5,-0.02,31.24,0.02,-35.5,-0.02,122.91,0.00
290,Entry short,2023-12-01 22:15," | F:50,11,2,1,0.89,0,1,56.24,1,0.59",2069.29,71,146919.59,-35.5,-0.02,31.24,0.02,-35.5,-0.02,122.91,0.00
291,Exit short,2023-12-04 08:20,Short Exit,2085.27,29,60577.23,104.4,0.17,104.4,0.17,-9.57,-0.02,227.31,0.00
291,Entry short,2023-12-04 07:40," | F:50,52,0,1,2.64,0,1,61.18,1,1.61",2088.87,29,60577.23,104.4,0.17,104.4,0.17,-9.57,-0.02,227.31,0.00
292,Exit short,2023-12-05 11:00,Short Exit,2031.86,20,40743.2,106,0.26,106,0.26,-15.6,-0.04,333.31,0.00
292,Entry short,2023-12-05 10:25," | F:70,94,1,1,1.03,0,0,61.56,1,1.32",2037.16,20,40743.2,106,0.26,106,0.26,-15.6,-0.04,333.31,0.00
293,Exit long,2023-12-06 17:00,Long Exit,2023.84,7,14217.42,-50.54,-0.36,12.88,0.09,-50.54,-0.36,282.77,0.00
293,Entry long,2023-12-06 15:15," | F:65,7,2,0,0.52,0,1,78.77,0,4.77",2031.06,7,14217.42,-50.54,-0.36,12.88,0.09,-50.54,-0.36,282.77,0.00
294,Exit short,2023-12-12 01:00,Short Exit,1982.07,51,101045.28,-40.29,-0.04,51.51,0.05,-40.29,-0.04,242.48,0.00
294,Entry short,2023-12-11 22:00," | F:70,11,2,1,0.9,0,0,52.89,0,0.93",1981.28,51,101045.28,-40.29,-0.04,51.51,0.05,-40.29,-0.04,242.48,0.00
295,Exit short,2023-12-12 05:35,Time Stop (Bars),1984.84,13,25814.75,11.83,0.05,50.57,0.20,-5.98,-0.02,254.31,0.00
295,Entry short,2023-12-12 02:35," | F:75,107,0,1,1.92,0,0,75.67,0,3.9",1985.75,13,25814.75,11.83,0.05,50.57,0.20,-5.98,-0.02,254.31,0.00
296,Exit long,2023-12-12 10:10,Long Exit,1985.42,28,55636.84,-45.08,-0.08,55.16,0.10,-45.08,-0.08,209.23,0.00
296,Entry long,2023-12-12 09:35," | F:70,26,1,0,0.88,0,1,49.7,0,1.57",1987.03,28,55636.84,-45.08,-0.08,55.16,0.10,-45.08,-0.08,209.23,0.00
297,Exit short,2023-12-13 09:40,Short Exit,1980.21,56,110852.56,-39.2,-0.04,31.36,0.03,-39.2,-0.04,170.03,0.00
297,Entry short,2023-12-13 09:35," | F:70,69,1,1,0.5,0,0,65.76,0,1.34",1979.51,56,110852.56,-39.2,-0.04,31.36,0.03,-39.2,-0.04,170.03,0.00
298,Exit short,2023-12-13 11:50,Short Exit,1982.13,55,108978.1,-39.05,-0.04,3.3,0.00,-39.05,-0.04,130.98,0.00
298,Entry short,2023-12-13 11:45," | F:70,118,1,1,0.56,0,1,59.28,0,1.16",1981.42,55,108978.1,-39.05,-0.04,3.3,0.00,-39.05,-0.04,130.98,0.00
299,Exit short,2023-12-15 18:30,Time Stop (Bars),2035.68,6,12214.74,0.66,0.01,53.94,0.44,-16.32,-0.13,131.64,0.00
299,Entry short,2023-12-15 15:30," | F:50,11,2,1,0.64,0,0,22.01,1,5.71",2035.79,6,12214.74,0.66,0.01,53.94,0.44,-16.32,-0.13,131.64,0.00
300,Exit short,2023-12-20 11:10,Short Exit,2041.85,45,91841.85,-41.4,-0.05,15.75,0.02,-41.4,-0.05,90.24,0.00
300,Entry short,2023-12-20 11:00," | F:50,5,1,1,0.93,0,1,48.19,1,0.79",2040.93,45,91841.85,-41.4,-0.05,15.75,0.02,-41.4,-0.05,90.24,0.00
301,Exit short,2023-12-20 15:35,Short Exit,2031.88,34,69191.36,107.44,0.16,107.44,0.16,-29.24,-0.04,197.68,0.00
301,Entry short,2023-12-20 14:05," | F:75,16,2,1,0.75,0,0,46.67,1,1.35",2035.04,34,69191.36,107.44,0.16,107.44,0.16,-29.24,-0.04,197.68,0.00
302,Exit short,2023-12-21 12:00,Time Stop (Bars),2034.99,49,99785.56,71.05,0.07,126.42,0.13,-36.26,-0.04,268.73,0.00
302,Entry short,2023-12-21 09:00," | F:50,20,1,1,1.04,0,1,52.98,1,1.83",2036.44,49,99785.56,71.05,0.07,126.42,0.13,-36.26,-0.04,268.73,0.00
303,Exit long,2023-12-21 14:25,Long Exit,2035.93,58,117947.64,136.3,0.12,136.3,0.12,-22.62,-0.02,405.03,0.00
303,Entry long,2023-12-21 12:40," | F:50,124,1,0,0.44,0,0,34.82,1,1.3",2033.58,58,117947.64,136.3,0.12,136.3,0.12,-22.62,-0.02,405.03,0.00
304,Exit long,2023-12-21 18:20,Long Exit,2043.93,20,40776.2,102.4,0.25,102.4,0.25,-13.6,-0.03,507.43,0.01
304,Entry long,2023-12-21 17:10," | F:75,21,2,0,0.7,0,1,46.64,1,0.93",2038.81,20,40776.2,102.4,0.25,102.4,0.25,-13.6,-0.03,507.43,0.01
305,Exit short,2023-12-26 11:05,Short Exit,2060.63,35,72229.15,107.1,0.15,107.1,0.15,-34.3,-0.05,614.53,0.01
305,Entry short,2023-12-26 09:10," | F:50,5,1,1,0.88,0,1,61.14,1,1.64",2063.69,35,72229.15,107.1,0.15,107.1,0.15,-34.3,-0.05,614.53,0.01
306,Exit short,2023-12-27 04:15,Short Exit,2064.98,72,148842,163.44,0.11,163.44,0.11,-33.12,-0.02,777.97,0.01
306,Entry short,2023-12-27 03:35," | F:50,30,0,1,1.01,0,1,67.75,1,1.54",2067.25,72,148842,163.44,0.11,163.44,0.11,-33.12,-0.02,777.97,0.01
307,Exit long,2023-12-27 13:25,Long Exit,2067.29,25,51578.25,104,0.20,104,0.20,0,0.00,881.97,0.01
307,Entry long,2023-12-27 12:30," | F:70,163,1,0,0.57,0,0,22.09,1,3.81",2063.13,25,51578.25,104,0.20,104,0.20,0,0.00,881.97,0.01
308,Exit long,2023-12-28 10:25,Long Exit,2078.47,29,60320.29,-44.66,-0.07,6.38,0.01,-44.66,-0.07,837.31,0.01
308,Entry long,2023-12-28 10:20," | F:70,104,1,0,0.38,0,0,25.66,1,2.34",2080.01,29,60320.29,-44.66,-0.07,6.38,0.01,-44.66,-0.07,837.31,0.01
309,Exit short,2024-01-03 04:20,Short Exit,2064.13,42,86652.3,-41.16,-0.05,18.06,0.02,-41.16,-0.05,796.15,0.01
309,Entry short,2024-01-03 04:15," | F:70,82,0,1,0.82,0,0,62.32,1,0.83",2063.15,42,86652.3,-41.16,-0.05,18.06,0.02,-41.16,-0.05,796.15,0.01
310,Exit short,2024-01-04 09:25,Short Exit,2048.58,25,51169,-45.5,-0.09,40.5,0.08,-45.5,-0.09,750.65,0.01
310,Entry short,2024-01-04 08:25," | F:70,212,0,1,1.35,0,1,68.43,0,3.82",2046.76,25,51169,-45.5,-0.09,40.5,0.08,-45.5,-0.09,750.65,0.01
311,Exit long,2024-01-04 15:20,Long Exit,2043.2,28,57253.56,-43.96,-0.08,65.52,0.11,-43.96,-0.08,706.69,0.01
311,Entry long,2024-01-04 14:05," | F:70,78,2,0,0.85,0,0,32.86,0,1.48",2044.77,28,57253.56,-43.96,-0.08,65.52,0.11,-43.96,-0.08,706.69,0.01
312,Exit long,2024-01-05 01:30,Long Exit,2042.75,37,75623.93,-42.18,-0.06,28.49,0.04,-42.18,-0.06,664.51,0.01
312,Entry long,2024-01-05 01:05," | F:70,31,3,0,0.71,0,0,54.98,0,0.72",2043.89,37,75623.93,-42.18,-0.06,28.49,0.04,-42.18,-0.06,664.51,0.01
313,Exit long,2024-01-09 15:35,Long Exit,2036.54,30,60989.4,106.8,0.18,106.8,0.18,-2.7,0.00,771.31,0.01
313,Entry long,2024-01-09 15:25," | F:75,60,2,0,1.05,0,0,38.83,0,1.84",2032.98,30,60989.4,106.8,0.18,106.8,0.18,-2.7,0.00,771.31,0.01
314,Exit short,2024-01-10 19:50,Short Exit,2024.06,47,95264.77,133.95,0.14,133.95,0.14,-35.72,-0.04,905.26,0.01
314,Entry short,2024-01-10 19:00," | F:70,11,2,1,0.83,0,0,48.66,0,0.64",2026.91,47,95264.77,133.95,0.14,133.95,0.14,-35.72,-0.04,905.26,0.01
315,Exit short,2024-01-12 07:50,Short Exit,2035.09,63,128172.87,-37.8,-0.03,52.92,0.04,-37.8,-0.03,867.46,0.01
315,Entry short,2024-01-12 07:00," | F:50,20,0,1,0.61,0,1,57.14,0,1.35",2034.49,63,128172.87,-37.8,-0.03,52.92,0.04,-37.8,-0.03,867.46,0.01
316,Exit short,2024-01-15 15:10,Short Exit,2053.38,57,117003.9,-38.76,-0.03,17.1,0.01,-38.76,-0.03,828.7,0.01
316,Entry short,2024-01-15 15:00," | F:50,13,2,1,0.7,0,1,49.37,1,2.5",2052.7,57,117003.9,-38.76,-0.03,17.1,0.01,-38.76,-0.03,828.7,0.01
317,Exit long,2024-01-16 03:00,Long Exit,2050.69,39,80018.64,-41.73,-0.05,23.79,0.03,-41.73,-0.05,786.97,0.01
317,Entry long,2024-01-16 02:40," | F:75,76,0,0,2.06,0,0,35.89,1,1.48",2051.76,39,80018.64,-41.73,-0.05,23.79,0.03,-41.73,-0.05,786.97,0.01
318,Exit long,2024-01-17 05:30,Long Exit,2026.4,68,137831.24,-36.04,-0.03,16.32,0.01,-36.04,-0.03,750.93,0.01
318,Entry long,2024-01-17 05:20," | F:50,38,0,0,0.88,0,0,39.28,0,1.13",2026.93,68,137831.24,-36.04,-0.03,16.32,0.01,-36.04,-0.03,750.93,0.01
319,Exit short,2024-01-18 11:35,Short Exit,2012.88,45,90538.65,-40.95,-0.05,13.5,0.01,-40.95,-0.05,709.98,0.01
319,Entry short,2024-01-18 11:30," | F:55,21,1,1,0.8,0,1,59.01,0,1.28",2011.97,45,90538.65,-40.95,-0.05,13.5,0.01,-40.95,-0.05,709.98,0.01
320,Exit long,2024-01-18 18:30,Time Stop (Bars),2015.77,9,18110.25,31.68,0.17,48.42,0.27,-35.1,-0.19,741.66,0.01
320,Entry long,2024-01-18 15:30," | F:50,97,2,0,0.28,0,1,44.45,0,4.61",2012.25,9,18110.25,31.68,0.17,48.42,0.27,-35.1,-0.19,741.66,0.01
321,Exit short,2024-01-18 21:30,Short Exit,2020.48,45,90880.65,-40.95,-0.05,0.45,0.00,-40.95,-0.05,700.71,0.01
321,Entry short,2024-01-18 21:25," | F:50,7,2,1,0.74,0,1,61.44,0,0.87",2019.57,45,90880.65,-40.95,-0.05,0.45,0.00,-40.95,-0.05,700.71,0.01
322,Exit short,2024-01-22 14:40,Short Exit,2029,37,75030.08,-42.92,-0.06,28.49,0.04,-42.92,-0.06,657.79,0.01
322,Entry short,2024-01-22 14:25," | F:70,112,2,1,0.46,0,1,69.47,0,1.3",2027.84,37,75030.08,-42.92,-0.06,28.49,0.04,-42.92,-0.06,657.79,0.01
323,Exit short,2024-01-22 22:50,Short Exit,2020.72,96,193958.4,-30.72,-0.02,0.96,0.00,-30.72,-0.02,627.07,0.01
323,Entry short,2024-01-22 22:45," | F:70,11,2,1,0.87,0,0,49.07,0,0.68",2020.4,96,193958.4,-30.72,-0.02,0.96,0.00,-30.72,-0.02,627.07,0.01
324,Exit short,2024-01-23 04:15,Short Exit,2022.12,33,66686.73,-43.23,-0.06,6.27,0.01,-43.23,-0.06,583.84,0.01
324,Entry short,2024-01-23 04:05," | F:65,11,0,1,0.46,0,0,47.5,0,2.92",2020.81,33,66686.73,-43.23,-0.06,6.27,0.01,-43.23,-0.06,583.84,0.01
325,Exit short,2024-01-23 23:40,Short Exit,2029.03,122,247516.04,-25.62,-0.01,0,0.00,-25.62,-0.01,558.22,0.01
325,Entry short,2024-01-23 23:35," | F:50,17,3,1,1.75,0,1,58.45,0,0.49",2028.82,122,247516.04,-25.62,-0.01,0,0.00,-25.62,-0.01,558.22,0.01
326,Exit short,2024-01-24 08:25,Short Exit,2025.63,54,109344.6,-39.42,-0.04,120.96,0.11,-39.42,-0.04,518.8,0.01
326,Entry short,2024-01-24 06:45," | F:70,25,0,1,0.77,0,0,48.65,0,0.51",2024.9,54,109344.6,-39.42,-0.04,120.96,0.11,-39.42,-0.04,518.8,0.01
327,Exit long,2024-01-25 14:50,Long Exit,2013.47,26,52394.16,-43.94,-0.08,23.92,0.05,-43.94,-0.08,474.86,0.00
327,Entry long,2024-01-25 14:30," | F:55,38,2,0,0.85,0,0,38.42,0,1.26",2015.16,26,52394.16,-43.94,-0.08,23.92,0.05,-43.94,-0.08,474.86,0.00
328,Exit long,2024-01-26 11:00,Long Exit,2019.69,51,103044.48,-40.29,-0.04,116.79,0.11,-40.29,-0.04,434.57,0.00
328,Entry long,2024-01-26 09:15," | F:70,82,1,0,0.78,0,1,38.13,0,2.22",2020.48,51,103044.48,-40.29,-0.04,116.79,0.11,-40.29,-0.04,434.57,0.00
329,Exit long,2024-01-30 03:10,Long Exit,2031.42,47,95517.16,-40.42,-0.04,5.64,0.01,-40.42,-0.04,394.15,0.00
329,Entry long,2024-01-30 03:05," | F:65,11,0,0,0.47,0,1,51.66,1,2.31",2032.28,47,95517.16,-40.42,-0.04,5.64,0.01,-40.42,-0.04,394.15,0.00
330,Exit long,2024-01-30 16:05,Long Exit,2038.53,19,38627.57,104.5,0.27,104.5,0.27,-10.26,-0.03,498.65,0.00
330,Entry long,2024-01-30 13:25," | F:70,106,1,0,0.44,0,0,30.38,1,2.2",2033.03,19,38627.57,104.5,0.27,104.5,0.27,-10.26,-0.03,498.65,0.00
331,Exit long,2024-01-31 22:00,Long Exit,2038.94,9,18400.86,-50.4,-0.27,55.98,0.30,-50.4,-0.27,448.25,0.00
331,Entry long,2024-01-31 21:00," | F:75,65,2,0,1.11,0,1,28.05,1,8.36",2044.54,9,18400.86,-50.4,-0.27,55.98,0.30,-50.4,-0.27,448.25,0.00
332,Exit short,2024-02-02 07:05,Short Exit,2055.14,100,205484,-30,-0.01,0,0.00,-30,-0.01,418.25,0.00
332,Entry short,2024-02-02 07:00," | F:50,10,0,1,0.82,0,1,55.3,1,1.25",2054.84,100,205484,-30,-0.01,0,0.00,-30,-0.01,418.25,0.00
333,Exit short,2024-02-02 21:50,Short Exit,2038.34,47,95761.09,-40.89,-0.04,5.17,0.01,-40.89,-0.04,377.36,0.00
333,Entry short,2024-02-02 21:45," | F:70,13,2,1,0.82,0,0,55.01,1,1.29",2037.47,47,95761.09,-40.89,-0.04,5.17,0.01,-40.89,-0.04,377.36,0.00
334,Exit long,2024-02-05 22:40,Long Exit,2025.99,94,190274.8,168.26,0.09,168.26,0.09,-3.76,0.00,545.62,0.01
334,Entry long,2024-02-05 22:20," | F:65,33,2,0,1.05,0,0,42.28,0,0.8",2024.2,94,190274.8,168.26,0.09,168.26,0.09,-3.76,0.00,545.62,0.01
335,Exit short,2024-02-06 07:15,Short Exit,2026.85,62,125626.88,-37.82,-0.03,35.34,0.03,-37.82,-0.03,507.8,0.01
335,Entry short,2024-02-06 07:00," | F:70,37,0,1,0.67,0,1,63.49,0,2.47",2026.24,62,125626.88,-37.82,-0.03,35.34,0.03,-37.82,-0.03,507.8,0.01
336,Exit short,2024-02-06 11:00,Short Exit,2023.01,50,101287,136.5,0.13,136.5,0.13,-15,-0.01,644.3,0.01
336,Entry short,2024-02-06 10:25," | F:75,7,1,1,0.92,0,0,39.27,0,0.75",2025.74,50,101287,136.5,0.13,136.5,0.13,-15,-0.01,644.3,0.01
337,Exit long,2024-02-07 12:20,Long Exit,2033.1,82,166747.82,-33.62,-0.02,40.18,0.02,-33.62,-0.02,610.68,0.01
337,Entry long,2024-02-07 12:10," | F:75,11,1,0,1.08,0,0,48.11,1,0.87",2033.51,82,166747.82,-33.62,-0.02,40.18,0.02,-33.62,-0.02,610.68,0.01
338,Exit short,2024-02-07 16:40,Short Exit,2037.95,24,48865.68,-45.12,-0.09,84,0.17,-45.12,-0.09,565.56,0.01
338,Entry short,2024-02-07 16:05," | F:50,231,2,1,0.57,0,1,59.28,1,1.72",2036.07,24,48865.68,-45.12,-0.09,84,0.17,-45.12,-0.09,565.56,0.01
339,Exit long,2024-02-12 08:45,Long Exit,2023.72,143,289413.41,-21.45,-0.01,0,0.00,-21.45,-0.01,544.11,0.01
339,Entry long,2024-02-12 08:40," | F:45,8,0,0,0.72,0,0,54.05,0,0.85",2023.87,143,289413.41,-21.45,-0.01,0,0.00,-21.45,-0.01,544.11,0.01
340,Exit short,2024-02-14 10:30,Short Exit,1986.6,23,45794.84,103.04,0.23,103.04,0.23,-31.97,-0.07,647.15,0.01
340,Entry short,2024-02-14 09:00," | F:70,15,1,1,0.37,0,0,37.93,0,4.66",1991.08,23,45794.84,103.04,0.23,103.04,0.23,-31.97,-0.07,647.15,0.01
341,Exit long,2024-02-14 16:50,Long Exit,1988.75,20,39821.2,-46.2,-0.12,23.4,0.06,-46.2,-0.12,600.95,0.01
341,Entry long,2024-02-14 16:30," | F:50,7,2,0,0.62,0,0,52.39,0,3.34",1991.06,20,39821.2,-46.2,-0.12,23.4,0.06,-46.2,-0.12,600.95,0.01
342,Exit short,2024-02-14 18:25,Short Exit,1991.09,23,45749.99,-45.08,-0.10,14.95,0.03,-45.08,-0.10,555.87,0.01
342,Entry short,2024-02-14 18:10," | F:75,19,2,1,1.02,0,0,52.82,0,0.56",1989.13,23,45749.99,-45.08,-0.10,14.95,0.03,-45.08,-0.10,555.87,0.01
343,Exit short,2024-02-15 05:45,Short Exit,1991.44,72,143547.12,163.44,0.11,163.44,0.11,-33.12,-0.02,719.31,0.01
343,Entry short,2024-02-15 02:45," | F:45,69,0,1,3,0,1,59.55,0,2.39",1993.71,72,143547.12,163.44,0.11,163.44,0.11,-33.12,-0.02,719.31,0.01
344,Exit short,2024-02-16 17:05,Short Exit,2000.37,27,53965.17,-44.82,-0.08,95.04,0.18,-44.82,-0.08,674.49,0.01
344,Entry short,2024-02-16 16:40," | F:70,7,2,1,0.76,0,0,38.3,0,1.01",1998.71,27,53965.17,-44.82,-0.08,95.04,0.18,-44.82,-0.08,674.49,0.01
345,Exit short,2024-02-19 07:45,Short Exit,2020.84,44,88875.6,-41.36,-0.05,14.96,0.02,-41.36,-0.05,633.13,0.01
345,Entry short,2024-02-19 07:25," | F:50,22,0,1,0.88,0,1,53.78,1,1.17",2019.9,44,88875.6,-41.36,-0.05,14.96,0.02,-41.36,-0.05,633.13,0.01
346,Exit short,2024-02-21 01:40,Short Exit,2024.36,71,143694.06,-35.5,-0.02,12.07,0.01,-35.5,-0.02,597.63,0.01
346,Entry short,2024-02-21 01:15," | F:70,11,3,1,0.59,0,0,41.42,1,0.8",2023.86,71,143694.06,-35.5,-0.02,12.07,0.01,-35.5,-0.02,597.63,0.01
347,Exit short,2024-02-21 15:00,Short Exit,2029.98,55,111609.85,-39.05,-0.03,61.6,0.06,-39.05,-0.03,558.58,0.01
347,Entry short,2024-02-21 14:20," | F:55,17,2,1,0.43,0,1,58.1,1,1.85",2029.27,55,111609.85,-39.05,-0.03,61.6,0.06,-39.05,-0.03,558.58,0.01
348,Exit short,2024-02-21 15:25,Short Exit,2027.92,50,101532.5,136.5,0.13,136.5,0.13,0,0.00,695.08,0.01
348,Entry short,2024-02-21 15:15," | F:50,89,2,1,0.72,0,1,66.86,1,3.02",2030.65,50,101532.5,136.5,0.13,136.5,0.13,0,0.00,695.08,0.01
349,Exit long,2024-02-21 16:30,Long Exit,2027.48,38,77086.42,-42.18,-0.05,85.88,0.11,-42.18,-0.05,652.9,0.01
349,Entry long,2024-02-21 15:25," | F:70,21,2,0,0.58,0,1,45.56,1,1.99",2028.59,38,77086.42,-42.18,-0.05,85.88,0.11,-42.18,-0.05,652.9,0.01
350,Exit short,2024-02-22 02:35,Short Exit,2026.11,67,135712.52,-36.85,-0.03,16.75,0.01,-36.85,-0.03,616.05,0.01
350,Entry short,2024-02-22 02:20," | F:70,12,0,1,0.78,0,0,52.86,1,1.53",2025.56,67,135712.52,-36.85,-0.03,16.75,0.01,-36.85,-0.03,616.05,0.01
351,Exit long,2024-02-22 09:50,Long Exit,2031.63,45,91313.55,109.8,0.12,109.8,0.12,-29.25,-0.03,725.85,0.01
351,Entry long,2024-02-22 08:45," | F:70,10,0,0,0.74,0,1,53.22,1,1.15",2029.19,45,91313.55,109.8,0.12,109.8,0.12,-29.25,-0.03,725.85,0.01
352,Exit short,2024-02-22 20:05,Short Exit,2021.49,57,115361.73,136.8,0.12,136.8,0.12,-3.42,0.00,862.65,0.01
352,Entry short,2024-02-22 19:35," | F:70,32,2,1,1.22,0,0,58.76,1,0.63",2023.89,57,115361.73,136.8,0.12,136.8,0.12,-3.42,0.00,862.65,0.01
353,Exit long,2024-02-23 10:25,Long Exit,2020.13,78,157604.46,-34.32,-0.02,87.36,0.06,-34.32,-0.02,828.33,0.01
353,Entry long,2024-02-23 10:10," | F:50,13,1,0,0.78,0,0,42.76,1,1.11",2020.57,78,157604.46,-34.32,-0.02,87.36,0.06,-34.32,-0.02,828.33,0.01
354,Exit short,2024-02-23 17:50,Short Exit,2028.57,28,56754.88,-45.08,-0.08,38.08,0.07,-45.08,-0.08,783.25,0.01
354,Entry short,2024-02-23 17:00," | F:55,22,2,1,0.62,0,1,60.26,1,1.63",2026.96,28,56754.88,-45.08,-0.08,38.08,0.07,-45.08,-0.08,783.25,0.01
355,Exit short,2024-02-27 02:00,Short Exit,2031.55,58,117791.62,-38.28,-0.03,4.06,0.00,-38.28,-0.03,744.97,0.01
355,Entry short,2024-02-27 01:45," | F:45,17,3,1,0.35,0,1,47.13,1,1.42",2030.89,58,117791.62,-38.28,-0.03,4.06,0.00,-38.28,-0.03,744.97,0.01
356,Exit short,2024-02-27 15:45,Short Exit,2035.46,49,99872.29,134.75,0.13,134.75,0.13,-16.66,-0.02,879.72,0.01
356,Entry short,2024-02-27 14:00," | F:55,39,2,1,0.79,0,1,66.24,1,0.86",2038.21,49,99872.29,134.75,0.13,134.75,0.13,-16.66,-0.02,879.72,0.01
357,Exit long,2024-02-27 17:05,Long Exit,2033.5,29,59015.58,-44.08,-0.07,62.06,0.11,-44.08,-0.07,835.64,0.01
357,Entry long,2024-02-27 16:15," | F:70,88,2,0,0.51,0,1,42.14,1,0.88",2035.02,29,59015.58,-44.08,-0.07,62.06,0.11,-44.08,-0.07,835.64,0.01
358,Exit long,2024-02-27 19:05,Long Exit,2031.69,53,107718.79,-39.22,-0.04,93.28,0.09,-39.22,-0.04,796.42,0.01
358,Entry long,2024-02-27 18:15," | F:70,183,2,0,0.72,0,0,35.18,1,0.64",2032.43,53,107718.79,-39.22,-0.04,93.28,0.09,-39.22,-0.04,796.42,0.01
359,Exit long,2024-03-04 10:45,Long Exit,2083.45,27,56297.7,-44.55,-0.08,4.86,0.01,-44.55,-0.08,751.87,0.01
359,Entry long,2024-03-04 10:25," | F:65,18,1,0,0.44,0,1,52.1,1,1.44",2085.1,27,56297.7,-44.55,-0.08,4.86,0.01,-44.55,-0.08,751.87,0.01
360,Exit short,2024-03-05 02:05,Short Exit,2115.74,55,116326.65,-39.05,-0.03,47.85,0.04,-39.05,-0.03,712.82,0.01
360,Entry short,2024-03-05 01:40," | F:50,16,3,1,0.55,0,1,48.59,1,1.01",2115.03,55,116326.65,-39.05,-0.03,47.85,0.04,-39.05,-0.03,712.82,0.01
361,Exit short,2024-03-05 07:30,Short Exit,2116.68,70,148131.9,-35.7,-0.02,37.1,0.03,-35.7,-0.02,677.12,0.01
361,Entry short,2024-03-05 07:20," | F:45,88,0,1,0.89,0,1,66.58,1,0.97",2116.17,70,148131.9,-35.7,-0.02,37.1,0.03,-35.7,-0.02,677.12,0.01
362,Exit long,2024-03-05 14:05,Long Exit,2123.53,29,61626.74,-44.37,-0.07,0,0.00,-44.37,-0.07,632.75,0.01
362,Entry long,2024-03-05 14:00," | F:75,13,2,0,0.45,0,1,52.52,1,1.31",2125.06,29,61626.74,-44.37,-0.07,0,0.00,-44.37,-0.07,632.75,0.01
363,Exit long,2024-03-06 10:25,Long Exit,2126.44,29,61711.42,-44.66,-0.07,34.22,0.06,-44.66,-0.07,588.09,0.01
363,Entry long,2024-03-06 10:00," | F:65,16,1,0,0.64,0,1,48.83,1,2.15",2127.98,29,61711.42,-44.66,-0.07,34.22,0.06,-44.66,-0.07,588.09,0.01
364,Exit short,2024-03-06 13:30,Short Exit,2128.25,85,180868.1,-33.15,-0.02,8.5,0.00,-33.15,-0.02,554.94,0.01
364,Entry short,2024-03-06 13:25," | F:75,18,1,1,1.91,0,1,57.9,1,1.13",2127.86,85,180868.1,-33.15,-0.02,8.5,0.00,-33.15,-0.02,554.94,0.01
365,Exit long,2024-03-08 03:40,Long Exit,2158.33,70,151118.8,-35.7,-0.02,45.5,0.03,-35.7,-0.02,519.24,0.01
365,Entry long,2024-03-08 03:30," | F:70,41,0,0,0.34,0,1,40.19,1,1.48",2158.84,70,151118.8,-35.7,-0.02,45.5,0.03,-35.7,-0.02,519.24,0.01
366,Exit short,2024-03-08 06:15,Short Exit,2158.81,55,118695.5,-39.05,-0.03,2.75,0.00,-39.05,-0.03,480.19,0.00
366,Entry short,2024-03-08 06:10," | F:50,31,0,1,1.26,0,1,57.18,1,1.22",2158.1,55,118695.5,-39.05,-0.03,2.75,0.00,-39.05,-0.03,480.19,0.00
367,Exit long,2024-03-11 14:40,Long Exit,2176.82,23,50111.25,-44.39,-0.09,42.55,0.08,-44.39,-0.09,435.8,0.00
367,Entry long,2024-03-11 14:20," | F:70,12,2,0,0.52,0,1,51.59,1,2.66",2178.75,23,50111.25,-44.39,-0.09,42.55,0.08,-44.39,-0.09,435.8,0.00
368,Exit long,2024-03-12 19:25,Long Exit,2160.59,34,73503.24,-43.18,-0.06,23.12,0.03,-43.18,-0.06,392.62,0.00
368,Entry long,2024-03-12 19:15," | F:55,22,2,0,0.54,0,0,45.78,1,1.15",2161.86,34,73503.24,-43.18,-0.06,23.12,0.03,-43.18,-0.06,392.62,0.00
369,Exit short,2024-03-12 21:35,Short Exit,2155.6,68,146544.08,-36.72,-0.03,29.24,0.02,-36.72,-0.03,355.9,0.00
369,Entry short,2024-03-12 21:30," | F:70,12,2,1,0.89,0,0,45.58,1,0.58",2155.06,68,146544.08,-36.72,-0.03,29.24,0.02,-36.72,-0.03,355.9,0.00
370,Exit long,2024-03-13 07:35,Long Exit,2159.94,63,135937.62,138.6,0.10,138.6,0.10,-11.97,-0.01,494.5,0.00
370,Entry long,2024-03-13 06:30," | F:50,55,0,0,0.55,0,0,39.96,1,0.91",2157.74,63,135937.62,138.6,0.10,138.6,0.10,-11.97,-0.01,494.5,0.00
371,Exit short,2024-03-13 11:00,Time Stop (Bars),2158.2,30,64800,54,0.08,77.7,0.12,-31.5,-0.05,548.5,0.01
371,Entry short,2024-03-13 08:00," | F:70,38,0,1,0.85,0,0,57.66,1,1.87",2160,30,64800,54,0.08,77.7,0.12,-31.5,-0.05,548.5,0.01
372,Exit long,2024-03-13 21:50,Long Exit,2172.54,60,130390.2,-37.8,-0.03,7.8,0.01,-37.8,-0.03,510.7,0.01
372,Entry long,2024-03-13 21:45," | F:75,38,2,0,1.96,0,1,40.69,1,1.09",2173.17,60,130390.2,-37.8,-0.03,7.8,0.01,-37.8,-0.03,510.7,0.01
373,Exit short,2024-03-14 11:40,Short Exit,2171.56,59,128083.69,-38.35,-0.03,5.31,0.00,-38.35,-0.03,472.35,0.00
373,Entry short,2024-03-14 11:35," | F:70,57,1,1,0.53,0,1,63.11,1,0.99",2170.91,59,128083.69,-38.35,-0.03,5.31,0.00,-38.35,-0.03,472.35,0.00
374,Exit short,2024-03-14 14:30,Short Exit,2163.64,27,58522.5,104.22,0.18,104.22,0.18,-24.84,-0.04,576.57,0.01
374,Entry short,2024-03-14 14:10," | F:70,8,2,1,0.78,0,0,39.22,1,1.94",2167.5,27,58522.5,104.22,0.18,104.22,0.18,-24.84,-0.04,576.57,0.01
375,Exit short,2024-03-15 02:40,Short Exit,2162.01,53,114547.31,-39.22,-0.03,41.34,0.04,-39.22,-0.03,537.35,0.01
375,Entry short,2024-03-15 02:00," | F:70,18,0,1,0.73,0,0,44.5,1,4.67",2161.27,53,114547.31,-39.22,-0.03,41.34,0.04,-39.22,-0.03,537.35,0.01
376,Exit short,2024-03-15 02:50,Short Exit,2162.57,85,183785.3,-33.15,-0.02,5.1,0.00,-33.15,-0.02,504.2,0.01
376,Entry short,2024-03-15 02:45," | F:70,39,0,1,0.38,0,0,58.61,1,1.07",2162.18,85,183785.3,-33.15,-0.02,5.1,0.00,-33.15,-0.02,504.2,0.01
377,Exit short,2024-03-15 05:45,Short Exit,2164.42,71,153638.32,-35.5,-0.02,20.59,0.01,-35.5,-0.02,468.7,0.00
377,Entry short,2024-03-15 05:30," | F:70,25,0,1,0.83,0,1,62.49,1,0.78",2163.92,71,153638.32,-35.5,-0.02,20.59,0.01,-35.5,-0.02,468.7,0.00
378,Exit long,2024-03-15 13:25,Long Exit,2166.26,40,86692,-41.6,-0.05,10.4,0.01,-41.6,-0.05,427.1,0.00
378,Entry long,2024-03-15 13:10," | F:75,31,1,0,0.95,0,1,40.18,1,0.99",2167.3,40,86692,-41.6,-0.05,10.4,0.01,-41.6,-0.05,427.1,0.00
379,Exit long,2024-03-18 18:50,Long Exit,2160.55,25,53907.75,106,0.20,106,0.20,-19.75,-0.04,533.1,0.01
379,Entry long,2024-03-18 18:05," | F:75,75,2,0,0.54,0,1,42.59,1,1.06",2156.31,25,53907.75,106,0.20,106,0.20,-19.75,-0.04,533.1,0.01
380,Exit long,2024-03-18 22:45,Time Stop (Bars),2159.42,32,69097.6,3.84,0.01,51.84,0.08,-7.68,-0.01,536.94,0.01
380,Entry long,2024-03-18 19:45," | F:75,15,2,0,0.69,0,1,50.92,1,0.49",2159.3,32,69097.6,3.84,0.01,51.84,0.08,-7.68,-0.01,536.94,0.01
381,Exit long,2024-03-19 03:30,Long Exit,2160.03,54,116681.04,-39.42,-0.03,72.36,0.06,-39.42,-0.03,497.52,0.00
381,Entry long,2024-03-19 03:00," | F:70,36,0,0,1.19,0,1,40.7,1,2.98",2160.76,54,116681.04,-39.42,-0.03,72.36,0.06,-39.42,-0.03,497.52,0.00
382,Exit short,2024-03-19 13:55,Short Exit,2156.5,44,94844.64,-41.36,-0.04,21.12,0.02,-41.36,-0.04,456.16,0.00
382,Entry short,2024-03-19 13:45," | F:70,58,1,1,0.69,0,0,60.09,1,1.14",2155.56,44,94844.64,-41.36,-0.04,21.12,0.02,-41.36,-0.04,456.16,0.00
383,Exit long,2024-03-20 14:05,Long Exit,2153.68,98,211091.02,-30.38,-0.01,9.8,0.00,-30.38,-0.01,425.78,0.00
383,Entry long,2024-03-20 14:00," | F:45,6,2,0,0.79,0,0,48.13,1,1.9",2153.99,98,211091.02,-30.38,-0.01,9.8,0.00,-30.38,-0.01,425.78,0.00
384,Exit short,2024-03-20 15:20,Short Exit,2151.76,37,79722.42,107.3,0.13,107.3,0.13,-1.85,0.00,533.08,0.01
384,Entry short,2024-03-20 15:10," | F:70,42,2,1,0.32,0,0,55.81,1,1.21",2154.66,37,79722.42,107.3,0.13,107.3,0.13,-1.85,0.00,533.08,0.01
385,Exit long,2024-03-21 04:35,Long Exit,2202.62,19,41896.71,-46.93,-0.11,3.8,0.01,-46.93,-0.11,486.15,0.00
385,Entry long,2024-03-21 04:15," | F:65,5,0,0,0.67,0,1,58,1,0.36",2205.09,19,41896.71,-46.93,-0.11,3.8,0.01,-46.93,-0.11,486.15,0.00
386,Exit long,2024-03-21 17:25,Long Exit,2168.63,15,32576.55,-47.1,-0.14,39.75,0.12,-47.1,-0.14,439.05,0.00
386,Entry long,2024-03-21 17:05," | F:70,235,2,0,1.88,0,0,21.37,1,1.01",2171.77,15,32576.55,-47.1,-0.14,39.75,0.12,-47.1,-0.14,439.05,0.00
387,Exit short,2024-03-22 14:35,Short Exit,2174.48,26,56491.24,-45.24,-0.08,24.18,0.04,-45.24,-0.08,393.81,0.00
387,Entry short,2024-03-22 14:25," | F:70,74,2,1,1.11,0,0,69.73,1,2.19",2172.74,26,56491.24,-45.24,-0.08,24.18,0.04,-45.24,-0.08,393.81,0.00
388,Exit long,2024-03-25 05:10,Long Exit,2173.02,54,117382.5,-39.42,-0.03,28.08,0.02,-39.42,-0.03,354.39,0.00
388,Entry long,2024-03-25 05:05," | F:65,20,0,0,1.21,0,1,51.05,1,0.62",2173.75,54,117382.5,-39.42,-0.03,28.08,0.02,-39.42,-0.03,354.39,0.00
389,Exit short,2024-03-25 07:50,Short Exit,2170.66,46,99809.88,-40.48,-0.04,30.36,0.03,-40.48,-0.04,313.91,0.00
389,Entry short,2024-03-25 07:40," | F:70,16,0,1,0.78,0,0,47.07,1,1.57",2169.78,46,99809.88,-40.48,-0.04,30.36,0.03,-40.48,-0.04,313.91,0.00
390,Exit short,2024-03-25 11:40,Short Exit,2166.65,36,77956.2,-43.2,-0.06,41.76,0.05,-43.2,-0.06,270.71,0.00
390,Entry short,2024-03-25 11:00," | F:70,6,1,1,0.62,0,0,45.22,1,0.98",2165.45,36,77956.2,-43.2,-0.06,41.76,0.05,-43.2,-0.06,270.71,0.00
391,Exit long,2024-03-26 14:40,Long Exit,2191.75,29,63605.12,-44.37,-0.07,0,0.00,-44.37,-0.07,226.34,0.00
391,Entry long,2024-03-26 14:35," | F:75,28,2,0,0.47,0,1,47.25,1,1.54",2193.28,29,63605.12,-44.37,-0.07,0,0.00,-44.37,-0.07,226.34,0.00
392,Exit short,2024-04-03 18:20,Short Exit,2285.24,7,15945.93,-50.75,-0.32,27.51,0.17,-50.75,-0.32,175.59,0.00
392,Entry short,2024-04-03 17:00," | F:50,97,2,1,0.34,0,1,65.52,1,2.88",2277.99,7,15945.93,-50.75,-0.32,27.51,0.17,-50.75,-0.32,175.59,0.00
393,Exit long,2024-04-04 13:40,Long Exit,2292.48,70,160509.3,-35.7,-0.02,0,0.00,-35.7,-0.02,139.89,0.00
393,Entry long,2024-04-04 13:35," | F:75,12,1,0,1.42,0,0,47.65,1,0.59",2292.99,70,160509.3,-35.7,-0.02,0,0.00,-35.7,-0.02,139.89,0.00
394,Exit short,2024-04-09 17:10,Short Exit,2360.88,11,25923.26,-46.42,-0.18,38.17,0.15,-46.42,-0.18,93.47,0.00
394,Entry short,2024-04-09 16:35," | F:55,40,2,1,0.6,0,1,59.87,1,2.23",2356.66,11,25923.26,-46.42,-0.18,38.17,0.15,-46.42,-0.18,93.47,0.00
395,Exit short,2024-04-10 07:30,Short Exit,2354.21,26,61164.22,-45.24,-0.07,48.88,0.08,-45.24,-0.07,48.23,0.00
395,Entry short,2024-04-10 05:40," | F:50,30,0,1,0.68,0,1,60.92,1,1.14",2352.47,26,61164.22,-45.24,-0.07,48.88,0.08,-45.24,-0.07,48.23,0.00
396,Exit long,2024-04-10 15:25,Long Exit,2350,28,65695.84,104.16,0.16,104.16,0.16,-5.88,-0.01,152.39,0.00
396,Entry long,2024-04-10 14:15," | F:50,202,1,0,1.42,0,0,36.5,1,1.02",2346.28,28,65695.84,104.16,0.16,104.16,0.16,-5.88,-0.01,152.39,0.00
397,Exit short,2024-04-11 16:15,Short Exit,2344.37,18,42151.14,-47.52,-0.11,87.66,0.21,-47.52,-0.11,104.87,0.00
397,Entry short,2024-04-11 15:35," | F:70,85,2,1,0.47,0,1,64.97,1,2.93",2341.73,18,42151.14,-47.52,-0.11,87.66,0.21,-47.52,-0.11,104.87,0.00
398,Exit short,2024-04-15 18:55,Short Exit,2352.07,14,32882.36,-46.62,-0.14,57.82,0.18,-46.62,-0.14,58.25,0.00
398,Entry short,2024-04-15 18:30," | F:70,24,2,1,0.75,0,0,52.68,1,0.56",2348.74,14,32882.36,-46.62,-0.14,57.82,0.18,-46.62,-0.14,58.25,0.00
399,Exit long,2024-04-16 14:05,Long Exit,2373.75,29,68733.19,105.56,0.15,105.56,0.15,-32.19,-0.05,163.81,0.00
399,Entry long,2024-04-16 13:30," | F:55,13,1,0,0.97,0,0,45.1,1,1.92",2370.11,29,68733.19,105.56,0.15,105.56,0.15,-32.19,-0.05,163.81,0.00
400,Exit short,2024-04-17 04:10,Short Exit,2385.14,25,59583.75,-44.75,-0.08,27.75,0.05,-44.75,-0.08,119.06,0.00
400,Entry short,2024-04-17 04:00," | F:50,23,0,1,1.01,0,1,50.11,1,3.04",2383.35,25,59583.75,-44.75,-0.08,27.75,0.05,-44.75,-0.08,119.06,0.00
401,Exit long,2024-04-17 16:00,Long Exit,2385.69,20,47611,102.8,0.22,102.8,0.22,-23.4,-0.05,221.86,0.00
401,Entry long,2024-04-17 15:40," | F:75,61,2,0,0.76,0,0,27.29,1,1.84",2380.55,20,47611,102.8,0.22,102.8,0.22,-23.4,-0.05,221.86,0.00
402,Exit long,2024-04-18 03:00,Long Exit,2369.13,34,80444.34,106.08,0.13,106.08,0.13,-14.28,-0.02,327.94,0.00
402,Entry long,2024-04-18 02:35," | F:50,7,3,0,1.08,0,0,45.38,1,0.87",2366.01,34,80444.34,106.08,0.13,106.08,0.13,-14.28,-0.02,327.94,0.00
403,Exit long,2024-04-22 18:25,Long Exit,2334.4,24,56070.96,-45.36,-0.08,14.4,0.03,-45.36,-0.08,282.58,0.00
403,Entry long,2024-04-22 18:10," | F:50,11,2,0,0.82,0,0,42.55,0,0.81",2336.29,24,56070.96,-45.36,-0.08,14.4,0.03,-45.36,-0.08,282.58,0.00
404,Exit short,2024-04-24 16:15,Short Exit,2317.58,19,44140.42,106.4,0.24,106.4,0.24,-21.47,-0.05,388.98,0.00
404,Entry short,2024-04-24 16:05," | F:45,74,2,1,0.65,0,1,69.52,0,1.39",2323.18,19,44140.42,106.4,0.24,106.4,0.24,-21.47,-0.05,388.98,0.00
405,Exit long,2024-04-24 16:45,Long Exit,2317.18,15,34803.3,-45.6,-0.13,86.7,0.25,-45.6,-0.13,343.38,0.00
405,Entry long,2024-04-24 16:20," | F:65,10,2,0,1.2,0,1,54.96,0,1.23",2320.22,15,34803.3,-45.6,-0.13,86.7,0.25,-45.6,-0.13,343.38,0.00
406,Exit long,2024-04-26 20:00,Long Exit,2333,21,49039.62,-46.62,-0.10,14.91,0.03,-46.62,-0.10,296.76,0.00
406,Entry long,2024-04-26 19:35," | F:55,13,2,0,0.76,0,0,45.26,0,0.76",2335.22,21,49039.62,-46.62,-0.10,14.91,0.03,-46.62,-0.10,296.76,0.00
407,Exit long,2024-04-29 03:05,Long Exit,2335.33,51,119141.61,-39.78,-0.03,4.08,0.00,-39.78,-0.03,256.98,0.00
407,Entry long,2024-04-29 03:00," | F:50,9,0,0,0.71,0,0,50.85,0,1.63",2336.11,51,119141.61,-39.78,-0.03,4.08,0.00,-39.78,-0.03,256.98,0.00
408,Exit short,2024-04-29 10:10,Short Exit,2331.48,24,55909.68,-45.84,-0.08,16.08,0.03,-45.84,-0.08,211.14,0.00
408,Entry short,2024-04-29 10:00," | F:70,6,1,1,0.98,0,0,46.6,0,1.1",2329.57,24,55909.68,-45.84,-0.08,16.08,0.03,-45.84,-0.08,211.14,0.00
409,Exit long,2024-05-01 18:25,Long Exit,2307.15,15,34505.25,102,0.30,102,0.30,-13.05,-0.04,313.14,0.00
409,Entry long,2024-05-01 17:45," | F:75,20,2,0,0.63,0,1,48.35,0,0.87",2300.35,15,34505.25,102,0.30,102,0.30,-13.05,-0.04,313.14,0.00
410,Exit short,2024-05-01 19:50,Short Exit,2306.75,32,73772.16,-43.84,-0.06,62.72,0.09,-43.84,-0.06,269.3,0.00
410,Entry short,2024-05-01 19:30," | F:50,7,2,1,0.58,0,1,53.15,0,0.68",2305.38,32,73772.16,-43.84,-0.06,62.72,0.09,-43.84,-0.06,269.3,0.00
411,Exit short,2024-05-02 09:30,Short Exit,2318.38,25,57913.5,-46,-0.08,4,0.01,-46,-0.08,223.3,0.00
411,Entry short,2024-05-02 09:20," | F:50,18,0,1,0.47,0,1,49.47,0,2.27",2316.54,25,57913.5,-46,-0.08,4,0.01,-46,-0.08,223.3,0.00
412,Exit short,2024-05-02 18:05,Short Exit,2306.49,19,43776.57,-46.74,-0.11,1.9,0.00,-46.74,-0.11,176.56,0.00
412,Entry short,2024-05-02 18:00," | F:70,75,2,1,0.32,0,0,64.99,0,0.82",2304.03,19,43776.57,-46.74,-0.11,1.9,0.00,-46.74,-0.11,176.56,0.00
413,Exit short,2024-05-03 03:25,Short Exit,2300.98,40,92146.4,107.2,0.12,107.2,0.12,-7.2,-0.01,283.76,0.00
413,Entry short,2024-05-03 03:00," | F:50,21,0,1,0.85,0,0,51.18,0,4.03",2303.66,40,92146.4,107.2,0.12,107.2,0.12,-7.2,-0.01,283.76,0.00
414,Exit short,2024-05-03 06:05,Short Exit,2301.87,43,98939.13,-41.28,-0.04,35.26,0.04,-41.28,-0.04,242.48,0.00
414,Entry short,2024-05-03 05:40," | F:70,9,0,1,1.17,0,0,42.59,0,0.43",2300.91,43,98939.13,-41.28,-0.04,35.26,0.04,-41.28,-0.04,242.48,0.00
415,Exit long,2024-05-08 22:10,Long Exit,2311.32,60,138717.6,-38.4,-0.03,81.6,0.06,-38.4,-0.03,204.08,0.00
415,Entry long,2024-05-08 21:25," | F:75,52,2,0,1.55,0,0,33.91,0,0.89",2311.96,60,138717.6,-38.4,-0.03,81.6,0.06,-38.4,-0.03,204.08,0.00
416,Exit long,2024-05-09 06:10,Long Exit,2312.06,35,80815.7,106.4,0.13,106.4,0.13,-15.75,-0.02,310.48,0.00
416,Entry long,2024-05-09 05:10," | F:50,22,0,0,0.27,0,0,45.81,0,1.59",2309.02,35,80815.7,106.4,0.13,106.4,0.13,-15.75,-0.02,310.48,0.00
417,Exit long,2024-05-09 09:40,Long Exit,2314.48,38,87993.18,-42.94,-0.05,52.44,0.06,-42.94,-0.05,267.54,0.00
417,Entry long,2024-05-09 09:05," | F:70,14,0,0,0.37,0,1,51.35,1,1.23",2315.61,38,87993.18,-42.94,-0.05,52.44,0.06,-42.94,-0.05,267.54,0.00
418,Exit short,2024-05-09 11:15,Short Exit,2312.99,36,83224.44,-43.2,-0.05,0,0.00,-43.2,-0.05,224.34,0.00
418,Entry short,2024-05-09 11:10," | F:75,12,1,1,1.14,0,0,46.99,0,1.18",2311.79,36,83224.44,-43.2,-0.05,0,0.00,-43.2,-0.05,224.34,0.00
419,Exit long,2024-05-09 16:30,Long Exit,2319.49,20,46286.2,103.6,0.22,103.6,0.22,-7.6,-0.02,327.94,0.00
419,Entry long,2024-05-09 16:15," | F:70,21,2,0,0.42,0,1,40.27,1,1.86",2314.31,20,46286.2,103.6,0.22,103.6,0.22,-7.6,-0.02,327.94,0.00
420,Exit short,2024-05-15 15:25,Short Exit,2360.47,36,85084.2,107.28,0.13,107.28,0.13,-1.44,0.00,435.22,0.00
420,Entry short,2024-05-15 15:05," | F:50,10,2,1,1.31,0,1,40.35,1,1.79",2363.45,36,85084.2,107.28,0.13,107.28,0.13,-1.44,0.00,435.22,0.00
421,Exit long,2024-05-16 04:45,Long Exit,2391.42,17,40699.36,-45.22,-0.11,54.4,0.13,-45.22,-0.11,390,0.00
421,Entry long,2024-05-16 04:10," | F:70,14,0,0,1.06,0,1,59.16,1,2.14",2394.08,17,40699.36,-45.22,-0.11,54.4,0.13,-45.22,-0.11,390,0.00
422,Exit short,2024-05-16 18:35,Time Stop (Bars),2380.56,7,16658.04,-5.88,-0.04,62.09,0.37,-27.37,-0.16,384.12,0.00
422,Entry short,2024-05-16 15:35," | F:70,17,2,1,0.36,0,0,37.48,1,3.09",2379.72,7,16658.04,-5.88,-0.04,62.09,0.37,-27.37,-0.16,384.12,0.00
423,Exit long,2024-05-20 10:10,Long Exit,2443.52,13,31661.5,104.26,0.33,104.26,0.33,-10.66,-0.03,488.38,0.00
423,Entry long,2024-05-20 09:40," | F:70,40,0,0,0.55,0,1,38.75,1,1.34",2435.5,13,31661.5,104.26,0.33,104.26,0.33,-10.66,-0.03,488.38,0.00
424,Exit short,2024-05-21 04:30,Short Exit,2424.93,18,43749.9,101.16,0.23,101.16,0.23,0,0.00,589.54,0.01
424,Entry short,2024-05-21 04:25," | F:50,63,0,1,0.42,0,1,59.91,1,1.9",2430.55,18,43749.9,101.16,0.23,101.16,0.23,0,0.00,589.54,0.01
425,Exit long,2024-05-22 05:45,Long Exit,2420.49,32,77498.56,-42.88,-0.06,0,0.00,-42.88,-0.06,546.66,0.01
425,Entry long,2024-05-22 05:40," | F:70,13,0,0,1.02,0,0,46.61,1,1.09",2421.83,32,77498.56,-42.88,-0.06,0,0.00,-42.88,-0.06,546.66,0.01
426,Exit long,2024-05-23 08:30,Long Exit,2370.53,28,66419.08,-44.24,-0.07,20.16,0.03,-44.24,-0.07,502.42,0.01
426,Entry long,2024-05-23 08:10," | F:50,18,0,0,0.61,0,0,49.35,0,1",2372.11,28,66419.08,-44.24,-0.07,20.16,0.03,-44.24,-0.07,502.42,0.01
427,Exit short,2024-05-23 20:25,Short Exit,2335.58,20,46814,102.4,0.22,102.4,0.22,-23.6,-0.05,604.82,0.01
427,Entry short,2024-05-23 20:15," | F:70,8,2,1,0.83,0,0,40.3,0,0.8",2340.7,20,46814,102.4,0.22,102.4,0.22,-23.6,-0.05,604.82,0.01
428,Exit long,2024-05-24 03:10,Long Exit,2331.09,41,95616.1,-41.41,-0.04,5.33,0.01,-41.41,-0.04,563.41,0.01
428,Entry long,2024-05-24 03:00," | F:50,7,0,0,0.73,0,0,54.07,0,2.52",2332.1,41,95616.1,-41.41,-0.04,5.33,0.01,-41.41,-0.04,563.41,0.01
429,Exit short,2024-05-28 03:05,Short Exit,2352.75,68,159950.96,-36.04,-0.02,86.36,0.05,-36.04,-0.02,527.37,0.01
429,Entry short,2024-05-28 02:25," | F:50,11,3,1,1.41,0,1,47.6,0,0.9",2352.22,68,159950.96,-36.04,-0.02,86.36,0.05,-36.04,-0.02,527.37,0.01
430,Exit short,2024-05-28 17:45,Short Exit,2355.22,19,44701.68,-47.5,-0.11,0,0.00,-47.5,-0.11,479.87,0.00
430,Entry short,2024-05-28 17:35," | F:50,9,2,1,0.95,0,1,48.29,0,0.65",2352.72,19,44701.68,-47.5,-0.11,0,0.00,-47.5,-0.11,479.87,0.00
431,Exit long,2024-05-28 19:25,Long Exit,2358.13,33,77861.85,-43.56,-0.06,5.28,0.01,-43.56,-0.06,436.31,0.00
431,Entry long,2024-05-28 19:20," | F:75,10,2,0,0.89,0,1,56.39,0,0.76",2359.45,33,77861.85,-43.56,-0.06,5.28,0.01,-43.56,-0.06,436.31,0.00
432,Exit long,2024-05-29 14:45,Long Exit,2342.66,20,46899.8,-46.6,-0.10,9.4,0.02,-46.6,-0.10,389.71,0.00
432,Entry long,2024-05-29 14:20," | F:55,21,1,0,0.75,0,0,47.59,0,1.38",2344.99,20,46899.8,-46.6,-0.10,9.4,0.02,-46.6,-0.10,389.71,0.00
433,Exit short,2024-05-29 15:50,Short Exit,2338.96,31,72613.16,105.4,0.15,105.4,0.15,-16.74,-0.02,495.11,0.00
433,Entry short,2024-05-29 15:40," | F:70,13,2,1,0.85,0,0,46.13,0,0.9",2342.36,31,72613.16,105.4,0.15,105.4,0.15,-16.74,-0.02,495.11,0.00
434,Exit short,2024-05-29 16:30,Short Exit,2346.32,23,53920.51,-44.85,-0.08,24.61,0.05,-44.85,-0.08,450.26,0.00
434,Entry short,2024-05-29 16:25," | F:65,29,2,1,0.51,0,0,55.68,0,0.99",2344.37,23,53920.51,-44.85,-0.08,24.61,0.05,-44.85,-0.08,450.26,0.00
435,Exit long,2024-05-31 11:45,Long Exit,2343.19,42,98305.62,108.36,0.11,108.36,0.11,-9.66,-0.01,558.62,0.01
435,Entry long,2024-05-31 11:00," | F:50,54,1,0,0.68,0,0,36.89,0,0.99",2340.61,42,98305.62,108.36,0.11,108.36,0.11,-9.66,-0.01,558.62,0.01
436,Exit long,2024-06-04 14:15,Long Exit,2326.62,13,30292.6,-46.54,-0.15,60.06,0.20,-46.54,-0.15,512.08,0.01
436,Entry long,2024-06-04 12:10," | F:70,239,1,0,0.47,0,0,15.58,0,1.72",2330.2,13,30292.6,-46.54,-0.15,60.06,0.20,-46.54,-0.15,512.08,0.01
437,Exit long,2024-06-05 12:20,Time Stop (Bars),2333.26,16,37293.76,38.4,0.10,66.56,0.18,-29.12,-0.08,550.48,0.01
437,Entry long,2024-06-05 09:20," | F:70,57,0,0,0.61,0,0,31.96,0,1.92",2330.86,16,37293.76,38.4,0.10,66.56,0.18,-29.12,-0.08,550.48,0.01
438,Exit long,2024-06-06 10:40,Long Exit,2364.85,25,59167,-45.75,-0.08,1.25,0.00,-45.75,-0.08,504.73,0.01
438,Entry long,2024-06-06 10:30," | F:70,11,1,0,1.42,0,1,47.94,1,0.78",2366.68,25,59167,-45.75,-0.08,1.25,0.00,-45.75,-0.08,504.73,0.01
439,Exit short,2024-06-06 16:30,Short Exit,2365.2,12,28334.88,-47.52,-0.17,95.16,0.34,-47.52,-0.17,457.21,0.00
439,Entry short,2024-06-06 15:30," | F:55,60,2,1,0.92,0,1,53.76,1,4.17",2361.24,12,28334.88,-47.52,-0.17,95.16,0.34,-47.52,-0.17,457.21,0.00
440,Exit long,2024-06-07 08:40,Long Exit,2380.07,14,33369.98,-49,-0.15,11.2,0.03,-49,-0.15,408.21,0.00
440,Entry long,2024-06-07 08:20," | F:70,16,0,0,0.51,0,1,55.3,1,2.16",2383.57,14,33369.98,-49,-0.15,11.2,0.03,-49,-0.15,408.21,0.00
441,Exit long,2024-06-07 20:45,Long Exit,2305.35,23,53069.05,-46,-0.09,16.33,0.03,-46,-0.09,362.21,0.00
441,Entry long,2024-06-07 20:25," | F:55,17,2,0,0.62,0,0,41.55,0,1.44",2307.35,23,53069.05,-46,-0.09,16.33,0.03,-46,-0.09,362.21,0.00
442,Exit long,2024-06-13 01:20,Long Exit,2322.78,74,171921.24,-35.52,-0.02,11.84,0.01,-35.52,-0.02,326.69,0.00
442,Entry long,2024-06-13 01:10," | F:65,8,3,0,0.47,0,1,48.87,0,0.29",2323.26,74,171921.24,-35.52,-0.02,11.84,0.01,-35.52,-0.02,326.69,0.00
443,Exit short,2024-06-13 09:55,Short Exit,2314.42,19,43927.81,-46.17,-0.11,11.02,0.03,-46.17,-0.11,280.52,0.00
443,Entry short,2024-06-13 09:10," | F:70,26,0,1,0.45,0,0,50.72,0,1.68",2311.99,19,43927.81,-46.17,-0.11,11.02,0.03,-46.17,-0.11,280.52,0.00
444,Exit short,2024-06-18 15:30,Short Exit,2315.4,19,43945.29,-47.31,-0.11,30.21,0.07,-47.31,-0.11,233.21,0.00
444,Entry short,2024-06-18 15:20," | F:75,54,2,1,0.55,0,0,55.97,0,1.7",2312.91,19,43945.29,-47.31,-0.11,30.21,0.07,-47.31,-0.11,233.21,0.00
445,Exit long,2024-06-18 21:30,Long Exit,2330.68,45,104771.7,108.9,0.10,108.9,0.10,-4.95,0.00,342.11,0.00
445,Entry long,2024-06-18 21:15," | F:70,18,2,0,1.14,0,1,47.92,1,0.69",2328.26,45,104771.7,108.9,0.10,108.9,0.10,-4.95,0.00,342.11,0.00
446,Exit short,2024-06-19 06:10,Short Exit,2331.67,49,114211.16,-40.67,-0.04,29.89,0.03,-40.67,-0.04,301.44,0.00
446,Entry short,2024-06-19 06:05," | F:50,103,0,1,1,0,1,58.48,1,0.9",2330.84,49,114211.16,-40.67,-0.04,29.89,0.03,-40.67,-0.04,301.44,0.00
447,Exit long,2024-06-19 07:15,Long Exit,2327.48,68,158305.36,-36.72,-0.02,19.04,0.01,-36.72,-0.02,264.72,0.00
447,Entry long,2024-06-19 07:05," | F:65,33,0,0,1.21,0,1,36.96,1,0.51",2328.02,68,158305.36,-36.72,-0.02,19.04,0.01,-36.72,-0.02,264.72,0.00
448,Exit short,2024-06-21 11:15,Short Exit,2365.13,38,89832.38,-42.56,-0.05,30.78,0.03,-42.56,-0.05,222.16,0.00
448,Entry short,2024-06-21 11:05," | F:50,27,1,1,0.9,0,1,63.72,1,0.84",2364.01,38,89832.38,-42.56,-0.05,30.78,0.03,-42.56,-0.05,222.16,0.00
449,Exit long,2024-06-24 07:00,Time Stop (Bars),2325.27,17,39467.54,62.05,0.16,84.15,0.21,-35.7,-0.09,284.21,0.00
449,Entry long,2024-06-24 04:00," | F:50,7,0,0,1.1,0,0,57.74,0,4.2",2321.62,17,39467.54,62.05,0.16,84.15,0.21,-35.7,-0.09,284.21,0.00
450,Exit long,2024-06-26 03:10,Long Exit,2321.55,60,139155,138,0.10,138,0.10,-35.4,-0.03,422.21,0.00
450,Entry long,2024-06-26 02:20," | F:50,23,3,0,0.76,0,0,45.99,0,0.83",2319.25,60,139155,138,0.10,138,0.10,-35.4,-0.03,422.21,0.00
451,Exit short,2024-07-02 11:50,Short Exit,2332,27,62918.64,-45.36,-0.07,54.54,0.09,-45.36,-0.07,376.85,0.00
451,Entry short,2024-07-02 11:20," | F:70,65,1,1,0.39,0,1,57.29,1,0.77",2330.32,27,62918.64,-45.36,-0.07,54.54,0.09,-45.36,-0.07,376.85,0.00
452,Exit short,2024-07-02 15:50,Short Exit,2326.97,36,83728.44,-42.48,-0.05,0.36,0.00,-42.48,-0.05,334.37,0.00
452,Entry short,2024-07-02 15:45," | F:75,38,2,1,1.39,0,0,59.98,0,1.18",2325.79,36,83728.44,-42.48,-0.05,0.36,0.00,-42.48,-0.05,334.37,0.00
453,Exit long,2024-07-03 03:10,Long Exit,2331.47,106,246965.16,170.66,0.07,170.66,0.07,-9.54,0.00,505.03,0.01
453,Entry long,2024-07-03 02:30," | F:70,19,3,0,1.08,0,1,48.17,1,0.49",2329.86,106,246965.16,170.66,0.07,170.66,0.07,-9.54,0.00,505.03,0.01
454,Exit long,2024-07-04 03:50,Long Exit,2358.74,85,200325.45,167.45,0.08,167.45,0.08,-9.35,0.00,672.48,0.01
454,Entry long,2024-07-04 03:10," | F:70,21,0,0,0.3,0,1,42.19,1,1.78",2356.77,85,200325.45,167.45,0.08,167.45,0.08,-9.35,0.00,672.48,0.01
455,Exit long,2024-07-04 17:15,Long Exit,2360.04,56,132025.04,137.2,0.10,137.2,0.10,-22.96,-0.02,809.68,0.01
455,Entry long,2024-07-04 15:35," | F:75,29,2,0,0.67,0,1,45.01,1,0.99",2357.59,56,132025.04,137.2,0.10,137.2,0.10,-22.96,-0.02,809.68,0.01
456,Exit long,2024-07-09 04:10,Long Exit,2364.4,40,94468.8,107.2,0.11,107.2,0.11,-18,-0.02,916.88,0.01
456,Entry long,2024-07-09 03:35," | F:45,14,0,0,0.4,0,0,55.9,1,1.8",2361.72,40,94468.8,107.2,0.11,107.2,0.11,-18,-0.02,916.88,0.01
457,Exit short,2024-07-09 16:25,Short Exit,2364.19,10,23595.7,-46.2,-0.20,0.1,0.00,-46.2,-0.20,870.68,0.01
457,Entry short,2024-07-09 16:05," | F:75,27,2,1,0.66,0,0,48.49,1,3.19",2359.57,10,23595.7,-46.2,-0.20,0.1,0.00,-46.2,-0.20,870.68,0.01
458,Exit long,2024-07-10 04:15,Long Exit,2366.94,47,111110.82,135.36,0.12,135.36,0.12,-3.76,0.00,1006.04,0.01
458,Entry long,2024-07-10 04:10," | F:70,34,0,0,0.41,0,1,40.93,1,2.28",2364.06,47,111110.82,135.36,0.12,135.36,0.12,-3.76,0.00,1006.04,0.01
459,Exit long,2024-07-11 03:45,Long Exit,2373.95,77,182628.6,165.55,0.09,165.55,0.09,-8.47,0.00,1171.59,0.01
459,Entry long,2024-07-11 03:15," | F:50,25,0,0,1.15,0,0,42.86,1,1.81",2371.8,77,182628.6,165.55,0.09,165.55,0.09,-8.47,0.00,1171.59,0.01
460,Exit long,2024-07-11 09:30,Long Exit,2379.79,42,99993.18,-42,-0.04,20.16,0.02,-42,-0.04,1129.59,0.01
460,Entry long,2024-07-11 09:20," | F:70,25,0,0,0.58,0,1,47.23,1,1.99",2380.79,42,99993.18,-42,-0.04,20.16,0.02,-42,-0.04,1129.59,0.01
461,Exit short,2024-07-11 11:05,Short Exit,2381.9,52,123818.76,-40.04,-0.03,110.24,0.09,-40.04,-0.03,1089.55,0.01
461,Entry short,2024-07-11 10:30," | F:45,17,1,1,0.95,0,1,52.58,1,0.91",2381.13,52,123818.76,-40.04,-0.03,110.24,0.09,-40.04,-0.03,1089.55,0.01
462,Exit short,2024-07-12 11:20,Short Exit,2406.38,24,57708.48,-44.64,-0.08,12.96,0.02,-44.64,-0.08,1044.91,0.01
462,Entry short,2024-07-12 11:10," | F:70,22,1,1,0.95,0,0,48.81,1,0.88",2404.52,24,57708.48,-44.64,-0.08,12.96,0.02,-44.64,-0.08,1044.91,0.01
463,Exit short,2024-07-12 19:20,Short Exit,2414.48,37,89293.58,-42.18,-0.05,8.51,0.01,-42.18,-0.05,1002.73,0.01
463,Entry short,2024-07-12 19:10," | F:50,195,2,1,0.85,0,1,65.57,1,0.94",2413.34,37,89293.58,-42.18,-0.05,8.51,0.01,-42.18,-0.05,1002.73,0.01
464,Exit long,2024-07-16 12:15,Long Exit,2438.82,28,68181.68,105.28,0.15,105.28,0.15,-35.84,-0.05,1108.01,0.01
464,Entry long,2024-07-16 11:10," | F:75,13,1,0,0.6,0,1,54.29,1,1.01",2435.06,28,68181.68,105.28,0.15,105.28,0.15,-35.84,-0.05,1108.01,0.01
465,Exit long,2024-07-16 22:55,Long Exit,2467.37,35,86251.55,106.4,0.12,106.4,0.12,-2.45,0.00,1214.41,0.01
465,Entry long,2024-07-16 22:20," | F:70,10,2,0,0.57,0,1,52.47,1,1.21",2464.33,35,86251.55,106.4,0.12,106.4,0.12,-2.45,0.00,1214.41,0.01
466,Exit long,2024-07-17 09:00,Long Exit,2463.87,16,39468.64,-46.72,-0.12,94.08,0.24,-46.72,-0.12,1167.69,0.01
466,Entry long,2024-07-17 06:30," | F:70,86,0,0,0.63,0,1,34.85,1,0.8",2466.79,16,39468.64,-46.72,-0.12,94.08,0.24,-46.72,-0.12,1167.69,0.01
467,Exit short,2024-07-17 13:25,Short Exit,2475.37,28,69266.12,-44.24,-0.06,36.4,0.05,-44.24,-0.06,1123.45,0.01
467,Entry short,2024-07-17 13:00," | F:55,14,1,1,0.84,0,1,54.99,1,0.81",2473.79,28,69266.12,-44.24,-0.06,36.4,0.05,-44.24,-0.06,1123.45,0.01
468,Exit long,2024-07-17 17:10,Long Exit,2471.15,10,24760.1,-48.6,-0.20,76.2,0.31,-48.6,-0.20,1074.85,0.01
468,Entry long,2024-07-17 16:30," | F:70,18,2,0,0.76,0,1,56.99,1,2.36",2476.01,10,24760.1,-48.6,-0.20,76.2,0.31,-48.6,-0.20,1074.85,0.01
469,Exit short,2024-07-18 06:35,Short Exit,2468.36,44,108566.92,-40.92,-0.04,91.52,0.08,-40.92,-0.04,1033.93,0.01
469,Entry short,2024-07-18 06:05," | F:75,137,0,1,2.36,0,1,70.23,1,1.1",2467.43,44,108566.92,-40.92,-0.04,91.52,0.08,-40.92,-0.04,1033.93,0.01
470,Exit short,2024-07-19 08:25,Short Exit,2425.98,28,67883.48,-43.96,-0.06,4.48,0.01,-43.96,-0.06,989.97,0.01
470,Entry short,2024-07-19 08:15," | F:65,7,0,1,0.47,0,0,42.95,1,2.76",2424.41,28,67883.48,-43.96,-0.06,4.48,0.01,-43.96,-0.06,989.97,0.01
471,Exit short,2024-07-22 04:30,Short Exit,2411.65,34,81952.92,-43.18,-0.05,0,0.00,-43.18,-0.05,946.79,0.01
471,Entry short,2024-07-22 04:25," | F:70,19,0,1,0.6,0,1,58.67,0,1.55",2410.38,34,81952.92,-43.18,-0.05,0,0.00,-43.18,-0.05,946.79,0.01
472,Exit long,2024-07-22 14:35,Long Exit,2401.97,39,93718.56,-41.73,-0.04,58.11,0.06,-41.73,-0.04,905.06,0.01
472,Entry long,2024-07-22 14:25," | F:55,23,1,0,1,0,0,42.03,0,0.93",2403.04,39,93718.56,-41.73,-0.04,58.11,0.06,-41.73,-0.04,905.06,0.01
473,Exit long,2024-07-23 06:10,Long Exit,2396.49,37,88712.68,-42.55,-0.05,21.83,0.02,-42.55,-0.05,862.51,0.01
473,Entry long,2024-07-23 06:05," | F:65,33,0,0,0.75,0,0,37.7,0,1.16",2397.64,37,88712.68,-42.55,-0.05,21.83,0.02,-42.55,-0.05,862.51,0.01
474,Exit short,2024-07-23 22:20,Short Exit,2408.12,22,52932.22,-46.42,-0.09,77.22,0.15,-46.42,-0.09,816.09,0.01
474,Entry short,2024-07-23 20:25," | F:50,56,2,1,0.78,0,1,52.97,0,1.45",2406.01,22,52932.22,-46.42,-0.09,77.22,0.15,-46.42,-0.09,816.09,0.01
475,Exit long,2024-07-24 20:50,Long Exit,2411.47,33,79621.41,-42.9,-0.05,1.32,0.00,-42.9,-0.05,773.19,0.01
475,Entry long,2024-07-24 20:45," | F:70,76,2,0,0.94,0,0,25.74,1,1.05",2412.77,33,79621.41,-42.9,-0.05,1.32,0.00,-42.9,-0.05,773.19,0.01
476,Exit short,2024-07-25 13:35,Short Exit,2376.2,18,42724.26,-47.34,-0.11,30.96,0.07,-47.34,-0.11,725.85,0.01
476,Entry short,2024-07-25 12:45," | F:75,12,1,1,0.67,0,0,49.08,0,0.79",2373.57,18,42724.26,-47.34,-0.11,30.96,0.07,-47.34,-0.11,725.85,0.01
477,Exit long,2024-07-26 03:40,Long Exit,2363.29,36,85120.56,-42.12,-0.05,11.52,0.01,-42.12,-0.05,683.73,0.01
477,Entry long,2024-07-26 03:30," | F:45,10,0,0,0.44,0,0,55.15,0,1.38",2364.46,36,85120.56,-42.12,-0.05,11.52,0.01,-42.12,-0.05,683.73,0.01
478,Exit short,2024-07-26 09:15,Short Exit,2368.48,22,52209.96,103.4,0.20,103.4,0.20,-37.62,-0.07,787.13,0.01
478,Entry short,2024-07-26 08:35," | F:50,27,0,1,1.38,0,1,58.45,0,2.11",2373.18,22,52209.96,103.4,0.20,103.4,0.20,-37.62,-0.07,787.13,0.01
479,Exit long,2024-07-29 14:10,Long Exit,2391.06,38,90902.08,-41.8,-0.05,12.16,0.01,-41.8,-0.05,745.33,0.01
479,Entry long,2024-07-29 14:00," | F:75,16,1,0,0.6,0,1,47.72,0,1.42",2392.16,38,90902.08,-41.8,-0.05,12.16,0.01,-41.8,-0.05,745.33,0.01
480,Exit short,2024-07-29 15:55,Short Exit,2393.37,18,43035.3,-45.36,-0.11,18.18,0.04,-45.36,-0.11,699.97,0.01
480,Entry short,2024-07-29 15:40," | F:55,23,2,1,1.21,0,1,51.79,0,1.08",2390.85,18,43035.3,-45.36,-0.11,18.18,0.04,-45.36,-0.11,699.97,0.01
481,Exit short,2024-07-30 16:00,Short Exit,2388.37,21,50109.15,-46.62,-0.09,11.97,0.02,-46.62,-0.09,653.35,0.01
481,Entry short,2024-07-30 15:20," | F:65,6,2,1,0.82,0,0,35.6,0,2.18",2386.15,21,50109.15,-46.62,-0.09,11.97,0.02,-46.62,-0.09,653.35,0.01
482,Exit long,2024-07-31 07:05,Long Exit,2415.48,36,86999.4,-42.12,-0.05,3.24,0.00,-42.12,-0.05,611.23,0.01
482,Entry long,2024-07-31 07:00," | F:70,8,0,0,0.84,0,1,67.43,1,2.58",2416.65,36,86999.4,-42.12,-0.05,3.24,0.00,-42.12,-0.05,611.23,0.01
483,Exit long,2024-07-31 21:30,Long Exit,2425.76,34,82369.76,106.08,0.13,106.08,0.13,-19.38,-0.02,717.31,0.01
483,Entry long,2024-07-31 21:15," | F:70,34,2,0,0.97,0,1,37.36,1,1.47",2422.64,34,82369.76,106.08,0.13,106.08,0.13,-19.38,-0.02,717.31,0.01
484,Exit long,2024-08-05 08:45,Long Exit,2437.62,9,21988.71,-50.13,-0.23,10.62,0.05,-50.13,-0.23,667.18,0.01
484,Entry long,2024-08-05 08:35," | F:70,36,0,0,0.71,0,1,36.98,1,2.13",2443.19,9,21988.71,-50.13,-0.23,10.62,0.05,-50.13,-0.23,667.18,0.01
485,Exit short,2024-08-07 04:05,Short Exit,2387.45,21,50091.09,-45.36,-0.09,2.52,0.01,-45.36,-0.09,621.82,0.01
485,Entry short,2024-08-07 04:00," | F:70,20,0,1,0.71,0,0,50.7,0,2.55",2385.29,21,50091.09,-45.36,-0.09,2.52,0.01,-45.36,-0.09,621.82,0.01
486,Exit short,2024-08-09 04:40,Short Exit,2425.74,33,80005.86,-43.56,-0.05,36.3,0.05,-43.56,-0.05,578.26,0.01
486,Entry short,2024-08-09 04:30," | F:50,30,0,1,0.54,0,1,53.55,1,1.62",2424.42,33,80005.86,-43.56,-0.05,36.3,0.05,-43.56,-0.05,578.26,0.01
487,Exit long,2024-08-13 11:35,Long Exit,2460.34,36,88615.44,-43.2,-0.05,48.96,0.06,-43.2,-0.05,535.06,0.01
487,Entry long,2024-08-13 11:15," | F:65,31,1,0,0.81,0,0,42.88,1,0.93",2461.54,36,88615.44,-43.2,-0.05,48.96,0.06,-43.2,-0.05,535.06,0.01
488,Exit short,2024-08-13 14:10,Short Exit,2463.4,25,61540.5,-44.5,-0.07,57.5,0.09,-44.5,-0.07,490.56,0.00
488,Entry short,2024-08-13 13:25," | F:55,30,1,1,1.25,0,1,52.72,1,1.07",2461.62,25,61540.5,-44.5,-0.07,57.5,0.09,-44.5,-0.07,490.56,0.00
489,Exit long,2024-08-14 21:40,Long Exit,2445.82,27,65931.3,105.84,0.16,105.84,0.16,-40.77,-0.06,596.4,0.01
489,Entry long,2024-08-14 20:20," | F:55,10,2,0,1.5,0,0,37.51,1,1.09",2441.9,27,65931.3,105.84,0.16,105.84,0.16,-40.77,-0.06,596.4,0.01
490,Exit short,2024-08-16 02:30,Short Exit,2456.19,54,132595.38,-38.88,-0.03,4.32,0.00,-38.88,-0.03,557.52,0.01
490,Entry short,2024-08-16 02:15," | F:45,16,3,1,0.87,0,1,49.09,1,3.15",2455.47,54,132595.38,-38.88,-0.03,4.32,0.00,-38.88,-0.03,557.52,0.01
491,Exit long,2024-08-16 14:55,Long Exit,2471.21,24,59205.36,103.68,0.18,103.68,0.18,-3.12,-0.01,661.2,0.01
491,Entry long,2024-08-16 14:35," | F:75,9,1,0,1.08,0,1,55.58,1,0.79",2466.89,24,59205.36,103.68,0.18,103.68,0.18,-3.12,-0.01,661.2,0.01
492,Exit long,2024-08-19 01:00,Long Exit,2505.38,22,55163.46,-45.1,-0.08,57.42,0.10,-45.1,-0.08,616.1,0.01
492,Entry long,2024-08-16 23:30," | F:70,10,2,0,0.5,0,1,62.61,1,0.64",2507.43,22,55163.46,-45.1,-0.08,57.42,0.10,-45.1,-0.08,616.1,0.01
493,Exit short,2024-08-19 07:00,Time Stop (Bars),2503.16,9,22507.74,-20.7,-0.09,53.82,0.24,-44.55,-0.20,595.4,0.01
493,Entry short,2024-08-19 04:00," | F:50,10,0,1,1.01,0,1,33.04,1,5.49",2500.86,9,22507.74,-20.7,-0.09,53.82,0.24,-44.55,-0.20,595.4,0.01
494,Exit long,2024-08-20 18:00,Long Exit,2520.34,17,42891.34,-45.56,-0.11,93.84,0.22,-45.56,-0.11,549.84,0.01
494,Entry long,2024-08-20 17:25," | F:75,66,2,0,0.53,0,1,41.48,1,1.39",2523.02,17,42891.34,-45.56,-0.11,93.84,0.22,-45.56,-0.11,549.84,0.01
495,Exit long,2024-08-21 12:50,Long Exit,2505.13,31,77703.05,-44.02,-0.06,85.56,0.11,-44.02,-0.06,505.82,0.01
495,Entry long,2024-08-21 12:05," | F:55,185,1,0,1.09,0,0,31.89,1,0.99",2506.55,31,77703.05,-44.02,-0.06,85.56,0.11,-44.02,-0.06,505.82,0.01
496,Exit short,2024-08-21 16:30,Short Exit,2503.34,16,40157.76,104.32,0.26,104.32,0.26,-12,-0.03,610.14,0.01
496,Entry short,2024-08-21 16:05," | F:70,10,2,1,1.2,0,0,49.98,1,1.25",2509.86,16,40157.76,104.32,0.26,104.32,0.26,-12,-0.03,610.14,0.01
497,Exit long,2024-08-22 03:05,Long Exit,2512.14,40,100527.2,-41.6,-0.04,0.8,0.00,-41.6,-0.04,568.54,0.01
497,Entry long,2024-08-22 03:00," | F:70,24,0,0,2.38,0,1,52.05,1,3.69",2513.18,40,100527.2,-41.6,-0.04,0.8,0.00,-41.6,-0.04,568.54,0.01
498,Exit long,2024-08-23 06:15,Long Exit,2491.61,30,74642.1,106.2,0.14,106.2,0.14,-7.2,-0.01,674.74,0.01
498,Entry long,2024-08-23 05:45," | F:50,32,0,0,0.65,0,0,46.96,1,1.02",2488.07,30,74642.1,106.2,0.14,106.2,0.14,-7.2,-0.01,674.74,0.01
499,Exit short,2024-08-23 22:00,Short Exit,2507.82,38,95405.84,108.68,0.11,108.68,0.11,-32.68,-0.03,783.42,0.01
499,Entry short,2024-08-23 21:20," | F:50,8,2,1,0.78,0,1,51.13,1,0.67",2510.68,38,95405.84,108.68,0.11,108.68,0.11,-32.68,-0.03,783.42,0.01
500,Exit short,2024-08-26 09:40,Short Exit,2514.58,29,72878.45,-44.37,-0.06,6.96,0.01,-44.37,-0.06,739.05,0.01
500,Entry short,2024-08-26 09:30," | F:50,49,0,1,0.96,0,1,63.47,1,1.71",2513.05,29,72878.45,-44.37,-0.06,6.96,0.01,-44.37,-0.06,739.05,0.01
501,Exit short,2024-08-26 10:10,Short Exit,2516.59,43,108172.09,-41.28,-0.04,25.37,0.02,-41.28,-0.04,697.77,0.01
501,Entry short,2024-08-26 10:05," | F:50,79,1,1,0.74,0,1,71.28,1,1.15",2515.63,43,108172.09,-41.28,-0.04,25.37,0.02,-41.28,-0.04,697.77,0.01
502,Exit short,2024-08-27 08:20,Short Exit,2509.41,45,112882.95,-40.5,-0.04,108,0.10,-40.5,-0.04,657.27,0.01
502,Entry short,2024-08-27 07:00," | F:65,25,0,1,0.51,0,0,50.15,1,0.91",2508.51,45,112882.95,-40.5,-0.04,108,0.10,-40.5,-0.04,657.27,0.01
503,Exit short,2024-08-27 08:40,Short Exit,2511.88,51,128066.1,-39.78,-0.03,1.53,0.00,-39.78,-0.03,617.49,0.01
503,Entry short,2024-08-27 08:35," | F:70,48,0,1,1.25,0,0,66.73,1,1.79",2511.1,51,128066.1,-39.78,-0.03,1.53,0.00,-39.78,-0.03,617.49,0.01
504,Exit short,2024-08-29 12:50,Short Exit,2520.35,24,60444,-44.4,-0.07,16.32,0.03,-44.4,-0.07,573.09,0.01
504,Entry short,2024-08-29 12:35," | F:50,38,1,1,0.59,0,1,55.39,1,0.84",2518.5,24,60444,-44.4,-0.07,16.32,0.03,-44.4,-0.07,573.09,0.01
505,Exit long,2024-08-29 15:30,Long Exit,2518.32,39,98107.62,106.86,0.11,106.86,0.11,0,0.00,679.95,0.01
505,Entry long,2024-08-29 15:25," | F:70,88,2,0,0.66,0,1,31.11,1,1.38",2515.58,39,98107.62,106.86,0.11,106.86,0.11,0,0.00,679.95,0.01
506,Exit short,2024-08-30 06:25,Short Exit,2513.91,39,98150.91,108.42,0.11,108.42,0.11,-9.36,-0.01,788.37,0.01
506,Entry short,2024-08-30 05:40," | F:70,13,0,1,1.41,0,0,48.68,1,1.29",2516.69,39,98150.91,108.42,0.11,108.42,0.11,-9.36,-0.01,788.37,0.01
507,Exit short,2024-08-30 07:25,Short Exit,2514.42,43,108078.35,-41.71,-0.04,23.65,0.02,-41.71,-0.04,746.66,0.01
507,Entry short,2024-08-30 07:10," | F:70,8,0,1,0.56,0,0,42.27,1,0.93",2513.45,43,108078.35,-41.71,-0.04,23.65,0.02,-41.71,-0.04,746.66,0.01
508,Exit short,2024-08-30 12:10,Short Exit,2526.68,19,47961.13,-45.79,-0.10,44.46,0.09,-45.79,-0.10,700.87,0.01
508,Entry short,2024-08-30 11:35," | F:50,169,1,1,0.77,0,1,64.07,1,0.9",2524.27,19,47961.13,-45.79,-0.10,44.46,0.09,-45.79,-0.10,700.87,0.01
509,Exit short,2024-09-02 10:30,Short Exit,2499.17,34,84928.26,-43.52,-0.05,2.38,0.00,-43.52,-0.05,657.35,0.01
509,Entry short,2024-09-02 10:25," | F:70,8,1,1,0.83,0,0,51.88,0,0.86",2497.89,34,84928.26,-43.52,-0.05,2.38,0.00,-43.52,-0.05,657.35,0.01
510,Exit long,2024-09-03 14:40,Long Exit,2494.71,37,92346.45,-42.18,-0.05,12.21,0.01,-42.18,-0.05,615.17,0.01
510,Entry long,2024-09-03 14:30," | F:55,11,1,0,0.84,0,0,39.68,0,0.92",2495.85,37,92346.45,-42.18,-0.05,12.21,0.01,-42.18,-0.05,615.17,0.01
511,Exit long,2024-09-04 03:30,Long Exit,2492.5,26,64849.72,-44.72,-0.07,7.02,0.01,-44.72,-0.07,570.45,0.01
511,Entry long,2024-09-04 03:15," | F:70,14,0,0,0.65,0,1,57.76,0,1.66",2494.22,26,64849.72,-44.72,-0.07,7.02,0.01,-44.72,-0.07,570.45,0.01
512,Exit long,2024-09-04 10:40,Long Exit,2483.25,17,42263.19,-47.94,-0.11,0.34,0.00,-47.94,-0.11,522.51,0.01
512,Entry long,2024-09-04 10:30," | F:55,179,1,0,0.88,0,0,40.94,0,0.93",2486.07,17,42263.19,-47.94,-0.11,0.34,0.00,-47.94,-0.11,522.51,0.01
513,Exit long,2024-09-04 11:10,Long Exit,2480.22,17,42209.3,-45.56,-0.11,2.21,0.01,-45.56,-0.11,476.95,0.00
513,Entry long,2024-09-04 11:00," | F:55,189,1,0,1.19,0,0,35.39,0,1.02",2482.9,17,42209.3,-45.56,-0.11,2.21,0.01,-45.56,-0.11,476.95,0.00
514,Exit long,2024-09-05 07:50,Long Exit,2493.92,81,202041.54,-34.02,-0.02,51.84,0.03,-34.02,-0.02,442.93,0.00
514,Entry long,2024-09-05 07:25," | F:70,85,0,0,0.3,0,1,36.2,0,0.74",2494.34,81,202041.54,-34.02,-0.02,51.84,0.03,-34.02,-0.02,442.93,0.00
515,Exit long,2024-09-05 21:10,Time Stop (Bars),2516.04,12,30093.6,98.88,0.33,102.72,0.34,-37.68,-0.13,541.81,0.01
515,Entry long,2024-09-05 18:10," | F:75,98,2,0,0.29,0,1,37.72,1,0.81",2507.8,12,30093.6,98.88,0.33,102.72,0.34,-37.68,-0.13,541.81,0.01
516,Exit long,2024-09-06 04:30,Long Exit,2514.25,29,72957.91,-44.66,-0.06,12.76,0.02,-44.66,-0.06,497.15,0.00
516,Entry long,2024-09-06 04:10," | F:65,52,0,0,1.24,0,1,43.41,1,1.97",2515.79,29,72957.91,-44.66,-0.06,12.76,0.02,-44.66,-0.06,497.15,0.00
517,Exit long,2024-09-06 09:30,Long Exit,2518.41,27,68040.81,-43.74,-0.06,1.62,0.00,-43.74,-0.06,453.41,0.00
517,Entry long,2024-09-06 09:25," | F:70,18,0,0,0.23,0,1,55.69,1,2",2520.03,27,68040.81,-43.74,-0.06,1.62,0.00,-43.74,-0.06,453.41,0.00
518,Exit long,2024-09-06 16:25,Long Exit,2506.82,3,7572.78,-52.32,-0.69,14.73,0.19,-52.32,-0.69,401.09,0.00
518,Entry long,2024-09-06 15:30," | F:75,232,2,0,0.56,0,1,70.24,1,8.31",2524.26,3,7572.78,-52.32,-0.69,14.73,0.19,-52.32,-0.69,401.09,0.00
519,Exit short,2024-09-06 23:30,Time Stop (Bars),2495.62,16,39905.28,-24.64,-0.06,54.88,0.14,-44.16,-0.11,376.45,0.00
519,Entry short,2024-09-06 20:30," | F:75,17,2,1,1.45,0,0,45.63,0,0.7",2494.08,16,39905.28,-24.64,-0.06,54.88,0.14,-44.16,-0.11,376.45,0.00
520,Exit long,2024-09-11 13:15,Long Exit,2520.67,21,52980.48,-46.41,-0.09,89.46,0.17,-46.41,-0.09,330.04,0.00
520,Entry long,2024-09-11 11:00," | F:70,26,1,0,0.49,0,1,45.83,1,1.27",2522.88,21,52980.48,-46.41,-0.09,89.46,0.17,-46.41,-0.09,330.04,0.00
521,Exit long,2024-09-16 17:25,Long Exit,2578.03,23,59339.54,-44.85,-0.08,18.86,0.03,-44.85,-0.08,285.19,0.00
521,Entry long,2024-09-16 17:20," | F:55,42,2,0,1.34,0,0,40.63,1,1.18",2579.98,23,59339.54,-44.85,-0.08,18.86,0.03,-44.85,-0.08,285.19,0.00
522,Exit short,2024-09-17 05:00,Short Exit,2582.65,20,51606,-47,-0.09,0.6,0.00,-47,-0.09,238.19,0.00
522,Entry short,2024-09-17 04:45," | F:70,15,0,1,1.41,0,0,42.31,1,1.34",2580.3,20,51606,-47,-0.09,0.6,0.00,-47,-0.09,238.19,0.00
523,Exit short,2024-09-17 15:30,Short Exit,2572.96,17,43840.96,100.64,0.23,100.64,0.23,-45.05,-0.10,338.83,0.00
523,Entry short,2024-09-17 14:45," | F:75,39,1,1,0.91,0,0,65.12,1,1.8",2578.88,17,43840.96,100.64,0.23,100.64,0.23,-45.05,-0.10,338.83,0.00
524,Exit long,2024-09-18 08:25,Long Exit,2565.7,55,141152.55,-39.05,-0.03,18.7,0.01,-39.05,-0.03,299.78,0.00
524,Entry long,2024-09-18 08:20," | F:50,130,0,0,1.87,0,0,20.81,1,1.22",2566.41,55,141152.55,-39.05,-0.03,18.7,0.01,-39.05,-0.03,299.78,0.00
525,Exit long,2024-09-20 18:40,Long Exit,2621.66,14,36601.6,101.64,0.28,101.64,0.28,-45.5,-0.12,401.42,0.00
525,Entry long,2024-09-20 18:15," | F:75,11,2,0,1.5,0,1,54.37,1,1.2",2614.4,14,36601.6,101.64,0.28,101.64,0.28,-45.5,-0.12,401.42,0.00
526,Exit long,2024-09-23 08:45,Long Exit,2630.83,36,94604.04,105.84,0.11,105.84,0.11,-20.16,-0.02,507.26,0.01
526,Entry long,2024-09-23 08:10," | F:70,27,0,0,1.88,0,1,48.6,1,1.74",2627.89,36,94604.04,105.84,0.11,105.84,0.11,-20.16,-0.02,507.26,0.01
527,Exit long,2024-09-23 15:45,Long Exit,2625.82,26,68164.2,107.12,0.16,107.12,0.16,-5.2,-0.01,614.38,0.01
527,Entry long,2024-09-23 15:25," | F:70,33,2,0,0.38,0,1,47.48,1,1.09",2621.7,26,68164.2,107.12,0.16,107.12,0.16,-5.2,-0.01,614.38,0.01
528,Exit long,2024-09-24 10:35,Long Exit,2624.32,18,47285.1,-47.34,-0.10,59.04,0.12,-47.34,-0.10,567.04,0.01
528,Entry long,2024-09-24 09:00," | F:70,62,0,0,0.47,0,0,29.65,1,2.65",2626.95,18,47285.1,-47.34,-0.10,59.04,0.12,-47.34,-0.10,567.04,0.01
529,Exit long,2024-09-24 13:00,Long Exit,2631.11,17,44628.23,100.64,0.23,100.64,0.23,0,0.00,667.68,0.01
529,Entry long,2024-09-24 10:40," | F:70,217,1,0,0.57,0,0,38.11,1,0.9",2625.19,17,44628.23,100.64,0.23,100.64,0.23,0,0.00,667.68,0.01
530,Exit long,2024-09-25 10:50,Long Exit,2655.99,31,82230.29,105.4,0.13,105.4,0.13,-11.16,-0.01,773.08,0.01
530,Entry long,2024-09-25 10:05," | F:70,150,1,0,0.4,0,0,36.06,1,1.15",2652.59,31,82230.29,105.4,0.13,105.4,0.13,-11.16,-0.01,773.08,0.01
531,Exit short,2024-09-26 04:55,Short Exit,2660.84,21,55831.86,-45.78,-0.08,21.84,0.04,-45.78,-0.08,727.3,0.01
531,Entry short,2024-09-26 04:15," | F:50,59,0,1,0.53,0,1,51.48,1,1.44",2658.66,21,55831.86,-45.78,-0.08,21.84,0.04,-45.78,-0.08,727.3,0.01
532,Exit long,2024-09-26 15:30,Long Exit,2673.16,10,26778.5,-46.9,-0.18,21.3,0.08,-46.9,-0.18,680.4,0.01
532,Entry long,2024-09-26 15:15," | F:70,16,2,0,0.78,0,1,51.9,1,1.27",2677.85,10,26778.5,-46.9,-0.18,21.3,0.08,-46.9,-0.18,680.4,0.01
533,Exit long,2024-09-26 16:10,Long Exit,2668.41,10,26733.8,-49.7,-0.19,66.3,0.25,-49.7,-0.19,630.7,0.01
533,Entry long,2024-09-26 15:40," | F:75,31,2,0,0.59,0,1,43.92,1,1.57",2673.38,10,26733.8,-49.7,-0.19,66.3,0.25,-49.7,-0.19,630.7,0.01
534,Exit short,2024-09-27 06:30,Short Exit,2672.08,39,104169.39,-41.73,-0.04,0.39,0.00,-41.73,-0.04,588.97,0.01
534,Entry short,2024-09-27 06:25," | F:45,42,0,1,0.48,0,1,56.4,1,0.7",2671.01,39,104169.39,-41.73,-0.04,0.39,0.00,-41.73,-0.04,588.97,0.01
535,Exit long,2024-09-30 03:35,Long Exit,2662.57,53,141155.96,-39.75,-0.03,47.17,0.03,-39.75,-0.03,549.22,0.01
535,Entry long,2024-09-30 03:25," | F:65,14,0,0,0.51,0,1,56.48,1,1.15",2663.32,53,141155.96,-39.75,-0.03,47.17,0.03,-39.75,-0.03,549.22,0.01
536,Exit short,2024-09-30 20:05,Short Exit,2640.42,38,100294.16,-41.8,-0.04,0.38,0.00,-41.8,-0.04,507.42,0.01
536,Entry short,2024-09-30 20:00," | F:75,43,2,1,0.92,0,0,64.89,1,0.85",2639.32,38,100294.16,-41.8,-0.04,0.38,0.00,-41.8,-0.04,507.42,0.01
537,Exit short,2024-10-02 04:25,Short Exit,2659.54,49,130277.28,-40.18,-0.03,7.84,0.01,-40.18,-0.03,467.24,0.00
537,Entry short,2024-10-02 04:20," | F:50,11,0,1,0.95,0,1,46.63,1,1.45",2658.72,49,130277.28,-40.18,-0.03,7.84,0.01,-40.18,-0.03,467.24,0.00
538,Exit long,2024-10-03 03:25,Long Exit,2658.35,45,119666.25,-40.5,-0.03,3.15,0.00,-40.5,-0.03,426.74,0.00
538,Entry long,2024-10-03 03:20," | F:70,28,0,0,1.18,0,1,46.21,1,0.83",2659.25,45,119666.25,-40.5,-0.03,3.15,0.00,-40.5,-0.03,426.74,0.00
539,Exit long,2024-10-03 10:15,Long Exit,2652.87,24,63714,-45.12,-0.07,7.44,0.01,-45.12,-0.07,381.62,0.00
539,Entry long,2024-10-03 10:05," | F:50,13,1,0,1.68,0,0,48.81,1,1.91",2654.75,24,63714,-45.12,-0.07,7.44,0.01,-45.12,-0.07,381.62,0.00
540,Exit long,2024-10-03 10:40,Long Exit,2647.37,26,68877.12,-45.5,-0.07,15.08,0.02,-45.5,-0.07,336.12,0.00
540,Entry long,2024-10-03 10:30," | F:50,158,1,0,0.61,0,0,29.85,1,1.78",2649.12,26,68877.12,-45.5,-0.07,15.08,0.02,-45.5,-0.07,336.12,0.00
541,Exit short,2024-10-03 17:10,Short Exit,2653.9,8,21184.64,-46.56,-0.22,93.2,0.44,-46.56,-0.22,289.56,0.00
541,Entry short,2024-10-03 15:30," | F:75,65,2,1,1.01,0,0,53.95,1,3.25",2648.08,8,21184.64,-46.56,-0.22,93.2,0.44,-46.56,-0.22,289.56,0.00
542,Exit short,2024-10-03 20:05,Short Exit,2661.08,21,55835.85,-46.83,-0.08,77.7,0.14,-46.83,-0.08,242.73,0.00
542,Entry short,2024-10-03 19:40," | F:45,199,2,1,0.94,0,1,66.78,1,1.7",2658.85,21,55835.85,-46.83,-0.08,77.7,0.14,-46.83,-0.08,242.73,0.00
543,Exit long,2024-10-03 23:15,Long Exit,2656.78,31,82403.58,-43.4,-0.05,36.27,0.04,-43.4,-0.05,199.33,0.00
543,Entry long,2024-10-03 22:00," | F:70,12,2,0,1.05,0,1,53.2,1,0.85",2658.18,31,82403.58,-43.4,-0.05,36.27,0.04,-43.4,-0.05,199.33,0.00
544,Exit short,2024-10-04 04:00,Short Exit,2657.44,50,132831.5,-40.5,-0.03,65,0.05,-40.5,-0.03,158.83,0.00
544,Entry short,2024-10-04 03:30," | F:50,41,0,1,0.61,0,1,57.01,1,2.05",2656.63,50,132831.5,-40.5,-0.03,65,0.05,-40.5,-0.03,158.83,0.00
545,Exit short,2024-10-07 18:45,Short Exit,2649.74,27,71498.97,-44.01,-0.06,0.54,0.00,-44.01,-0.06,114.82,0.00
545,Entry short,2024-10-07 18:35," | F:75,28,2,1,1.26,0,0,56.92,0,0.71",2648.11,27,71498.97,-44.01,-0.06,0.54,0.00,-44.01,-0.06,114.82,0.00
546,Exit long,2024-10-07 21:35,Long Exit,2643.84,26,68784.82,-44.98,-0.07,0,0.00,-44.98,-0.07,69.84,0.00
546,Entry long,2024-10-07 21:30," | F:55,22,2,0,0.88,0,0,47.67,1,1.57",2645.57,26,68784.82,-44.98,-0.07,0,0.00,-44.98,-0.07,69.84,0.00
547,Exit long,2024-10-09 15:30,Long Exit,2616.84,26,68082.56,-44.72,-0.07,96.2,0.14,-44.72,-0.07,25.12,0.00
547,Entry long,2024-10-09 14:45," | F:75,15,1,0,0.6,0,0,49.25,0,1.68",2618.56,26,68082.56,-44.72,-0.07,96.2,0.14,-44.72,-0.07,25.12,0.00
548,Exit long,2024-10-09 20:00,Long Exit,2607.66,28,73059.56,-45.08,-0.06,16.52,0.02,-45.08,-0.06,-19.96,0.00
548,Entry long,2024-10-09 19:40," | F:50,24,2,0,1.29,0,0,38.84,0,0.87",2609.27,28,73059.56,-45.08,-0.06,16.52,0.02,-45.08,-0.06,-19.96,0.00
549,Exit long,2024-10-10 01:00,Long Exit,2606.83,75,195547.5,-35.25,-0.02,89.25,0.05,-35.25,-0.02,-55.21,0.00
549,Entry long,2024-10-09 23:20," | F:50,17,2,0,0.91,0,0,42.64,0,0.45",2607.3,75,195547.5,-35.25,-0.02,89.25,0.05,-35.25,-0.02,-55.21,0.00
550,Exit long,2024-10-10 04:40,Long Exit,2610.36,41,106916.52,108.24,0.10,108.24,0.10,-10.25,-0.01,53.03,0.00
550,Entry long,2024-10-10 04:35," | F:50,17,0,0,0.71,0,0,41.22,0,1.77",2607.72,41,106916.52,108.24,0.10,108.24,0.10,-10.25,-0.01,53.03,0.00
551,Exit long,2024-10-16 16:50,Long Exit,2676.42,14,37517.2,-47.32,-0.13,76.72,0.20,-47.32,-0.13,5.71,0.00
551,Entry long,2024-10-16 15:20," | F:70,12,2,0,0.61,0,1,56.57,1,1.79",2679.8,14,37517.2,-47.32,-0.13,76.72,0.20,-47.32,-0.13,5.71,0.00
552,Exit long,2024-10-18 16:20,Long Exit,2704.87,24,64962.96,-46.08,-0.07,0,0.00,-46.08,-0.07,-40.37,0.00
552,Entry long,2024-10-18 16:15," | F:75,53,2,0,0.27,0,1,37.3,1,1.44",2706.79,24,64962.96,-46.08,-0.07,0,0.00,-46.08,-0.07,-40.37,0.00
553,Exit long,2024-10-22 04:20,Long Exit,2727.34,22,59897.2,104.28,0.17,104.28,0.17,-14.74,-0.02,63.91,0.00
553,Entry long,2024-10-22 03:00," | F:50,12,0,0,0.45,0,0,64.4,1,3.22",2722.6,22,59897.2,104.28,0.17,104.28,0.17,-14.74,-0.02,63.91,0.00
554,Exit long,2024-10-22 12:50,Long Exit,2730.52,69,188441.76,-35.88,-0.02,15.87,0.01,-35.88,-0.02,28.03,0.00
554,Entry long,2024-10-22 12:45," | F:70,45,1,0,0.87,0,1,33.54,1,0.99",2731.04,69,188441.76,-35.88,-0.02,15.87,0.01,-35.88,-0.02,28.03,0.00
555,Exit long,2024-10-22 14:40,Long Exit,2731.79,28,76534.64,-44.52,-0.06,0,0.00,-44.52,-0.06,-16.49,0.00
555,Entry long,2024-10-22 14:35," | F:75,19,1,0,1.02,0,1,41.49,1,0.91",2733.38,28,76534.64,-44.52,-0.06,0,0.00,-44.52,-0.06,-16.49,0.00
556,Exit long,2024-10-23 12:30,Long Exit,2751.44,40,110100,-42.4,-0.04,8.8,0.01,-42.4,-0.04,-58.89,0.00
556,Entry long,2024-10-23 12:25," | F:75,24,1,0,1.1,0,1,39.77,1,1.6",2752.5,40,110100,-42.4,-0.04,8.8,0.01,-42.4,-0.04,-58.89,0.00
557,Exit long,2024-10-28 12:15,Long Exit,2728.29,21,57339.66,-45.57,-0.08,42.21,0.07,-45.57,-0.08,-104.46,0.00
557,Entry long,2024-10-28 11:30," | F:50,95,1,0,1.31,0,0,34.44,1,1.43",2730.46,21,57339.66,-45.57,-0.08,42.21,0.07,-45.57,-0.08,-104.46,0.00
558,Exit short,2024-10-28 18:25,Short Exit,2743.99,65,178322.3,-37.05,-0.02,0,0.00,-37.05,-0.02,-141.51,0.00
558,Entry short,2024-10-28 18:20," | F:55,18,2,1,1.18,0,1,58.65,1,0.79",2743.42,65,178322.3,-37.05,-0.02,0,0.00,-37.05,-0.02,-141.51,0.00
559,Exit long,2024-10-29 07:30,Long Exit,2751.9,54,148642.02,-39.42,-0.03,0,0.00,-39.42,-0.03,-180.93,0.00
559,Entry long,2024-10-29 07:25," | F:65,18,0,0,0.83,0,1,47.24,1,1.71",2752.63,54,148642.02,-39.42,-0.03,0,0.00,-39.42,-0.03,-180.93,0.00
560,Exit long,2024-10-29 13:25,Long Exit,2746.19,12,33000.12,-45.84,-0.14,77.88,0.24,-45.84,-0.14,-226.77,0.00
560,Entry long,2024-10-29 10:25," | F:65,90,1,0,0.48,0,1,39.97,1,2.34",2750.01,12,33000.12,-45.84,-0.14,77.88,0.24,-45.84,-0.14,-226.77,0.00
561,Exit short,2024-10-30 14:50,Short Exit,2782.35,29,80643.49,-44.66,-0.06,0,0.00,-44.66,-0.06,-271.43,0.00
561,Entry short,2024-10-30 14:40," | F:50,23,2,1,0.61,0,1,53.5,1,1.27",2780.81,29,80643.49,-44.66,-0.06,0,0.00,-44.66,-0.06,-271.43,0.00
562,Exit long,2024-10-30 17:05,Long Exit,2775.03,13,36123.75,-48.36,-0.13,37.83,0.10,-48.36,-0.13,-319.79,0.00
562,Entry long,2024-10-30 16:30," | F:75,9,2,0,1.27,0,1,49.84,1,0.91",2778.75,13,36123.75,-48.36,-0.13,37.83,0.10,-48.36,-0.13,-319.79,0.00
563,Exit short,2024-10-31 12:15,Short Exit,2774.24,26,72235.28,105.04,0.15,105.04,0.15,-36.92,-0.05,-214.75,0.00
563,Entry short,2024-10-31 11:35," | F:75,6,1,1,0.88,0,0,42.82,1,0.68",2778.28,26,72235.28,105.04,0.15,105.04,0.15,-36.92,-0.05,-214.75,0.00
564,Exit long,2024-11-01 12:25,Long Exit,2747.84,19,52254.94,-45.98,-0.09,42.94,0.08,-45.98,-0.09,-260.73,0.00
564,Entry long,2024-11-01 11:35," | F:55,21,1,0,0.75,0,0,40.79,1,1.7",2750.26,19,52254.94,-45.98,-0.09,42.94,0.08,-45.98,-0.09,-260.73,0.00
565,Exit long,2024-11-01 16:20,Long Exit,2751.96,15,41325.15,-45.75,-0.11,66.3,0.16,-45.75,-0.11,-306.48,0.00
565,Entry long,2024-11-01 15:30," | F:65,13,2,0,0.84,0,1,50.14,1,1.37",2755.01,15,41325.15,-45.75,-0.11,66.3,0.16,-45.75,-0.11,-306.48,0.00
566,Exit long,2024-11-04 18:45,Long Exit,2734.69,29,79350.96,-44.95,-0.06,75.4,0.10,-44.95,-0.06,-351.43,0.00
566,Entry long,2024-11-04 18:15," | F:55,86,2,0,0.53,0,0,37.74,0,0.84",2736.24,29,79350.96,-44.95,-0.06,75.4,0.10,-44.95,-0.06,-351.43,0.00
567,Exit short,2024-11-05 07:35,Short Exit,2736.7,31,84794.3,-43.4,-0.05,0.31,0.00,-43.4,-0.05,-394.83,0.00
567,Entry short,2024-11-05 07:30," | F:70,69,0,1,0.53,0,0,57.11,0,2.43",2735.3,31,84794.3,-43.4,-0.05,0.31,0.00,-43.4,-0.05,-394.83,0.00
568,Exit short,2024-11-05 15:20,Short Exit,2739.21,19,51999.01,-45.98,-0.09,10.07,0.02,-45.98,-0.09,-440.81,0.00
568,Entry short,2024-11-05 15:15," | F:65,7,2,1,0.7,0,0,36.53,0,1.88",2736.79,19,51999.01,-45.98,-0.09,10.07,0.02,-45.98,-0.09,-440.81,0.00
569,Exit long,2024-11-05 18:00,Long Exit,2742.14,16,43772.48,101.76,0.23,101.76,0.23,-12.48,-0.03,-339.05,0.00
569,Entry long,2024-11-05 17:30," | F:55,88,2,0,0.51,0,0,37.74,1,1.07",2735.78,16,43772.48,101.76,0.23,101.76,0.23,-12.48,-0.03,-339.05,0.00
570,Exit long,2024-11-05 20:35,Long Exit,2739.58,46,126061.62,-40.94,-0.03,37.72,0.03,-40.94,-0.03,-379.99,0.00
570,Entry long,2024-11-05 20:25," | F:65,16,2,0,0.64,0,1,46.48,0,1.43",2740.47,46,126061.62,-40.94,-0.03,37.72,0.03,-40.94,-0.03,-379.99,0.00
571,Exit short,2024-11-07 15:20,Short Exit,2678.59,34,91028.54,-43.52,-0.05,82.96,0.09,-43.52,-0.05,-423.51,0.00
571,Entry short,2024-11-07 15:15," | F:75,275,2,1,2.47,0,1,76.86,0,1.96",2677.31,34,91028.54,-43.52,-0.05,82.96,0.09,-43.52,-0.05,-423.51,0.00
572,Exit short,2024-11-08 22:05,Short Exit,2687.74,33,88652.19,-43.23,-0.05,0,0.00,-43.23,-0.05,-466.74,0.00
572,Entry short,2024-11-08 22:00," | F:70,20,2,1,0.9,0,0,53.64,0,1.31",2686.43,33,88652.19,-43.23,-0.05,0,0.00,-43.23,-0.05,-466.74,0.00
573,Exit long,2024-11-11 23:50,Long Exit,2619.67,71,186032.07,-35.5,-0.02,18.46,0.01,-35.5,-0.02,-502.24,-0.01
573,Entry long,2024-11-11 23:45," | F:50,23,3,0,1.13,0,0,44.3,0,0.5",2620.17,71,186032.07,-35.5,-0.02,18.46,0.01,-35.5,-0.02,-502.24,-0.01
574,Exit short,2024-11-13 11:30,Short Exit,2610.62,24,62610.24,-44.64,-0.07,37.2,0.06,-44.64,-0.07,-546.88,-0.01
574,Entry short,2024-11-13 10:40," | F:50,49,1,1,0.27,0,1,60.16,0,1.4",2608.76,24,62610.24,-44.64,-0.07,37.2,0.06,-44.64,-0.07,-546.88,-0.01
575,Exit long,2024-11-13 16:45,Long Exit,2605.99,12,31318.44,-46.56,-0.15,0.24,0.00,-46.56,-0.15,-593.44,-0.01
575,Entry long,2024-11-13 16:40," | F:70,37,2,0,0.37,0,1,47.56,0,1.13",2609.87,12,31318.44,-46.56,-0.15,0.24,0.00,-46.56,-0.15,-593.44,-0.01
576,Exit short,2024-11-14 10:10,Short Exit,2558.84,17,43452.34,-47.94,-0.11,27.71,0.06,-47.94,-0.11,-641.38,-0.01
576,Entry short,2024-11-14 09:40," | F:70,16,1,1,0.71,0,0,49.09,0,0.86",2556.02,17,43452.34,-47.94,-0.11,27.71,0.06,-47.94,-0.11,-641.38,-0.01
577,Exit long,2024-11-14 11:15,Long Exit,2552.82,16,40893.28,-48.16,-0.12,8.16,0.02,-48.16,-0.12,-689.54,-0.01
577,Entry long,2024-11-14 11:05," | F:55,21,1,0,0.65,0,0,47.05,0,1.15",2555.83,16,40893.28,-48.16,-0.12,8.16,0.02,-48.16,-0.12,-689.54,-0.01
578,Exit short,2024-11-15 18:10,Short Exit,2573.07,32,82294.72,-43.52,-0.05,0.32,0.00,-43.52,-0.05,-733.06,-0.01
578,Entry short,2024-11-15 18:05," | F:55,12,2,1,0.95,0,1,54,0,0.64",2571.71,32,82294.72,-43.52,-0.05,0.32,0.00,-43.52,-0.05,-733.06,-0.01
579,Exit long,2024-11-18 21:35,Long Exit,2608.72,37,96565.19,-42.55,-0.04,19.61,0.02,-42.55,-0.04,-775.61,-0.01
579,Entry long,2024-11-18 21:30," | F:65,10,2,0,0.64,0,1,49.29,0,0.96",2609.87,37,96565.19,-42.55,-0.04,19.61,0.02,-42.55,-0.04,-775.61,-0.01
580,Exit long,2024-11-20 06:25,Long Exit,2636.96,59,155618.99,-38.35,-0.02,62.54,0.04,-38.35,-0.02,-813.96,-0.01
580,Entry long,2024-11-20 06:05," | F:70,31,0,0,1.23,0,1,36.36,1,0.67",2637.61,59,155618.99,-38.35,-0.02,62.54,0.04,-38.35,-0.02,-813.96,-0.01
581,Exit short,2024-11-20 16:20,Short Exit,2640.45,16,42200,-47.2,-0.11,68,0.16,-47.2,-0.11,-861.16,-0.01
581,Entry short,2024-11-20 15:25," | F:50,120,2,1,0.43,0,1,78.19,1,1.58",2637.5,16,42200,-47.2,-0.11,68,0.16,-47.2,-0.11,-861.16,-0.01
582,Exit long,2024-11-21 14:55,Long Exit,2663.45,30,79947,-43.5,-0.05,70.2,0.09,-43.5,-0.05,-904.66,-0.01
582,Entry long,2024-11-21 14:15," | F:75,50,2,0,0.78,0,1,37.46,1,1.52",2664.9,30,79947,-43.5,-0.05,70.2,0.09,-43.5,-0.05,-904.66,-0.01
583,Exit long,2024-11-21 16:15,Long Exit,2671.04,14,37292.36,102.2,0.27,102.2,0.27,-23.1,-0.06,-802.46,-0.01
583,Entry long,2024-11-21 15:00," | F:70,69,2,0,0.61,0,1,39.46,1,3.19",2663.74,14,37292.36,102.2,0.27,102.2,0.27,-23.1,-0.06,-802.46,-0.01
584,Exit long,2024-11-22 16:55,Long Exit,2695.96,13,34944,103.48,0.30,103.48,0.30,-15.47,-0.04,-698.98,-0.01
584,Entry long,2024-11-22 16:30," | F:70,105,2,0,0.78,0,0,32.21,1,1.44",2688,13,34944,103.48,0.30,103.48,0.30,-15.47,-0.04,-698.98,-0.01
585,Exit short,2024-11-22 17:20,Short Exit,2698.31,14,37728.18,-48.16,-0.13,0.7,0.00,-48.16,-0.13,-747.14,-0.01
585,Entry short,2024-11-22 17:05," | F:50,22,2,1,0.91,0,1,52.04,1,1.26",2694.87,14,37728.18,-48.16,-0.13,0.7,0.00,-48.16,-0.13,-747.14,-0.01
586,Exit long,2024-11-26 06:45,Long Exit,2626.01,26,68320.72,-44.46,-0.07,5.2,0.01,-44.46,-0.07,-791.6,-0.01
586,Entry long,2024-11-26 06:35," | F:45,19,0,0,1.72,0,0,48.76,0,0.59",2627.72,26,68320.72,-44.46,-0.07,5.2,0.01,-44.46,-0.07,-791.6,-0.01
587,Exit short,2024-11-26 12:30,Short Exit,2630.23,23,60448.83,-46.46,-0.08,0.46,0.00,-46.46,-0.08,-838.06,-0.01
587,Entry short,2024-11-26 12:25," | F:70,77,1,1,0.67,0,0,64.95,0,0.75",2628.21,23,60448.83,-46.46,-0.08,0.46,0.00,-46.46,-0.08,-838.06,-0.01
588,Exit short,2024-11-27 03:10,Short Exit,2629.65,23,60437.33,-44.62,-0.07,4.14,0.01,-44.62,-0.07,-882.68,-0.01
588,Entry short,2024-11-27 03:05," | F:70,7,0,1,0.89,0,0,36.79,0,2.54",2627.71,23,60437.33,-44.62,-0.07,4.14,0.01,-44.62,-0.07,-882.68,-0.01
589,Exit short,2024-11-27 03:40,Short Exit,2632.51,23,60502.19,-45.54,-0.08,2.53,0.00,-45.54,-0.08,-928.22,-0.01
589,Entry short,2024-11-27 03:25," | F:50,17,0,1,0.58,0,1,53.13,0,1.74",2630.53,23,60502.19,-45.54,-0.08,2.53,0.00,-45.54,-0.08,-928.22,-0.01
590,Exit short,2024-11-27 17:00,Short Exit,2645.99,17,45088.25,106.42,0.24,106.42,0.24,-42.33,-0.09,-821.8,-0.01
590,Entry short,2024-11-27 16:35," | F:55,9,2,1,1.42,0,1,51.48,1,1.06",2652.25,17,45088.25,106.42,0.24,106.42,0.24,-42.33,-0.09,-821.8,-0.01
591,Exit long,2024-11-27 23:25,Long Exit,2635.97,56,147653.52,-39.2,-0.03,42,0.03,-39.2,-0.03,-861,-0.01
591,Entry long,2024-11-27 23:00," | F:50,13,3,0,1.32,0,0,44.65,0,0.87",2636.67,56,147653.52,-39.2,-0.03,42,0.03,-39.2,-0.03,-861,-0.01
592,Exit long,2024-11-28 16:35,Long Exit,2644.72,30,79385.1,-43.5,-0.05,20.1,0.03,-43.5,-0.05,-904.5,-0.01
592,Entry long,2024-11-28 16:20," | F:70,10,2,0,1.51,0,1,50.99,1,0.81",2646.17,30,79385.1,-43.5,-0.05,20.1,0.03,-43.5,-0.05,-904.5,-0.01
593,Exit long,2024-11-28 17:10,Long Exit,2640.43,29,76616.55,-44.08,-0.06,13.63,0.02,-44.08,-0.06,-948.58,-0.01
593,Entry long,2024-11-28 17:00," | F:70,75,2,0,0.68,0,1,36.15,0,1.26",2641.95,29,76616.55,-44.08,-0.06,13.63,0.02,-44.08,-0.06,-948.58,-0.01
594,Exit long,2024-11-29 15:50,Long Exit,2656.64,23,61148.03,-45.31,-0.07,2.53,0.00,-45.31,-0.07,-993.89,-0.01
594,Entry long,2024-11-29 15:45," | F:70,57,2,0,0.69,0,1,43.83,1,1.12",2658.61,23,61148.03,-45.31,-0.07,2.53,0.00,-45.31,-0.07,-993.89,-0.01
595,Exit short,2024-12-02 13:35,Short Exit,2643.54,20,52824.6,-46.2,-0.09,85.8,0.16,-46.2,-0.09,-1040.09,-0.01
595,Entry short,2024-12-02 13:20," | F:70,131,1,1,0.66,0,1,69.23,0,1.65",2641.23,20,52824.6,-46.2,-0.09,85.8,0.16,-46.2,-0.09,-1040.09,-0.01
596,Exit short,2024-12-02 13:45,Short Exit,2646.05,16,42288.64,-48.16,-0.11,6.08,0.01,-48.16,-0.11,-1088.25,-0.01
596,Entry short,2024-12-02 13:35," | F:70,139,1,1,0.79,0,1,68.22,0,1.74",2643.04,16,42288.64,-48.16,-0.11,6.08,0.01,-48.16,-0.11,-1088.25,-0.01
597,Exit long,2024-12-03 15:20,Long Exit,2645.78,18,47522.16,101.88,0.21,101.88,0.21,-7.92,-0.02,-986.37,-0.01
597,Entry long,2024-12-03 15:00," | F:50,94,2,0,0.56,0,0,40.22,0,2.61",2640.12,18,47522.16,101.88,0.21,101.88,0.21,-7.92,-0.02,-986.37,-0.01
598,Exit short,2024-12-04 06:55,Short Exit,2647.99,21,55561.8,-45.99,-0.08,64.47,0.12,-45.99,-0.08,-1032.36,-0.01
598,Entry short,2024-12-04 04:05," | F:50,85,0,1,1.25,0,1,69.74,0,1.51",2645.8,21,55561.8,-45.99,-0.08,64.47,0.12,-45.99,-0.08,-1032.36,-0.01
599,Exit short,2024-12-05 03:35,Short Exit,2650.54,35,92725.5,-43.4,-0.05,29.4,0.03,-43.4,-0.05,-1075.76,-0.01
599,Entry short,2024-12-05 03:15," | F:50,18,0,1,0.58,0,1,50.48,1,1.9",2649.3,35,92725.5,-43.4,-0.05,29.4,0.03,-43.4,-0.05,-1075.76,-0.01
600,Exit short,2024-12-05 12:25,Short Exit,2648.63,36,95308.56,-42.12,-0.04,21.24,0.02,-42.12,-0.04,-1117.88,-0.01
600,Entry short,2024-12-05 12:10," | F:75,26,1,1,0.94,0,0,57.73,1,1",2647.46,36,95308.56,-42.12,-0.04,21.24,0.02,-42.12,-0.04,-1117.88,-0.01
601,Exit short,2024-12-06 07:40,Short Exit,2636.46,19,50197.62,104.88,0.21,104.88,0.21,-33.82,-0.07,-1013,-0.01
601,Entry short,2024-12-06 06:25," | F:75,151,0,1,1.41,0,1,76.35,0,0.75",2641.98,19,50197.62,104.88,0.21,104.88,0.21,-33.82,-0.07,-1013,-0.01
602,Exit short,2024-12-06 13:35,Short Exit,2638.94,41,108154.72,-41.82,-0.04,3.69,0.00,-41.82,-0.04,-1054.82,-0.01
602,Entry short,2024-12-06 13:30," | F:75,15,1,1,1,0,1,50.69,0,0.82",2637.92,41,108154.72,-41.82,-0.04,3.69,0.00,-41.82,-0.04,-1054.82,-0.01
603,Exit long,2024-12-09 13:40,Long Exit,2654.7,19,50486.04,-46.74,-0.09,12.54,0.02,-46.74,-0.09,-1101.56,-0.01
603,Entry long,2024-12-09 13:30," | F:75,11,1,0,1.38,0,1,56.72,1,1.5",2657.16,19,50486.04,-46.74,-0.09,12.54,0.02,-46.74,-0.09,-1101.56,-0.01
604,Exit long,2024-12-10 02:00,Long Exit,2659.38,28,74507.44,-44.8,-0.06,12.32,0.02,-44.8,-0.06,-1146.36,-0.01
604,Entry long,2024-12-10 01:40," | F:70,11,3,0,0.99,0,1,55.75,1,1.53",2660.98,28,74507.44,-44.8,-0.06,12.32,0.02,-44.8,-0.06,-1146.36,-0.01
605,Exit long,2024-12-10 10:20,Long Exit,2661.48,32,85210.88,-43.52,-0.05,9.6,0.01,-43.52,-0.05,-1189.88,-0.01
605,Entry long,2024-12-10 10:15," | F:65,90,1,0,0.72,0,0,34.55,1,1.11",2662.84,32,85210.88,-43.52,-0.05,9.6,0.01,-43.52,-0.05,-1189.88,-0.01
606,Exit long,2024-12-11 07:45,Long Exit,2691.61,9,24121.71,102.78,0.43,102.78,0.43,-40.05,-0.17,-1087.1,-0.01
606,Entry long,2024-12-11 07:05," | F:75,175,0,0,1,0,0,22.17,1,0.92",2680.19,9,24121.71,102.78,0.43,102.78,0.43,-40.05,-0.17,-1087.1,-0.01
607,Exit short,2024-12-11 15:50,Short Exit,2701.62,11,29671.62,-46.2,-0.16,10.12,0.03,-46.2,-0.16,-1133.3,-0.01
607,Entry short,2024-12-11 15:35," | F:45,132,2,1,0.54,0,1,54.37,1,2.18",2697.42,11,29671.62,-46.2,-0.16,10.12,0.03,-46.2,-0.16,-1133.3,-0.01
608,Exit short,2024-12-12 11:25,Short Exit,2714.32,29,78822,106.72,0.14,106.72,0.14,-22.62,-0.03,-1026.58,-0.01
608,Entry short,2024-12-12 10:20," | F:55,9,1,1,0.72,0,1,57.63,1,2.18",2718,29,78822,106.72,0.14,106.72,0.14,-22.62,-0.03,-1026.58,-0.01
609,Exit short,2024-12-12 15:55,Short Exit,2698.31,11,29780.19,98.78,0.33,98.78,0.33,-12.87,-0.04,-927.8,-0.01
609,Entry short,2024-12-12 15:30," | F:70,13,2,1,0.5,0,0,43.78,1,2.49",2707.29,11,29780.19,98.78,0.33,98.78,0.33,-12.87,-0.04,-927.8,-0.01
610,Exit short,2024-12-16 08:20,Short Exit,2653.85,47,124690.06,-40.89,-0.03,51.7,0.04,-40.89,-0.03,-968.69,-0.01
610,Entry short,2024-12-16 08:05," | F:70,21,0,1,0.51,0,0,53.37,0,1.22",2652.98,47,124690.06,-40.89,-0.03,51.7,0.04,-40.89,-0.03,-968.69,-0.01
611,Exit short,2024-12-17 07:40,Short Exit,2654.46,23,61007.96,-44.62,-0.07,25.07,0.04,-44.62,-0.07,-1013.31,-0.01
611,Entry short,2024-12-17 07:30," | F:70,14,0,1,0.74,0,0,49.11,0,3.39",2652.52,23,61007.96,-44.62,-0.07,25.07,0.04,-44.62,-0.07,-1013.31,-0.01
612,Exit short,2024-12-17 09:35,Short Exit,2655.87,77,204467.34,-34.65,-0.02,50.05,0.02,-34.65,-0.02,-1047.96,-0.01
612,Entry short,2024-12-17 09:30," | F:70,59,1,1,0.75,0,1,65.37,0,0.69",2655.42,77,204467.34,-34.65,-0.02,50.05,0.02,-34.65,-0.02,-1047.96,-0.01
613,Exit long,2024-12-18 04:45,Long Exit,2647.17,45,119163.6,-40.95,-0.03,26.55,0.02,-40.95,-0.03,-1088.91,-0.01
613,Entry long,2024-12-18 04:25," | F:70,25,0,0,0.6,0,1,45.63,0,0.61",2648.08,45,119163.6,-40.95,-0.03,26.55,0.02,-40.95,-0.03,-1088.91,-0.01
614,Exit long,2024-12-20 06:45,Long Exit,2597.32,26,67574.52,-44.2,-0.07,2.08,0.00,-44.2,-0.07,-1133.11,-0.01
614,Entry long,2024-12-20 06:30," | F:50,10,0,0,0.68,0,0,55.59,0,1.03",2599.02,26,67574.52,-44.2,-0.07,2.08,0.00,-44.2,-0.07,-1133.11,-0.01
615,Exit long,2024-12-20 13:55,Long Exit,2603.78,46,119640.48,133.4,0.11,133.4,0.11,-8.74,-0.01,-999.71,-0.01
615,Entry long,2024-12-20 13:20," | F:70,65,1,0,0.54,0,0,31.33,0,1.21",2600.88,46,119640.48,133.4,0.11,133.4,0.11,-8.74,-0.01,-999.71,-0.01
616,Exit long,2024-12-23 11:55,Long Exit,2625.97,22,57816,-44.66,-0.08,88.44,0.15,-44.66,-0.08,-1044.37,-0.01
616,Entry long,2024-12-23 10:05," | F:70,24,1,0,0.94,0,1,42.28,0,1.45",2628,22,57816,-44.66,-0.08,88.44,0.15,-44.66,-0.08,-1044.37,-0.01
617,Exit short,2024-12-24 10:00,Short Exit,2617.74,49,128404.01,134.75,0.10,134.75,0.10,-38.71,-0.03,-909.62,-0.01
617,Entry short,2024-12-24 09:05," | F:50,23,1,1,0.54,0,1,63.11,0,0.95",2620.49,49,128404.01,134.75,0.10,134.75,0.10,-38.71,-0.03,-909.62,-0.01
618,Exit short,2024-12-24 18:30,Short Exit,2617.18,15,39209.25,-48.45,-0.12,60.75,0.15,-48.45,-0.12,-958.07,-0.01
618,Entry short,2024-12-24 16:30," | F:75,44,2,1,0.52,0,0,49.03,0,1.73",2613.95,15,39209.25,-48.45,-0.12,60.75,0.15,-48.45,-0.12,-958.07,-0.01
619,Exit short,2024-12-27 08:10,Short Exit,2633.66,28,73698.52,-43.96,-0.06,6.72,0.01,-43.96,-0.06,-1002.03,-0.01
619,Entry short,2024-12-27 08:05," | F:45,6,0,1,0.89,0,1,45.14,0,2.06",2632.09,28,73698.52,-43.96,-0.06,6.72,0.01,-43.96,-0.06,-1002.03,-0.01
620,Exit long,2024-12-27 09:40,Long Exit,2635.09,25,65922.25,-45,-0.07,7,0.01,-45,-0.07,-1047.03,-0.01
620,Entry long,2024-12-27 09:30," | F:70,8,1,0,0.79,0,1,61.97,1,1.97",2636.89,25,65922.25,-45,-0.07,7,0.01,-45,-0.07,-1047.03,-0.01
621,Exit short,2024-12-30 15:25,Short Exit,2622.39,21,55023.99,-46.2,-0.08,50.82,0.09,-46.2,-0.08,-1093.23,-0.01
621,Entry short,2024-12-30 15:00," | F:70,79,2,1,0.61,0,1,63.26,0,2.78",2620.19,21,55023.99,-46.2,-0.08,50.82,0.09,-46.2,-0.08,-1093.23,-0.01
622,Exit short,2024-12-31 08:55,Short Exit,2608.18,25,65159.75,-44.75,-0.07,12.25,0.02,-44.75,-0.07,-1137.98,-0.01
622,Entry short,2024-12-31 08:30," | F:70,46,0,1,0.55,0,0,52.63,0,2.08",2606.39,25,65159.75,-44.75,-0.07,12.25,0.02,-44.75,-0.07,-1137.98,-0.01
623,Exit short,2024-12-31 09:40,Short Exit,2610.34,46,120034.7,-40.94,-0.03,8.28,0.01,-40.94,-0.03,-1178.92,-0.01
623,Entry short,2024-12-31 09:35," | F:65,73,1,1,1.04,0,1,63.91,0,1.23",2609.45,46,120034.7,-40.94,-0.03,8.28,0.01,-40.94,-0.03,-1178.92,-0.01
624,Exit short,2024-12-31 21:10,Short Exit,2627.1,36,94533.12,-42.48,-0.04,49.68,0.05,-42.48,-0.04,-1221.4,-0.01
624,Entry short,2024-12-31 20:25," | F:50,14,2,1,0.8,0,1,57.46,0,1.78",2625.92,36,94533.12,-42.48,-0.04,49.68,0.05,-42.48,-0.04,-1221.4,-0.01
625,Exit long,2025-01-02 15:45,Long Exit,2641.49,27,71214.93,105.3,0.15,105.3,0.15,-23.49,-0.03,-1116.1,-0.01
625,Entry long,2025-01-02 15:20," | F:75,40,2,0,1.19,0,1,32.89,1,1.87",2637.59,27,71214.93,105.3,0.15,105.3,0.15,-23.49,-0.03,-1116.1,-0.01
626,Exit short,2025-01-02 20:25,Short Exit,2655.13,41,108967.75,107.42,0.10,107.42,0.10,-16.4,-0.02,-1008.68,-0.01
626,Entry short,2025-01-02 20:05," | F:45,9,2,1,0.93,0,1,58.09,1,0.99",2657.75,41,108967.75,107.42,0.10,107.42,0.10,-16.4,-0.02,-1008.68,-0.01
627,Exit long,2025-01-09 06:15,Long Exit,2657.91,45,119646.45,-40.5,-0.03,0.9,0.00,-40.5,-0.03,-1049.18,-0.01
627,Entry long,2025-01-09 06:10," | F:70,17,0,0,0.86,0,1,45.99,1,0.74",2658.81,45,119646.45,-40.5,-0.03,0.9,0.00,-40.5,-0.03,-1049.18,-0.01
628,Exit long,2025-01-10 06:55,Long Exit,2671.73,68,181713.68,-36.04,-0.02,47.6,0.03,-36.04,-0.02,-1085.22,-0.01
628,Entry long,2025-01-10 06:40," | F:70,31,0,0,1.69,0,1,43.6,1,1.2",2672.26,68,181713.68,-36.04,-0.02,47.6,0.03,-36.04,-0.02,-1085.22,-0.01
629,Exit short,2025-01-13 20:20,Short Exit,2662.23,55,146383.6,-39.05,-0.03,18.7,0.01,-39.05,-0.03,-1124.27,-0.01
629,Entry short,2025-01-13 20:10," | F:70,11,2,1,1.15,0,0,45.71,1,0.6",2661.52,55,146383.6,-39.05,-0.03,18.7,0.01,-39.05,-0.03,-1124.27,-0.01
630,Exit long,2025-01-14 14:45,Long Exit,2667.05,24,64054.8,-45.6,-0.07,2.4,0.00,-45.6,-0.07,-1169.87,-0.01
630,Entry long,2025-01-14 14:40," | F:65,12,2,0,0.65,0,0,53.98,1,0.86",2668.95,24,64054.8,-45.6,-0.07,2.4,0.00,-45.6,-0.07,-1169.87,-0.01
631,Exit long,2025-01-14 15:30,Long Exit,2669.98,28,74655.28,104.16,0.14,104.16,0.14,-15.96,-0.02,-1065.71,-0.01
631,Entry long,2025-01-14 15:25," | F:50,25,2,0,0.68,0,0,41.91,1,1.04",2666.26,28,74655.28,104.16,0.14,104.16,0.14,-15.96,-0.02,-1065.71,-0.01
632,Exit short,2025-01-14 20:35,Short Exit,2670.26,49,130802.07,-40.67,-0.03,0,0.00,-40.67,-0.03,-1106.38,-0.01
632,Entry short,2025-01-14 20:30," | F:50,12,2,1,0.99,0,1,51.29,1,0.77",2669.43,49,130802.07,-40.67,-0.03,0,0.00,-40.67,-0.03,-1106.38,-0.01
633,Exit long,2025-01-15 13:15,Long Exit,2686.04,83,222974.52,-33.2,-0.01,0,0.00,-33.2,-0.01,-1139.58,-0.01
633,Entry long,2025-01-15 13:10," | F:70,9,1,0,0.96,0,1,52.06,1,1.95",2686.44,83,222974.52,-33.2,-0.01,0,0.00,-33.2,-0.01,-1139.58,-0.01
634,Exit short,2025-01-16 09:40,Short Exit,2698.69,20,53927.6,-46.2,-0.09,14.8,0.03,-46.2,-0.09,-1185.78,-0.01
634,Entry short,2025-01-16 09:15," | F:45,67,1,1,1.51,0,1,59.33,1,1.98",2696.38,20,53927.6,-46.2,-0.09,14.8,0.03,-46.2,-0.09,-1185.78,-0.01
635,Exit long,2025-01-16 13:30,Long Exit,2709.94,30,81193.2,105,0.13,105,0.13,-16.5,-0.02,-1080.78,-0.01
635,Entry long,2025-01-16 12:35," | F:75,9,1,0,0.92,0,1,62.1,1,0.66",2706.44,30,81193.2,105,0.13,105,0.13,-16.5,-0.02,-1080.78,-0.01
636,Exit short,2025-01-17 02:30,Short Exit,2715.44,53,143879.1,-39.22,-0.03,53,0.04,-39.22,-0.03,-1120,-0.01
636,Entry short,2025-01-17 02:05," | F:45,26,0,1,1.05,0,1,54.58,1,2.1",2714.7,53,143879.1,-39.22,-0.03,53,0.04,-39.22,-0.03,-1120,-0.01
637,Exit short,2025-01-17 17:15,Short Exit,2711.29,42,113983.38,109.2,0.10,109.2,0.10,-16.38,-0.01,-1010.8,-0.01
637,Entry short,2025-01-17 17:05," | F:50,118,2,1,0.33,0,1,67.33,1,1.15",2713.89,42,113983.38,109.2,0.10,109.2,0.10,-16.38,-0.01,-1010.8,-0.01
638,Exit long,2025-01-21 15:55,Long Exit,2725.24,20,54549.6,-44.8,-0.08,38,0.07,-44.8,-0.08,-1055.6,-0.01
638,Entry long,2025-01-21 15:25," | F:65,7,2,0,0.61,0,1,61,1,1.03",2727.48,20,54549.6,-44.8,-0.08,38,0.07,-44.8,-0.08,-1055.6,-0.01
639,Exit long,2025-01-22 11:00,Long Exit,2754.13,20,54979,103.6,0.19,103.6,0.19,-0.2,0.00,-952,-0.01
639,Entry long,2025-01-22 10:05," | F:70,14,1,0,0.49,0,1,45.98,1,1.15",2748.95,20,54979,103.6,0.19,103.6,0.19,-0.2,0.00,-952,-0.01
640,Exit short,2025-01-23 21:15,Short Exit,2756.54,34,93679.86,-42.5,-0.05,1.7,0.00,-42.5,-0.05,-994.5,-0.01
640,Entry short,2025-01-23 21:10," | F:50,8,2,1,1.05,0,1,51.1,1,0.87",2755.29,34,93679.86,-42.5,-0.05,1.7,0.00,-42.5,-0.05,-994.5,-0.01
641,Exit long,2025-01-24 02:05,Time Stop (Bars),2755.08,19,52318.59,27.93,0.05,41.23,0.08,-35.15,-0.07,-966.57,-0.01
641,Entry long,2025-01-23 22:05," | F:75,45,2,0,1.33,0,1,44.28,1,1.25",2753.61,19,52318.59,27.93,0.05,41.23,0.08,-35.15,-0.07,-966.57,-0.01
642,Exit short,2025-01-27 10:35,Short Exit,2758.28,20,55120.6,-45,-0.08,7.6,0.01,-45,-0.08,-1011.57,-0.01
642,Entry short,2025-01-27 10:25," | F:70,42,1,1,0.53,0,0,59.06,1,0.89",2756.03,20,55120.6,-45,-0.08,7.6,0.01,-45,-0.08,-1011.57,-0.01
643,Exit long,2025-01-28 01:20,Long Exit,2739.47,35,95924.15,-42.7,-0.04,41.65,0.04,-42.7,-0.04,-1054.27,-0.01
643,Entry long,2025-01-28 01:00," | F:50,19,3,0,0.83,0,0,48.21,1,0.47",2740.69,35,95924.15,-42.7,-0.04,41.65,0.04,-42.7,-0.04,-1054.27,-0.01
644,Exit long,2025-01-28 22:20,Long Exit,2763.42,34,94000.14,-43.86,-0.05,3.06,0.00,-43.86,-0.05,-1098.13,-0.01
644,Entry long,2025-01-28 22:10," | F:65,6,2,0,0.75,0,1,71.96,1,0.76",2764.71,34,94000.14,-43.86,-0.05,3.06,0.00,-43.86,-0.05,-1098.13,-0.01
645,Exit long,2025-01-29 05:05,Long Exit,2763.71,77,212840.32,-34.65,-0.02,4.62,0.00,-34.65,-0.02,-1132.78,-0.01
645,Entry long,2025-01-29 05:00," | F:70,13,0,0,0.83,0,1,46.77,1,1.05",2764.16,77,212840.32,-34.65,-0.02,4.62,0.00,-34.65,-0.02,-1132.78,-0.01
646,Exit short,2025-01-29 22:10,Short Exit,2757.62,14,38559.92,-46.76,-0.12,47.18,0.12,-46.76,-0.12,-1179.54,-0.01
646,Entry short,2025-01-29 21:40," | F:75,54,2,1,0.66,0,0,59.78,1,1.9",2754.28,14,38559.92,-46.76,-0.12,47.18,0.12,-46.76,-0.12,-1179.54,-0.01
647,Exit long,2025-01-30 06:45,Long Exit,2760.26,68,187734.4,-36.72,-0.02,22.44,0.01,-36.72,-0.02,-1216.26,-0.01
647,Entry long,2025-01-30 06:40," | F:70,15,0,0,0.72,0,1,44.84,1,1.03",2760.8,68,187734.4,-36.72,-0.02,22.44,0.01,-36.72,-0.02,-1216.26,-0.01
648,Exit long,2025-01-30 23:15,Long Exit,2792.63,21,58691.22,-45.99,-0.08,74.55,0.13,-45.99,-0.08,-1262.25,-0.01
648,Entry long,2025-01-30 22:40," | F:65,8,2,0,0.64,0,1,56,1,3.04",2794.82,21,58691.22,-45.99,-0.08,74.55,0.13,-45.99,-0.08,-1262.25,-0.01
649,Exit long,2025-01-30 23:25,Long Exit,2790.51,24,67017.6,-45.36,-0.07,0,0.00,-45.36,-0.07,-1307.61,-0.01
649,Entry long,2025-01-30 23:20," | F:70,49,3,0,0.62,0,1,44.97,1,0.3",2792.4,24,67017.6,-45.36,-0.07,0,0.00,-45.36,-0.07,-1307.61,-0.01
650,Exit short,2025-01-31 13:35,Short Exit,2797.13,49,137019.19,-40.18,-0.03,18.62,0.01,-40.18,-0.03,-1347.79,-0.01
650,Entry short,2025-01-31 13:30," | F:55,40,1,1,0.97,0,1,58.95,1,1.51",2796.31,49,137019.19,-40.18,-0.03,18.62,0.01,-40.18,-0.03,-1347.79,-0.01
651,Exit short,2025-01-31 20:05,Short Exit,2805.81,15,42191.85,104.7,0.25,104.7,0.25,-5.25,-0.01,-1243.09,-0.01
651,Entry short,2025-01-31 19:45," | F:55,31,2,1,0.89,0,1,59.81,1,2.2",2812.79,15,42191.85,104.7,0.25,104.7,0.25,-5.25,-0.01,-1243.09,-0.01
652,Exit short,2025-02-04 05:05,Short Exit,2822.59,33,93101.58,-43.89,-0.05,11.88,0.01,-43.89,-0.05,-1286.98,-0.01
652,Entry short,2025-02-04 05:00," | F:50,12,0,1,0.86,0,1,57.8,1,1.24",2821.26,33,93101.58,-43.89,-0.05,11.88,0.01,-43.89,-0.05,-1286.98,-0.01
653,Exit short,2025-02-04 11:40,Short Exit,2819.2,18,50699.52,-46.08,-0.09,90.18,0.18,-46.08,-0.09,-1333.06,-0.01
653,Entry short,2025-02-04 10:20," | F:45,41,1,1,0.45,0,1,59.14,1,2.5",2816.64,18,50699.52,-46.08,-0.09,90.18,0.18,-46.08,-0.09,-1333.06,-0.01
654,Exit short,2025-02-04 19:15,Short Exit,2842.31,45,127862.55,-41.4,-0.03,99.45,0.08,-41.4,-0.03,-1374.46,-0.01
654,Entry short,2025-02-04 18:25," | F:50,11,2,1,0.92,0,1,59.93,1,0.73",2841.39,45,127862.55,-41.4,-0.03,99.45,0.08,-41.4,-0.03,-1374.46,-0.01
655,Exit short,2025-02-04 22:55,Short Exit,2844.06,52,147851.08,-40.04,-0.03,129.48,0.09,-40.04,-0.03,-1414.5,-0.01
655,Entry short,2025-02-04 21:40," | F:50,12,2,1,0.6,0,1,53.82,1,0.88",2843.29,52,147851.08,-40.04,-0.03,129.48,0.09,-40.04,-0.03,-1414.5,-0.01
656,Exit short,2025-02-05 07:35,Short Exit,2856.5,60,171352.2,-37.8,-0.02,36,0.02,-37.8,-0.02,-1452.3,-0.01
656,Entry short,2025-02-05 07:30," | F:45,8,0,1,0.48,0,1,58.31,1,1.81",2855.87,60,171352.2,-37.8,-0.02,36,0.02,-37.8,-0.02,-1452.3,-0.01
657,Exit long,2025-02-05 14:15,Long Exit,2867.94,29,83213.76,-43.5,-0.05,17.69,0.02,-43.5,-0.05,-1495.8,-0.01
657,Entry long,2025-02-05 14:00," | F:65,9,2,0,1.15,0,1,52.66,1,0.84",2869.44,29,83213.76,-43.5,-0.05,17.69,0.02,-43.5,-0.05,-1495.8,-0.01
658,Exit short,2025-02-06 05:20,Short Exit,2867.33,26,74656.66,106.08,0.14,106.08,0.14,-23.66,-0.03,-1389.72,-0.01
658,Entry short,2025-02-06 04:00," | F:45,84,0,1,0.56,0,1,64.33,1,1.45",2871.41,26,74656.66,106.08,0.14,106.08,0.14,-23.66,-0.03,-1389.72,-0.01
659,Exit long,2025-02-06 13:35,Long Exit,2864.91,22,62922.42,105.6,0.17,105.6,0.17,-7.26,-0.01,-1284.12,-0.01
659,Entry long,2025-02-06 13:25," | F:55,16,1,0,1.5,0,0,53.05,1,1.27",2860.11,22,62922.42,105.6,0.17,105.6,0.17,-7.26,-0.01,-1284.12,-0.01
660,Exit short,2025-02-10 04:20,Short Exit,2873.86,23,66052.78,-46,-0.07,19.55,0.03,-46,-0.07,-1330.12,-0.01
660,Entry short,2025-02-10 04:00," | F:45,11,0,1,1.86,0,1,60.3,1,1.46",2871.86,23,66052.78,-46,-0.07,19.55,0.03,-46,-0.07,-1330.12,-0.01
661,Exit long,2025-02-10 16:15,Long Exit,2902.51,24,69555.12,105.12,0.15,105.12,0.15,-37.2,-0.05,-1225,-0.01
661,Entry long,2025-02-10 16:05," | F:75,62,2,0,0.24,0,1,39.85,1,1.13",2898.13,24,69555.12,105.12,0.15,105.12,0.15,-37.2,-0.05,-1225,-0.01
662,Exit short,2025-02-10 20:10,Short Exit,2904.12,32,92888,-43.84,-0.05,64.96,0.07,-43.84,-0.05,-1268.84,-0.01
662,Entry short,2025-02-10 20:00," | F:55,17,2,1,0.73,0,1,51.02,1,0.78",2902.75,32,92888,-43.84,-0.05,64.96,0.07,-43.84,-0.05,-1268.84,-0.01
663,Exit long,2025-02-11 14:05,Long Exit,2901.71,13,37769.68,-47.45,-0.13,20.15,0.05,-47.45,-0.13,-1316.29,-0.01
663,Entry long,2025-02-11 12:00," | F:70,179,1,0,0.69,0,0,39.73,1,1.32",2905.36,13,37769.68,-47.45,-0.13,20.15,0.05,-47.45,-0.13,-1316.29,-0.01
664,Exit long,2025-02-11 20:20,Long Exit,2904.11,41,119110.33,-41.82,-0.04,55.76,0.05,-41.82,-0.04,-1358.11,-0.01
664,Entry long,2025-02-11 20:05," | F:65,9,2,0,1.05,0,0,55.16,1,0.98",2905.13,41,119110.33,-41.82,-0.04,55.76,0.05,-41.82,-0.04,-1358.11,-0.01
665,Exit long,2025-02-12 02:25,Long Exit,2894.99,32,92683.52,-43.84,-0.05,48.96,0.05,-43.84,-0.05,-1401.95,-0.01
665,Entry long,2025-02-12 02:05," | F:50,31,0,0,1.49,0,0,37.87,1,2.54",2896.36,32,92683.52,-43.84,-0.05,48.96,0.05,-43.84,-0.05,-1401.95,-0.01
666,Exit short,2025-02-12 09:05,Short Exit,2894.68,14,40477.64,-47.88,-0.12,66.22,0.16,-47.88,-0.12,-1449.83,-0.01
666,Entry short,2025-02-12 08:20," | F:70,44,0,1,0.61,0,0,61.32,1,1.27",2891.26,14,40477.64,-47.88,-0.12,66.22,0.16,-47.88,-0.12,-1449.83,-0.01
667,Exit short,2025-02-12 12:30,Short Exit,2884.53,17,49138.67,101.66,0.21,101.66,0.21,-27.03,-0.06,-1348.17,-0.01
667,Entry short,2025-02-12 11:20," | F:75,9,1,1,0.54,0,0,45.49,1,1.03",2890.51,17,49138.67,101.66,0.21,101.66,0.21,-27.03,-0.06,-1348.17,-0.01
668,Exit short,2025-02-13 01:30,Short Exit,2901.18,46,133589.06,134.78,0.10,134.78,0.10,-9.66,-0.01,-1213.39,-0.01
668,Entry short,2025-02-13 01:05," | F:45,55,3,1,1.66,0,1,67.95,1,0.49",2904.11,46,133589.06,134.78,0.10,134.78,0.10,-9.66,-0.01,-1213.39,-0.01
669,Exit short,2025-02-18 04:35,Short Exit,2898.91,35,101419.15,-42.7,-0.04,45.15,0.04,-42.7,-0.04,-1256.09,-0.01
669,Entry short,2025-02-18 04:15," | F:65,16,0,1,0.56,0,0,53.27,1,0.79",2897.69,35,101419.15,-42.7,-0.04,45.15,0.04,-42.7,-0.04,-1256.09,-0.01
670,Exit short,2025-02-18 11:30,Short Exit,2913.13,32,93176,-44.16,-0.05,62.08,0.07,-44.16,-0.05,-1300.25,-0.01
670,Entry short,2025-02-18 10:40," | F:50,13,1,1,0.71,0,1,51.57,1,0.84",2911.75,32,93176,-44.16,-0.05,62.08,0.07,-44.16,-0.05,-1300.25,-0.01
671,Exit long,2025-02-18 12:25,Long Exit,2909.81,27,78610.23,-45.36,-0.06,49.68,0.06,-45.36,-0.06,-1345.61,-0.01
671,Entry long,2025-02-18 11:45," | F:75,15,1,0,0.88,0,1,49.39,1,1.4",2911.49,27,78610.23,-45.36,-0.06,49.68,0.06,-45.36,-0.06,-1345.61,-0.01
672,Exit long,2025-02-19 16:25,Long Exit,2931.12,13,38151.62,-47.06,-0.12,87.62,0.23,-47.06,-0.12,-1392.67,-0.01
672,Entry long,2025-02-19 14:00," | F:70,62,2,0,0.44,0,1,26.73,1,1.7",2934.74,13,38151.62,-47.06,-0.12,87.62,0.23,-47.06,-0.12,-1392.67,-0.01
673,Exit long,2025-02-20 10:00,Long Exit,2952.36,28,82559.68,106.4,0.13,106.4,0.13,-21.56,-0.03,-1286.27,-0.01
673,Entry long,2025-02-20 09:45," | F:70,9,1,0,0.96,0,1,57.49,1,1.28",2948.56,28,82559.68,106.4,0.13,106.4,0.13,-21.56,-0.03,-1286.27,-0.01
674,Exit long,2025-02-20 20:15,Long Exit,2938.44,30,88197.9,-44.7,-0.05,44.7,0.05,-44.7,-0.05,-1330.97,-0.01
674,Entry long,2025-02-20 20:00," | F:75,22,2,0,0.83,0,0,45.06,1,1.27",2939.93,30,88197.9,-44.7,-0.05,44.7,0.05,-44.7,-0.05,-1330.97,-0.01
675,Exit long,2025-02-21 14:10,Long Exit,2930.87,43,125918.19,109.22,0.09,109.22,0.09,-30.96,-0.02,-1221.75,-0.01
675,Entry long,2025-02-21 14:00," | F:55,28,2,0,0.91,0,0,42.33,1,2.19",2928.33,43,125918.19,109.22,0.09,109.22,0.09,-30.96,-0.02,-1221.75,-0.01
676,Exit long,2025-02-24 10:35,Long Exit,2940.21,23,67669.45,-44.62,-0.07,9.66,0.01,-44.62,-0.07,-1266.37,-0.01
676,Entry long,2025-02-24 10:25," | F:75,12,1,0,0.76,0,1,53.81,1,1",2942.15,23,67669.45,-44.62,-0.07,9.66,0.01,-44.62,-0.07,-1266.37,-0.01
677,Exit long,2025-02-25 01:35,Long Exit,2953.05,29,85534.05,104.4,0.12,104.4,0.12,-2.61,0.00,-1161.97,-0.01
677,Entry long,2025-02-25 01:15," | F:70,22,3,0,1.03,0,1,44.07,1,0.9",2949.45,29,85534.05,104.4,0.12,104.4,0.12,-2.61,0.00,-1161.97,-0.01
678,Exit long,2025-02-25 04:20,Long Exit,2951.59,23,67780.77,105.8,0.16,105.8,0.16,-17.71,-0.03,-1056.17,-0.01
678,Entry long,2025-02-25 03:40," | F:70,79,0,0,0.73,0,1,38.48,1,1.48",2946.99,23,67780.77,105.8,0.16,105.8,0.16,-17.71,-0.03,-1056.17,-0.01
679,Exit short,2025-02-25 09:10,Short Exit,2939.27,22,64618.4,-45.54,-0.07,84.48,0.13,-45.54,-0.07,-1101.71,-0.01
679,Entry short,2025-02-25 08:20," | F:65,6,0,1,1.06,0,0,41.38,1,1.06",2937.2,22,64618.4,-45.54,-0.07,84.48,0.13,-45.54,-0.07,-1101.71,-0.01
680,Exit long,2025-02-27 07:15,Long Exit,2893.16,18,52124.58,-47.7,-0.09,8.28,0.02,-47.7,-0.09,-1149.41,-0.01
680,Entry long,2025-02-27 07:05," | F:55,162,0,0,1.84,0,0,22.16,0,0.99",2895.81,18,52124.58,-47.7,-0.09,8.28,0.02,-47.7,-0.09,-1149.41,-0.01
681,Exit long,2025-02-27 13:25,Long Exit,2888.4,13,37595.61,-46.41,-0.12,35.75,0.10,-46.41,-0.12,-1195.82,-0.01
681,Entry long,2025-02-27 13:05," | F:55,10,1,0,0.45,0,0,57.68,0,1.36",2891.97,13,37595.61,-46.41,-0.12,35.75,0.10,-46.41,-0.12,-1195.82,-0.01
682,Exit short,2025-02-27 15:30,Short Exit,2882.39,16,46222.88,104.64,0.23,104.64,0.23,-19.36,-0.04,-1091.18,-0.01
682,Entry short,2025-02-27 15:20," | F:70,26,2,1,1.05,0,0,55.02,0,1.16",2888.93,16,46222.88,104.64,0.23,104.64,0.23,-19.36,-0.04,-1091.18,-0.01
683,Exit long,2025-02-27 21:45,Long Exit,2877.06,16,46080.8,-47.84,-0.10,5.12,0.01,-47.84,-0.10,-1139.02,-0.01
683,Entry long,2025-02-27 21:40," | F:50,30,2,0,0.71,0,0,41.82,0,1.31",2880.05,16,46080.8,-47.84,-0.10,5.12,0.01,-47.84,-0.10,-1139.02,-0.01
684,Exit long,2025-02-28 02:25,Long Exit,2878.71,35,100647.05,107.8,0.11,107.8,0.11,-35.7,-0.04,-1031.22,-0.01
684,Entry long,2025-02-28 01:30," | F:50,14,3,0,0.73,0,0,45.66,0,0.31",2875.63,35,100647.05,107.8,0.11,107.8,0.11,-35.7,-0.04,-1031.22,-0.01
685,Exit long,2025-02-28 21:35,Long Exit,2848.23,35,99580.95,107.1,0.11,107.1,0.11,-12.6,-0.01,-924.12,-0.01
685,Entry long,2025-02-28 21:20," | F:50,11,2,0,2.56,0,0,48.88,0,0.63",2845.17,35,99580.95,107.1,0.11,107.1,0.11,-12.6,-0.01,-924.12,-0.01
686,Exit long,2025-03-03 17:25,Long Exit,2887.59,8,22998.16,102.56,0.45,102.56,0.45,-44.88,-0.20,-821.56,-0.01
686,Entry long,2025-03-03 15:10," | F:75,32,2,0,0.54,0,1,53.02,0,1.95",2874.77,8,22998.16,102.56,0.45,102.56,0.45,-44.88,-0.20,-821.56,-0.01
687,Exit long,2025-03-06 07:20,Long Exit,2915.36,25,72929.25,-45.25,-0.06,7.25,0.01,-45.25,-0.06,-866.81,-0.01
687,Entry long,2025-03-06 07:00," | F:65,112,0,0,1.73,0,0,35.85,1,1.47",2917.17,25,72929.25,-45.25,-0.06,7.25,0.01,-45.25,-0.06,-866.81,-0.01
688,Exit long,2025-03-10 02:50,Long Exit,2913.57,34,99104.9,-43.52,-0.04,28.9,0.03,-43.52,-0.04,-910.33,-0.01
688,Entry long,2025-03-10 02:25," | F:65,16,0,0,0.91,0,1,53.28,1,1.02",2914.85,34,99104.9,-43.52,-0.04,28.9,0.03,-43.52,-0.04,-910.33,-0.01
689,Exit short,2025-03-10 07:40,Time Stop (Bars),2909.33,19,55324.96,47.69,0.09,95.95,0.17,-29.26,-0.05,-862.64,-0.01
689,Entry short,2025-03-10 04:40," | F:70,13,0,1,0.77,0,0,44.67,1,0.83",2911.84,19,55324.96,47.69,0.09,95.95,0.17,-29.26,-0.05,-862.64,-0.01
690,Exit short,2025-03-11 01:25,Time Stop (Bars),2884.06,17,49098.21,69.19,0.14,73.95,0.15,-44.71,-0.09,-793.45,-0.01
690,Entry short,2025-03-10 21:25," | F:70,24,2,1,1.44,0,0,50.06,0,1.05",2888.13,17,49098.21,69.19,0.14,73.95,0.15,-44.71,-0.09,-793.45,-0.01
691,Exit short,2025-03-11 03:20,Short Exit,2888.57,9,25951.14,-45.99,-0.18,15.48,0.06,-45.99,-0.18,-839.44,-0.01
691,Entry short,2025-03-11 03:00," | F:70,36,0,1,0.93,0,0,40.56,0,3.38",2883.46,9,25951.14,-45.99,-0.18,15.48,0.06,-45.99,-0.18,-839.44,-0.01
692,Exit long,2025-03-12 20:05,Long Exit,2935.54,33,96916.71,-43.89,-0.05,6.27,0.01,-43.89,-0.05,-883.33,-0.01
692,Entry long,2025-03-12 20:00," | F:75,15,2,0,0.78,0,1,57.84,1,1.25",2936.87,33,96916.71,-43.89,-0.05,6.27,0.01,-43.89,-0.05,-883.33,-0.01
693,Exit long,2025-03-12 21:15,Long Exit,2933.62,25,73385,-44.5,-0.06,42.75,0.06,-44.5,-0.06,-927.83,-0.01
693,Entry long,2025-03-12 20:20," | F:70,25,2,0,1.02,0,1,51.77,1,0.65",2935.4,25,73385,-44.5,-0.06,42.75,0.06,-44.5,-0.06,-927.83,-0.01
694,Exit short,2025-03-13 10:30,Short Exit,2943.2,30,88251.3,-44.7,-0.05,24,0.03,-44.7,-0.05,-972.53,-0.01
694,Entry short,2025-03-13 10:15," | F:45,35,1,1,0.39,0,1,67.79,1,1.35",2941.71,30,88251.3,-44.7,-0.05,24,0.03,-44.7,-0.05,-972.53,-0.01
695,Exit long,2025-03-14 15:20,Long Exit,2995.88,37,110741,106.56,0.10,106.56,0.10,-15.54,-0.01,-865.97,-0.01
695,Entry long,2025-03-14 15:10," | F:75,29,2,0,2.25,0,1,40.96,1,1.29",2993,37,110741,106.56,0.10,106.56,0.10,-15.54,-0.01,-865.97,-0.01
696,Exit long,2025-03-17 05:10,Long Exit,2986.26,17,50814.53,-48.11,-0.09,67.15,0.13,-48.11,-0.09,-914.08,-0.01
696,Entry long,2025-03-17 02:25," | F:65,28,0,0,0.96,0,1,48.98,1,1.7",2989.09,17,50814.53,-48.11,-0.09,67.15,0.13,-48.11,-0.09,-914.08,-0.01
697,Exit short,2025-03-17 09:30,Short Exit,2986.95,40,119586,108,0.09,108,0.09,-14.4,-0.01,-806.08,-0.01
697,Entry short,2025-03-17 08:45," | F:50,57,0,1,1.3,0,1,68.6,1,0.93",2989.65,40,119586,108,0.09,108,0.09,-14.4,-0.01,-806.08,-0.01
698,Exit long,2025-03-17 14:55,Long Exit,2984.95,15,44820.75,-46.5,-0.10,97.95,0.22,-46.5,-0.10,-852.58,-0.01
698,Entry long,2025-03-17 14:20," | F:70,46,2,0,0.35,0,0,21.96,1,2.81",2988.05,15,44820.75,-46.5,-0.10,97.95,0.22,-46.5,-0.10,-852.58,-0.01
699,Exit long,2025-03-18 15:45,Long Exit,3032.19,25,75698.25,106.5,0.14,106.5,0.14,-10.75,-0.01,-746.08,-0.01
699,Entry long,2025-03-18 15:40," | F:70,22,2,0,0.56,0,1,42.33,1,2.47",3027.93,25,75698.25,106.5,0.14,106.5,0.14,-10.75,-0.01,-746.08,-0.01
700,Exit long,2025-03-19 03:10,Long Exit,3029.51,29,87899.87,-44.08,-0.05,13.92,0.02,-44.08,-0.05,-790.16,-0.01
700,Entry long,2025-03-19 03:05," | F:70,106,0,0,2.5,0,1,41.52,1,2.66",3031.03,29,87899.87,-44.08,-0.05,13.92,0.02,-44.08,-0.05,-790.16,-0.01
701,Exit short,2025-03-19 17:05,Short Exit,3031.97,19,57561.45,-45.98,-0.08,54.15,0.09,-45.98,-0.08,-836.14,-0.01
701,Entry short,2025-03-19 16:30," | F:70,7,2,1,1.38,0,0,41.53,1,0.95",3029.55,19,57561.45,-45.98,-0.08,54.15,0.09,-45.98,-0.08,-836.14,-0.01
702,Exit long,2025-03-20 04:35,Long Exit,3048.25,22,67108.14,-46.64,-0.07,39.38,0.06,-46.64,-0.07,-882.78,-0.01
702,Entry long,2025-03-20 04:00," | F:65,44,0,0,0.65,0,1,42.96,1,0.81",3050.37,22,67108.14,-46.64,-0.07,39.38,0.06,-46.64,-0.07,-882.78,-0.01
703,Exit long,2025-03-20 10:20,Long Exit,3040.41,23,69975.66,-46.23,-0.07,4.6,0.01,-46.23,-0.07,-929.01,-0.01
703,Entry long,2025-03-20 10:10," | F:70,153,1,0,1.93,0,0,36.13,1,0.95",3042.42,23,69975.66,-46.23,-0.07,4.6,0.01,-46.23,-0.07,-929.01,-0.01
704,Exit short,2025-03-21 08:45,Short Exit,3028.15,26,78838.5,106.6,0.14,106.6,0.14,-5.72,-0.01,-822.41,-0.01
704,Entry short,2025-03-21 08:40," | F:70,46,0,1,0.44,0,0,60.15,1,0.95",3032.25,26,78838.5,106.6,0.14,106.6,0.14,-5.72,-0.01,-822.41,-0.01
705,Exit long,2025-03-24 19:15,Long Exit,3007.12,20,60187.2,-44.8,-0.07,7.2,0.01,-44.8,-0.07,-867.21,-0.01
705,Entry long,2025-03-24 19:00," | F:50,23,2,0,1.38,0,0,38.58,1,1.02",3009.36,20,60187.2,-44.8,-0.07,7.2,0.01,-44.8,-0.07,-867.21,-0.01
706,Exit long,2025-03-25 11:30,Long Exit,3019.65,23,69496.57,-44.62,-0.06,3.68,0.01,-44.62,-0.06,-911.83,-0.01
706,Entry long,2025-03-25 11:20," | F:70,8,1,0,1.26,0,1,65.97,1,1.16",3021.59,23,69496.57,-44.62,-0.06,3.68,0.01,-44.62,-0.06,-911.83,-0.01
707,Exit long,2025-03-26 02:35,Long Exit,3019.39,31,93644.8,-43.71,-0.05,42.47,0.05,-43.71,-0.05,-955.54,-0.01
707,Entry long,2025-03-26 00:00," | F:70,12,3,0,0.47,0,1,55.65,1,1.11",3020.8,31,93644.8,-43.71,-0.05,42.47,0.05,-43.71,-0.05,-955.54,-0.01
708,Exit long,2025-03-26 04:50,Long Exit,3023.02,50,151191.5,-40.5,-0.03,12,0.01,-40.5,-0.03,-996.04,-0.01
708,Entry long,2025-03-26 04:45," | F:65,12,0,0,0.91,0,1,55.47,1,0.73",3023.83,50,151191.5,-40.5,-0.03,12,0.01,-40.5,-0.03,-996.04,-0.01
709,Exit short,2025-03-26 12:40,Short Exit,3023.79,40,120909.2,-42.4,-0.04,58.8,0.05,-42.4,-0.04,-1038.44,-0.01
709,Entry short,2025-03-26 12:25," | F:75,18,1,1,0.76,0,1,54.52,1,1.54",3022.73,40,120909.2,-42.4,-0.04,58.8,0.05,-42.4,-0.04,-1038.44,-0.01
710,Exit long,2025-03-28 00:55,Long Exit,3054.36,32,97783.36,-43.84,-0.04,55.04,0.06,-43.84,-0.04,-1082.28,-0.01
710,Entry long,2025-03-28 00:20," | F:70,36,3,0,0.71,0,1,48.94,1,0.47",3055.73,32,97783.36,-43.84,-0.04,55.04,0.06,-43.84,-0.04,-1082.28,-0.01
711,Exit long,2025-03-31 16:30,Long Exit,3113.79,14,43641.08,-48.02,-0.11,62.72,0.14,-48.02,-0.11,-1130.3,-0.01
711,Entry long,2025-03-31 16:05," | F:65,19,2,0,0.82,0,1,42.46,1,2.07",3117.22,14,43641.08,-48.02,-0.11,62.72,0.14,-48.02,-0.11,-1130.3,-0.01
712,Exit long,2025-04-02 13:50,Long Exit,3112.32,12,37393.92,-46.08,-0.12,6.84,0.02,-46.08,-0.12,-1176.38,-0.01
712,Entry long,2025-04-02 13:45," | F:55,44,1,0,1.37,0,0,21.34,1,1.87",3116.16,12,37393.92,-46.08,-0.12,6.84,0.02,-46.08,-0.12,-1176.38,-0.01
713,Exit short,2025-04-03 08:25,Short Exit,3129.88,7,22014.72,105.56,0.48,105.56,0.48,-36.4,-0.17,-1070.82,-0.01
713,Entry short,2025-04-03 06:05," | F:50,10,0,1,0.75,0,1,42.47,1,1.39",3144.96,7,22014.72,105.56,0.48,105.56,0.48,-36.4,-0.17,-1070.82,-0.01
714,Exit long,2025-04-04 03:15,Long Exit,3111.8,20,62281.4,-45.4,-0.07,16.4,0.03,-45.4,-0.07,-1116.22,-0.01
714,Entry long,2025-04-04 03:00," | F:65,8,0,0,0.71,0,1,52.66,1,3.43",3114.07,20,62281.4,-45.4,-0.07,16.4,0.03,-45.4,-0.07,-1116.22,-0.01
715,Exit long,2025-04-04 15:05,Long Exit,3095.35,3,9330.66,-44.61,-0.48,5.94,0.06,-44.61,-0.48,-1160.83,-0.01
715,Entry long,2025-04-04 14:45," | F:70,17,1,0,0.8,0,1,49.61,1,1.52",3110.22,3,9330.66,-44.61,-0.48,5.94,0.06,-44.61,-0.48,-1160.83,-0.01
716,Exit long,2025-04-04 15:25,Long Exit,3091.44,5,15504.15,-46.95,-0.30,16.55,0.11,-46.95,-0.30,-1207.78,-0.01
716,Entry long,2025-04-04 15:15," | F:50,28,2,0,0.36,0,0,44.42,1,1.02",3100.83,5,15504.15,-46.95,-0.30,16.55,0.11,-46.95,-0.30,-1207.78,-0.01
717,Exit long,2025-04-08 17:55,Long Exit,3008.21,11,33136.62,-46.31,-0.14,63.58,0.19,-46.31,-0.14,-1254.09,-0.01
717,Entry long,2025-04-08 17:25," | F:75,8,2,0,0.79,0,1,52.16,0,0.81",3012.42,11,33136.62,-46.31,-0.14,63.58,0.19,-46.31,-0.14,-1254.09,-0.01
718,Exit long,2025-04-08 20:25,Long Exit,2976.37,10,29810.3,-46.6,-0.16,31.4,0.11,-46.6,-0.16,-1300.69,-0.01
718,Entry long,2025-04-08 20:10," | F:50,242,2,0,1.59,0,0,25,0,1.22",2981.03,10,29810.3,-46.6,-0.16,31.4,0.11,-46.6,-0.16,-1300.69,-0.01
719,Exit short,2025-04-09 12:30,Short Exit,3048,11,33479.49,-48.51,-0.14,1.87,0.01,-48.51,-0.14,-1349.2,-0.01
719,Entry short,2025-04-09 12:25," | F:50,13,1,1,0.87,0,1,52.83,0,0.56",3043.59,11,33479.49,-48.51,-0.14,1.87,0.01,-48.51,-0.14,-1349.2,-0.01
720,Exit short,2025-04-14 22:45,Short Exit,3212.34,28,89901.56,-43.96,-0.05,61.04,0.07,-43.96,-0.05,-1393.16,-0.01
720,Entry short,2025-04-14 22:20," | F:70,14,2,1,0.42,0,0,55.09,1,0.72",3210.77,28,89901.56,-43.96,-0.05,61.04,0.07,-43.96,-0.05,-1393.16,-0.01
721,Exit short,2025-04-17 16:50,Short Exit,3315.95,6,20001.9,106.2,0.53,106.2,0.53,-5.4,-0.03,-1286.96,-0.01
721,Entry short,2025-04-17 15:15," | F:45,87,2,1,1.05,0,1,62.31,1,2.91",3333.65,6,20001.9,106.2,0.53,106.2,0.53,-5.4,-0.03,-1286.96,-0.01
722,Exit long,2025-04-22 09:45,Long Exit,3488.29,13,45241.17,106.6,0.24,106.6,0.24,-9.62,-0.02,-1180.36,-0.01
722,Entry long,2025-04-22 09:35," | F:70,42,0,0,0.68,0,1,44.14,1,1.68",3480.09,13,45241.17,106.6,0.24,106.6,0.24,-9.62,-0.02,-1180.36,-0.01
723,Exit long,2025-04-23 08:35,Long Exit,3328.98,5,16693.75,-48.85,-0.29,53.45,0.32,-48.85,-0.29,-1229.21,-0.01
723,Entry long,2025-04-23 06:15," | F:50,53,0,0,1.04,0,0,29.21,1,1.41",3338.75,5,16693.75,-48.85,-0.29,53.45,0.32,-48.85,-0.29,-1229.21,-0.01
724,Exit long,2025-04-23 14:15,Long Exit,3332.86,13,43224.74,102.44,0.24,102.44,0.24,-6.76,-0.02,-1126.77,-0.01
724,Entry long,2025-04-23 14:05," | F:55,14,1,0,1.32,0,0,47.08,1,0.94",3324.98,13,43224.74,102.44,0.24,102.44,0.24,-6.76,-0.02,-1126.77,-0.01
725,Exit long,2025-04-24 12:40,Long Exit,3328.43,19,63285.77,-45.6,-0.07,9.31,0.01,-45.6,-0.07,-1172.37,-0.01
725,Entry long,2025-04-24 12:35," | F:75,24,1,0,1.34,0,1,44.8,1,0.55",3330.83,19,63285.77,-45.6,-0.07,9.31,0.01,-45.6,-0.07,-1172.37,-0.01
726,Exit long,2025-04-30 08:55,Long Exit,3307.55,33,109192.38,-43.23,-0.04,50.82,0.05,-43.23,-0.04,-1215.6,-0.01
726,Entry long,2025-04-30 08:45," | F:50,10,0,0,0.65,0,0,49.55,1,0.92",3308.86,33,109192.38,-43.23,-0.04,50.82,0.05,-43.23,-0.04,-1215.6,-0.01
727,Exit short,2025-04-30 10:35,Short Exit,3312.42,29,96015.81,-44.37,-0.05,58.29,0.06,-44.37,-0.05,-1259.97,-0.01
727,Entry short,2025-04-30 10:25," | F:70,24,1,1,0.93,0,0,57.76,0,1.53",3310.89,29,96015.81,-44.37,-0.05,58.29,0.06,-44.37,-0.05,-1259.97,-0.01
728,Exit long,2025-05-02 19:10,Long Exit,3226.47,10,32313.3,-48.6,-0.15,5.6,0.02,-48.6,-0.15,-1308.57,-0.01
728,Entry long,2025-05-02 19:00," | F:70,230,2,0,0.52,0,0,31.07,0,1.53",3231.33,10,32313.3,-48.6,-0.15,5.6,0.02,-48.6,-0.15,-1308.57,-0.01
729,Exit short,2025-05-06 02:00,Short Exit,3332.91,30,99942.9,-44.4,-0.04,60.9,0.06,-44.4,-0.04,-1352.97,-0.01
729,Entry short,2025-05-06 01:40," | F:50,9,3,1,0.71,0,1,55.68,1,0.9",3331.43,30,99942.9,-44.4,-0.04,60.9,0.06,-44.4,-0.04,-1352.97,-0.01
730,Exit long,2025-05-06 17:25,Long Exit,3387.64,10,33922.3,-45.9,-0.14,58.2,0.17,-45.9,-0.14,-1398.87,-0.01
730,Entry long,2025-05-06 16:40," | F:65,10,2,0,0.64,0,1,58.11,1,1.22",3392.23,10,33922.3,-45.9,-0.14,58.2,0.17,-45.9,-0.14,-1398.87,-0.01
731,Exit long,2025-05-06 23:35,Long Exit,3428.85,8,27328.08,102.72,0.38,102.72,0.38,-45.84,-0.17,-1296.15,-0.01
731,Entry long,2025-05-06 20:35," | F:65,5,2,0,0.83,0,1,73.2,1,0.72",3416.01,8,27328.08,102.72,0.38,102.72,0.38,-45.84,-0.17,-1296.15,-0.01
732,Exit long,2025-05-07 03:35,Long Exit,3376.58,5,16929.55,-46.65,-0.28,93.45,0.55,-46.65,-0.28,-1342.8,-0.01
732,Entry long,2025-05-07 02:00," | F:70,115,3,0,0.32,0,0,34.9,1,1.44",3385.91,5,16929.55,-46.65,-0.28,93.45,0.55,-46.65,-0.28,-1342.8,-0.01
733,Exit long,2025-05-08 13:15,Long Exit,3340.32,15,50001.9,102.9,0.21,102.9,0.21,-8.25,-0.02,-1239.9,-0.01
733,Entry long,2025-05-08 13:00," | F:50,37,1,0,1.02,0,0,37.97,1,1.35",3333.46,15,50001.9,102.9,0.21,102.9,0.21,-8.25,-0.02,-1239.9,-0.01
734,Exit long,2025-05-08 15:15,Long Exit,3349.33,17,56835.59,103.02,0.18,103.02,0.18,-31.11,-0.05,-1136.88,-0.01
734,Entry long,2025-05-08 14:40," | F:50,7,1,0,0.67,0,0,54,1,0.7",3343.27,17,56835.59,103.02,0.18,103.02,0.18,-31.11,-0.05,-1136.88,-0.01
735,Exit long,2025-05-08 17:25,Long Exit,3351.43,10,33560.5,-46.2,-0.14,67.8,0.20,-46.2,-0.14,-1183.08,-0.01
735,Entry long,2025-05-08 17:00," | F:50,14,2,0,0.97,0,0,50.16,1,1.61",3356.05,10,33560.5,-46.2,-0.14,67.8,0.20,-46.2,-0.14,-1183.08,-0.01
736,Exit long,2025-05-09 13:00,Long Exit,3323.38,13,43250.22,-46.28,-0.11,6.11,0.01,-46.28,-0.11,-1229.36,-0.01
736,Entry long,2025-05-09 12:30," | F:75,12,1,0,0.8,0,1,54.6,1,1.03",3326.94,13,43250.22,-46.28,-0.11,6.11,0.01,-46.28,-0.11,-1229.36,-0.01
737,Exit long,2025-05-12 04:00,Long Exit,3271.75,9,29494.17,-48.42,-0.16,45.54,0.15,-48.42,-0.16,-1277.78,-0.01
737,Entry long,2025-05-12 03:45," | F:50,21,0,0,1.35,0,0,41.37,0,1.05",3277.13,9,29494.17,-48.42,-0.16,45.54,0.15,-48.42,-0.16,-1277.78,-0.01
738,Exit long,2025-05-12 08:35,Long Exit,3271.81,12,39311.16,-49.44,-0.13,6.84,0.02,-49.44,-0.13,-1327.22,-0.01
738,Entry long,2025-05-12 08:30," | F:45,30,0,0,0.66,0,0,45.6,0,3.05",3275.93,12,39311.16,-49.44,-0.13,6.84,0.02,-49.44,-0.13,-1327.22,-0.01
739,Exit short,2025-05-14 09:05,Short Exit,3235.16,26,84070.22,-43.94,-0.05,2.6,0.00,-43.94,-0.05,-1371.16,-0.01
739,Entry short,2025-05-14 09:00," | F:65,38,0,1,0.53,0,0,61.11,0,1.31",3233.47,26,84070.22,-43.94,-0.05,2.6,0.00,-43.94,-0.05,-1371.16,-0.01
740,Exit short,2025-05-14 18:25,Short Exit,3186.27,16,50934.08,-46.24,-0.09,12.8,0.03,-46.24,-0.09,-1417.4,-0.01
740,Entry short,2025-05-14 18:20," | F:75,7,2,1,1.08,0,0,43.38,0,0.66",3183.38,16,50934.08,-46.24,-0.09,12.8,0.03,-46.24,-0.09,-1417.4,-0.01
741,Exit long,2025-05-16 06:10,Long Exit,3210.45,11,35364.01,-49.06,-0.14,1.32,0.00,-49.06,-0.14,-1466.46,-0.01
741,Entry long,2025-05-16 06:00," | F:75,130,0,0,0.72,0,0,35.38,0,1.11",3214.91,11,35364.01,-49.06,-0.14,1.32,0.00,-49.06,-0.14,-1466.46,-0.01
742,Exit short,2025-05-16 10:20,Short Exit,3206.14,13,41784.6,104.78,0.25,104.78,0.25,-4.29,-0.01,-1361.68,-0.01
742,Entry short,2025-05-16 10:10," | F:70,8,1,1,1.08,0,0,43.23,0,1.13",3214.2,13,41784.6,104.78,0.25,104.78,0.25,-4.29,-0.01,-1361.68,-0.01
743,Exit long,2025-05-19 01:00,Long Exit,3211.83,7,22383.83,98.98,0.44,98.98,0.44,-22.47,-0.10,-1262.7,-0.01
743,Entry long,2025-05-16 23:00," | F:65,10,2,0,0.65,0,1,66.7,0,1.93",3197.69,7,22383.83,98.98,0.44,98.98,0.44,-22.47,-0.10,-1262.7,-0.01
744,Exit long,2025-05-19 17:00,Long Exit,3224.51,9,29069.64,-49.05,-0.17,41.4,0.14,-49.05,-0.17,-1311.75,-0.01
744,Entry long,2025-05-19 16:35," | F:65,80,2,0,0.56,0,1,39.26,0,1.79",3229.96,9,29069.64,-49.05,-0.17,41.4,0.14,-49.05,-0.17,-1311.75,-0.01
745,Exit long,2025-05-19 18:40,Long Exit,3231.75,14,45291.54,-47.04,-0.10,6.72,0.01,-47.04,-0.10,-1358.79,-0.01
745,Entry long,2025-05-19 18:20," | F:70,8,2,0,0.68,0,1,54.59,0,0.58",3235.11,14,45291.54,-47.04,-0.10,6.72,0.01,-47.04,-0.10,-1358.79,-0.01
746,Exit long,2025-05-20 08:35,Long Exit,3213.74,26,83602.22,-44.98,-0.05,76.96,0.09,-44.98,-0.05,-1403.77,-0.01
746,Entry long,2025-05-20 08:25," | F:50,10,0,0,0.91,0,0,52.92,0,1.31",3215.47,26,83602.22,-44.98,-0.05,76.96,0.09,-44.98,-0.05,-1403.77,-0.01
747,Exit long,2025-05-20 15:30,Long Exit,3243.6,16,51795.52,102.08,0.20,102.08,0.20,-1.12,0.00,-1301.69,-0.01
747,Entry long,2025-05-20 15:20," | F:70,21,2,0,0.62,0,1,50.59,0,1.78",3237.22,16,51795.52,102.08,0.20,102.08,0.20,-1.12,0.00,-1301.69,-0.01
748,Exit short,2025-05-21 13:30,Short Exit,3317.73,31,102806.54,-43.09,-0.04,50.53,0.05,-43.09,-0.04,-1344.78,-0.01
748,Entry short,2025-05-21 13:25," | F:50,43,1,1,1.41,0,1,63.77,1,1.41",3316.34,31,102806.54,-43.09,-0.04,50.53,0.05,-43.09,-0.04,-1344.78,-0.01
749,Exit long,2025-05-23 03:50,Long Exit,3293.33,9,29686.68,-46.71,-0.16,93.24,0.31,-46.71,-0.16,-1391.49,-0.01
749,Entry long,2025-05-23 03:05," | F:50,29,0,0,0.5,0,0,52.06,1,2.58",3298.52,9,29686.68,-46.71,-0.16,93.24,0.31,-46.71,-0.16,-1391.49,-0.01
750,Exit long,2025-05-23 14:15,Long Exit,3326.13,21,69894.51,-45.78,-0.07,33.6,0.05,-45.78,-0.07,-1437.27,-0.01
750,Entry long,2025-05-23 14:00," | F:70,6,1,0,0.73,0,1,49.84,1,0.84",3328.31,21,69894.51,-45.78,-0.07,33.6,0.05,-45.78,-0.07,-1437.27,-0.01
751,Exit short,2025-05-23 17:35,Short Exit,3354.08,20,67034.8,-46.8,-0.07,89.2,0.13,-46.8,-0.07,-1484.07,-0.01
751,Entry short,2025-05-23 17:20," | F:55,14,2,1,0.4,0,1,55.57,1,0.98",3351.74,20,67034.8,-46.8,-0.07,89.2,0.13,-46.8,-0.07,-1484.07,-0.01
752,Exit long,2025-05-26 08:25,Long Exit,3345.87,17,56927.56,-47.77,-0.08,5.1,0.01,-47.77,-0.08,-1531.84,-0.02
752,Entry long,2025-05-26 08:20," | F:70,23,0,0,0.75,0,1,51.11,1,1.04",3348.68,17,56927.56,-47.77,-0.08,5.1,0.01,-47.77,-0.08,-1531.84,-0.02
753,Exit long,2025-05-27 08:25,Long Exit,3327.4,15,49956.45,-45.45,-0.09,10.5,0.02,-45.45,-0.09,-1577.29,-0.02
753,Entry long,2025-05-27 08:05," | F:50,188,0,0,1.33,0,0,22.36,1,2.5",3330.43,15,49956.45,-45.45,-0.09,10.5,0.02,-45.45,-0.09,-1577.29,-0.02
754,Exit long,2025-05-28 05:05,Time Stop (Bars),3305.89,6,19831.44,3.9,0.02,62.82,0.32,-40.92,-0.21,-1573.39,-0.02
754,Entry long,2025-05-28 02:05," | F:50,61,3,0,0.73,0,0,55.18,1,3.02",3305.24,6,19831.44,3.9,0.02,62.82,0.32,-40.92,-0.21,-1573.39,-0.02
755,Exit long,2025-05-28 13:30,Long Exit,3318.1,20,66408.2,-46.2,-0.07,11.8,0.02,-46.2,-0.07,-1619.59,-0.02
755,Entry long,2025-05-28 13:20," | F:75,21,1,0,1.08,0,1,50.21,1,0.77",3320.41,20,66408.2,-46.2,-0.07,11.8,0.02,-46.2,-0.07,-1619.59,-0.02
756,Exit long,2025-05-28 14:10,Long Exit,3311,24,79509.84,-45.84,-0.06,16.8,0.02,-45.84,-0.06,-1665.43,-0.02
756,Entry long,2025-05-28 14:05," | F:75,42,1,0,1.51,0,1,33.38,1,0.79",3312.91,24,79509.84,-45.84,-0.06,16.8,0.02,-45.84,-0.06,-1665.43,-0.02
757,Exit short,2025-05-30 04:05,Short Exit,3315.45,16,52998.88,-48.32,-0.09,4,0.01,-48.32,-0.09,-1713.75,-0.02
757,Entry short,2025-05-30 04:00," | F:50,12,0,1,1.44,0,1,40.84,1,2.77",3312.43,16,52998.88,-48.32,-0.09,4,0.01,-48.32,-0.09,-1713.75,-0.02
758,Exit short,2025-06-05 11:40,Short Exit,3374.45,25,84317,-44.25,-0.05,88,0.10,-44.25,-0.05,-1758,-0.02
758,Entry short,2025-06-05 10:20," | F:70,44,1,1,0.44,0,1,62.96,1,1.26",3372.68,25,84317,-44.25,-0.05,88,0.10,-44.25,-0.05,-1758,-0.02
759,Exit long,2025-06-05 17:45,Long Exit,3367.11,5,16881.3,-45.75,-0.27,34.4,0.20,-45.75,-0.27,-1803.75,-0.02
759,Entry long,2025-06-05 17:05," | F:65,86,2,0,0.3,0,0,39.32,1,1.06",3376.26,5,16881.3,-45.75,-0.27,34.4,0.20,-45.75,-0.27,-1803.75,-0.02
760,Exit long,2025-06-06 03:45,Long Exit,3359.36,22,73950.8,-44.88,-0.06,6.82,0.01,-44.88,-0.06,-1848.63,-0.02
760,Entry long,2025-06-06 03:40," | F:45,12,0,0,0.77,0,0,53.2,1,1.82",3361.4,22,73950.8,-44.88,-0.06,6.82,0.01,-44.88,-0.06,-1848.63,-0.02
761,Exit long,2025-06-06 04:25,Long Exit,3367.23,13,43673.89,100.1,0.23,100.1,0.23,-13.52,-0.03,-1748.53,-0.02
761,Entry long,2025-06-06 04:00," | F:50,35,0,0,0.49,0,0,46.78,1,3.08",3359.53,13,43673.89,100.1,0.23,100.1,0.23,-13.52,-0.03,-1748.53,-0.02
762,Exit long,2025-06-09 15:15,Long Exit,3313.52,24,79570.56,-46.08,-0.06,22.8,0.03,-46.08,-0.06,-1794.61,-0.02
762,Entry long,2025-06-09 15:10," | F:55,16,2,0,0.69,0,0,44.7,0,1.45",3315.44,24,79570.56,-46.08,-0.06,22.8,0.03,-46.08,-0.06,-1794.61,-0.02
763,Exit long,2025-06-09 18:00,Long Exit,3323.33,20,66365,101.6,0.15,101.6,0.15,-9.2,-0.01,-1693.01,-0.02
763,Entry long,2025-06-09 17:40," | F:75,13,2,0,1.77,0,0,48.44,0,0.78",3318.25,20,66365,101.6,0.15,101.6,0.15,-9.2,-0.01,-1693.01,-0.02
764,Exit long,2025-06-10 12:15,Long Exit,3330.46,34,113130.24,105.4,0.09,105.4,0.09,-3.4,0.00,-1587.61,-0.02
764,Entry long,2025-06-10 11:45," | F:70,17,1,0,0.86,0,1,50.33,0,0.54",3327.36,34,113130.24,105.4,0.09,105.4,0.09,-3.4,0.00,-1587.61,-0.02
765,Exit long,2025-06-10 17:30,Long Exit,3331.08,15,50014.05,-47.85,-0.10,14.55,0.03,-47.85,-0.10,-1635.46,-0.02
765,Entry long,2025-06-10 17:20," | F:70,26,2,0,0.86,0,1,40.05,1,1.12",3334.27,15,50014.05,-47.85,-0.10,14.55,0.03,-47.85,-0.10,-1635.46,-0.02
766,Exit long,2025-06-11 05:40,Long Exit,3336.77,16,53282.08,106.24,0.20,106.24,0.20,-8.64,-0.02,-1529.22,-0.02
766,Entry long,2025-06-11 05:05," | F:70,25,0,0,1.24,0,1,48,0,0.66",3330.13,16,53282.08,106.24,0.20,106.24,0.20,-8.64,-0.02,-1529.22,-0.02
767,Exit long,2025-06-13 07:55,Long Exit,3425.58,16,54856.16,-46.88,-0.09,18.4,0.03,-46.88,-0.09,-1576.1,-0.02
767,Entry long,2025-06-13 07:35," | F:65,7,0,0,0.97,0,1,50.54,1,0.67",3428.51,16,54856.16,-46.88,-0.09,18.4,0.03,-46.88,-0.09,-1576.1,-0.02
768,Exit long,2025-06-13 13:35,Long Exit,3414.85,16,54685.76,-48.16,-0.09,99.52,0.18,-48.16,-0.09,-1624.26,-0.02
768,Entry long,2025-06-13 13:20," | F:75,29,1,0,0.66,0,1,39.85,1,1.35",3417.86,16,54685.76,-48.16,-0.09,99.52,0.18,-48.16,-0.09,-1624.26,-0.02
769,Exit long,2025-06-13 18:15,Long Exit,3422.61,10,34276.6,-50.5,-0.15,4,0.01,-50.5,-0.15,-1674.76,-0.02
769,Entry long,2025-06-13 18:05," | F:70,34,2,0,0.7,0,1,42.76,1,0.77",3427.66,10,34276.6,-50.5,-0.15,4,0.01,-50.5,-0.15,-1674.76,-0.02
770,Exit long,2025-06-16 19:10,Long Exit,3400.8,18,61261.2,-46.8,-0.08,9.36,0.02,-46.8,-0.08,-1721.56,-0.02
770,Entry long,2025-06-16 19:05," | F:55,10,2,0,0.82,0,0,52.38,1,0.49",3403.4,18,61261.2,-46.8,-0.08,9.36,0.02,-46.8,-0.08,-1721.56,-0.02
771,Exit long,2025-06-18 04:55,Long Exit,3379.04,18,60869.52,-46.8,-0.08,22.32,0.04,-46.8,-0.08,-1768.36,-0.02
771,Entry long,2025-06-18 04:45," | F:55,103,0,0,1.26,0,0,39.39,1,1.03",3381.64,18,60869.52,-46.8,-0.08,22.32,0.04,-46.8,-0.08,-1768.36,-0.02
772,Exit short,2025-06-18 13:45,Short Exit,3376.13,24,81131.28,104.16,0.13,104.16,0.13,-34.8,-0.04,-1664.2,-0.02
772,Entry short,2025-06-18 13:35," | F:75,15,1,1,0.55,0,0,48.73,1,1.35",3380.47,24,81131.28,104.16,0.13,104.16,0.13,-34.8,-0.04,-1664.2,-0.02
773,Exit long,2025-06-18 19:00,Long Exit,3394.29,11,37238.41,98.78,0.27,98.78,0.27,-8.58,-0.02,-1565.42,-0.02
773,Entry long,2025-06-18 18:15," | F:70,11,2,0,2.06,0,0,46.57,1,0.77",3385.31,11,37238.41,98.78,0.27,98.78,0.27,-8.58,-0.02,-1565.42,-0.02
774,Exit short,2025-06-18 20:00,Short Exit,3389.56,43,145860.3,109.22,0.07,109.22,0.07,-15.05,-0.01,-1456.2,-0.01
774,Entry short,2025-06-18 19:30," | F:50,6,2,1,0.83,0,1,57.8,1,0.66",3392.1,43,145860.3,109.22,0.07,109.22,0.07,-15.05,-0.01,-1456.2,-0.01
775,Exit short,2025-06-20 09:40,Short Exit,3341.26,12,40194.24,99.12,0.25,99.12,0.25,-3.12,-0.01,-1357.08,-0.01
775,Entry short,2025-06-20 08:40," | F:70,7,0,1,0.63,0,0,38.29,0,1.66",3349.52,12,40194.24,99.12,0.25,99.12,0.25,-3.12,-0.01,-1357.08,-0.01
776,Exit long,2025-06-20 14:45,Long Exit,3351.02,27,90521.82,-44.28,-0.05,76.41,0.08,-44.28,-0.05,-1401.36,-0.01
776,Entry long,2025-06-20 14:30," | F:55,31,1,0,0.76,0,0,42.82,0,1.59",3352.66,27,90521.82,-44.28,-0.05,76.41,0.08,-44.28,-0.05,-1401.36,-0.01
777,Exit long,2025-06-23 14:00,Long Exit,3369.01,29,97596.31,104.98,0.11,104.98,0.11,-24.94,-0.03,-1296.38,-0.01
777,Entry long,2025-06-23 13:10," | F:75,7,1,0,0.98,0,1,57.22,0,0.77",3365.39,29,97596.31,104.98,0.11,104.98,0.11,-24.94,-0.03,-1296.38,-0.01
778,Exit long,2025-06-23 21:15,Long Exit,3387.4,13,43929.86,106.34,0.24,106.34,0.24,-13,-0.03,-1190.04,-0.01
778,Entry long,2025-06-23 20:25," | F:75,40,2,0,1.71,0,1,37.11,1,1.42",3379.22,13,43929.86,106.34,0.24,106.34,0.24,-13,-0.03,-1190.04,-0.01
779,Exit long,2025-06-24 01:00,Long Exit,3367.13,14,47187.14,-47.32,-0.10,6.16,0.01,-47.32,-0.10,-1237.36,-0.01
779,Entry long,2025-06-23 23:40," | F:75,88,2,0,0.9,0,0,27.12,1,0.87",3370.51,14,47187.14,-47.32,-0.10,6.16,0.01,-47.32,-0.10,-1237.36,-0.01
780,Exit long,2025-06-24 11:50,Long Exit,3324.78,19,63218.32,-47.5,-0.08,21.28,0.03,-47.5,-0.08,-1284.86,-0.01
780,Entry long,2025-06-24 11:30," | F:50,9,1,0,0.84,0,0,49.41,0,0.7",3327.28,19,63218.32,-47.5,-0.08,21.28,0.03,-47.5,-0.08,-1284.86,-0.01
781,Exit long,2025-06-25 12:30,Long Exit,3321.79,23,76446.94,-45.77,-0.06,27.83,0.04,-45.77,-0.06,-1330.63,-0.01
781,Entry long,2025-06-25 12:15," | F:50,124,1,0,0.4,0,0,35.36,0,0.81",3323.78,23,76446.94,-45.77,-0.06,27.83,0.04,-45.77,-0.06,-1330.63,-0.01
782,Exit short,2025-06-25 15:05,Short Exit,3321.71,19,63215.09,102.6,0.16,102.6,0.16,-44.46,-0.07,-1228.03,-0.01
782,Entry short,2025-06-25 13:15," | F:75,19,1,1,0.54,0,0,53.16,0,1.28",3327.11,19,63215.09,102.6,0.16,102.6,0.16,-44.46,-0.07,-1228.03,-0.01
783,Exit long,2025-06-25 16:30,Long Exit,3313.68,19,63005.9,-45.98,-0.07,53.2,0.08,-45.98,-0.07,-1274.01,-0.01
783,Entry long,2025-06-25 16:15," | F:55,238,2,0,1.04,0,0,33.51,0,1.73",3316.1,19,63005.9,-45.98,-0.07,53.2,0.08,-45.98,-0.07,-1274.01,-0.01
784,Exit long,2025-06-26 16:30,Long Exit,3316.12,14,46472.16,-46.48,-0.10,83.58,0.18,-46.48,-0.10,-1320.49,-0.01
784,Entry long,2025-06-26 16:10," | F:55,267,2,0,0.62,0,0,27.45,0,1.2",3319.44,14,46472.16,-46.48,-0.10,83.58,0.18,-46.48,-0.10,-1320.49,-0.01
785,Exit short,2025-06-30 13:25,Short Exit,3285.22,42,138086.76,107.52,0.08,107.52,0.08,0,0.00,-1212.97,-0.01
785,Entry short,2025-06-30 13:00," | F:75,14,1,1,0.91,0,1,50.08,0,0.59",3287.78,42,138086.76,107.52,0.08,107.52,0.08,0,0.00,-1212.97,-0.01
786,Exit long,2025-06-30 14:30,Long Exit,3274.56,31,101555.07,-43.71,-0.04,0,0.00,-43.71,-0.04,-1256.68,-0.01
786,Entry long,2025-06-30 14:25," | F:70,115,1,0,1.24,0,0,29.2,0,1.29",3275.97,31,101555.07,-43.71,-0.04,0,0.00,-43.71,-0.04,-1256.68,-0.01
787,Exit long,2025-07-01 16:30,Long Exit,3346,20,66965.8,-45.8,-0.07,38.6,0.06,-45.8,-0.07,-1302.48,-0.01
787,Entry long,2025-07-01 16:15," | F:75,32,2,0,0.54,0,1,43.91,1,1.37",3348.29,20,66965.8,-45.8,-0.07,38.6,0.06,-45.8,-0.07,-1302.48,-0.01
788,Exit long,2025-07-02 04:35,Long Exit,3332.23,16,53363.2,-47.52,-0.09,9.12,0.02,-47.52,-0.09,-1350,-0.01
788,Entry long,2025-07-02 04:25," | F:70,210,0,0,0.69,0,0,42,1,1.24",3335.2,16,53363.2,-47.52,-0.09,9.12,0.02,-47.52,-0.09,-1350,-0.01
789,Exit long,2025-07-03 03:00,Long Exit,3348.7,23,77065.41,-45.31,-0.06,15.18,0.02,-45.31,-0.06,-1395.31,-0.01
789,Entry long,2025-07-03 02:40," | F:70,56,3,0,0.55,0,1,30.09,1,0.86",3350.67,23,77065.41,-45.31,-0.06,15.18,0.02,-45.31,-0.06,-1395.31,-0.01
790,Exit short,2025-07-03 11:40,Short Exit,3356.89,29,97305.15,-44.66,-0.05,40.89,0.04,-44.66,-0.05,-1439.97,-0.01
790,Entry short,2025-07-03 11:35," | F:55,13,1,1,1.31,0,1,50.17,1,0.87",3355.35,29,97305.15,-44.66,-0.05,40.89,0.04,-44.66,-0.05,-1439.97,-0.01
791,Exit short,2025-07-07 21:35,Short Exit,3332.02,24,79924.08,-44.4,-0.06,1.68,0.00,-44.4,-0.06,-1484.37,-0.01
791,Entry short,2025-07-07 21:30," | F:50,8,2,1,0.64,0,1,56.22,1,0.62",3330.17,24,79924.08,-44.4,-0.06,1.68,0.00,-44.4,-0.06,-1484.37,-0.01
792,Exit short,2025-07-08 05:45,Short Exit,3336.92,20,66692.2,-46.2,-0.07,45.8,0.07,-46.2,-0.07,-1530.57,-0.02
792,Entry short,2025-07-08 04:40," | F:45,18,0,1,0.58,0,1,51.04,1,1.14",3334.61,20,66692.2,-46.2,-0.07,45.8,0.07,-46.2,-0.07,-1530.57,-0.02
793,Exit long,2025-07-08 06:15,Long Exit,3331,30,99973.8,-43.8,-0.04,28.5,0.03,-43.8,-0.04,-1574.37,-0.02
793,Entry long,2025-07-08 06:05," | F:70,23,0,0,0.9,0,1,42.37,1,0.97",3332.46,30,99973.8,-43.8,-0.04,28.5,0.03,-43.8,-0.04,-1574.37,-0.02
794,Exit long,2025-07-08 12:30,Long Exit,3322.83,28,93083.76,-44.52,-0.05,64.96,0.07,-44.52,-0.05,-1618.89,-0.02
794,Entry long,2025-07-08 12:00," | F:70,189,1,0,0.69,0,0,35.05,0,0.93",3324.42,28,93083.76,-44.52,-0.05,64.96,0.07,-44.52,-0.05,-1618.89,-0.02
795,Exit long,2025-07-09 09:10,Long Exit,3287.95,26,85532.2,-45.5,-0.05,38.48,0.04,-45.5,-0.05,-1664.39,-0.02
795,Entry long,2025-07-09 09:00," | F:45,36,0,0,1.5,0,0,38.27,0,1.67",3289.7,26,85532.2,-45.5,-0.05,38.48,0.04,-45.5,-0.05,-1664.39,-0.02
796,Exit long,2025-07-09 14:40,Long Exit,3285.35,45,147882.15,-41.4,-0.03,22.05,0.01,-41.4,-0.03,-1705.79,-0.02
796,Entry long,2025-07-09 14:35," | F:55,32,1,0,0.78,0,0,34.83,0,1.34",3286.27,45,147882.15,-41.4,-0.03,22.05,0.01,-41.4,-0.03,-1705.79,-0.02
797,Exit long,2025-07-09 18:20,Long Exit,3307.34,57,188556.57,-38.19,-0.02,0,0.00,-38.19,-0.02,-1743.98,-0.02
797,Entry long,2025-07-09 18:15," | F:75,11,2,0,0.96,0,1,59.45,0,0.63",3308.01,57,188556.57,-38.19,-0.02,0,0.00,-38.19,-0.02,-1743.98,-0.02
798,Exit long,2025-07-11 19:40,Long Exit,3353.23,21,70463.19,-45.36,-0.06,20.79,0.03,-45.36,-0.06,-1789.34,-0.02
798,Entry long,2025-07-11 19:20," | F:75,25,2,0,1.29,0,1,41.36,1,0.64",3355.39,21,70463.19,-45.36,-0.06,20.79,0.03,-45.36,-0.06,-1789.34,-0.02
799,Exit long,2025-07-15 06:20,Long Exit,3355.8,15,50232,105,0.21,105,0.21,-17.85,-0.04,-1684.34,-0.02
799,Entry long,2025-07-15 05:05," | F:50,27,0,0,0.33,0,0,57.81,1,1.51",3348.8,15,50232,105,0.21,105,0.21,-17.85,-0.04,-1684.34,-0.02
800,Exit short,2025-07-15 07:35,Short Exit,3361.03,33,110870.1,-43.89,-0.04,4.29,0.00,-43.89,-0.04,-1728.23,-0.02
800,Entry short,2025-07-15 07:15," | F:70,180,0,1,1.38,0,1,73.85,1,1.21",3359.7,33,110870.1,-43.89,-0.04,4.29,0.00,-43.89,-0.04,-1728.23,-0.02
801,Exit long,2025-07-15 15:35,Long Exit,3349.28,8,26840.56,-46.32,-0.17,43.44,0.16,-46.32,-0.17,-1774.55,-0.02
801,Entry long,2025-07-15 15:20," | F:70,115,2,0,0.67,0,0,40.77,1,2.44",3355.07,8,26840.56,-46.32,-0.17,43.44,0.16,-46.32,-0.17,-1774.55,-0.02
802,Exit long,2025-07-15 16:10,Long Exit,3346.35,9,30163.23,-46.08,-0.15,30.6,0.10,-46.08,-0.15,-1820.63,-0.02
802,Entry long,2025-07-15 15:40," | F:50,129,2,0,0.48,0,0,38.29,1,1.78",3351.47,9,30163.23,-46.08,-0.15,30.6,0.10,-46.08,-0.15,-1820.63,-0.02
803,Exit long,2025-07-15 23:40,Long Exit,3327.46,63,209667.15,-37.17,-0.02,51.66,0.02,-37.17,-0.02,-1857.8,-0.02
803,Entry long,2025-07-15 23:25," | F:50,12,2,0,0.9,0,0,45.31,0,0.59",3328.05,63,209667.15,-37.17,-0.02,51.66,0.02,-37.17,-0.02,-1857.8,-0.02
804,Exit short,2025-07-16 15:30,Short Exit,3332.46,18,60089.76,105.48,0.18,105.48,0.18,-9,-0.01,-1752.32,-0.02
804,Entry short,2025-07-16 15:05," | F:55,27,2,1,0.41,0,1,52.24,1,2.35",3338.32,18,60089.76,105.48,0.18,105.48,0.18,-9,-0.01,-1752.32,-0.02
805,Exit long,2025-07-17 12:45,Long Exit,3327.64,46,153111.92,-40.48,-0.03,13.8,0.01,-40.48,-0.03,-1792.8,-0.02
805,Entry long,2025-07-17 12:40," | F:55,19,1,0,0.46,0,0,44.45,0,0.79",3328.52,46,153111.92,-40.48,-0.03,13.8,0.01,-40.48,-0.03,-1792.8,-0.02
806,Exit long,2025-07-18 14:40,Long Exit,3355.07,20,66999.4,102,0.15,102,0.15,-14.8,-0.02,-1690.8,-0.02
806,Entry long,2025-07-18 13:05," | F:75,14,1,0,0.87,0,1,50.62,1,2.19",3349.97,20,66999.4,102,0.15,102,0.15,-14.8,-0.02,-1690.8,-0.02
807,Exit long,2025-07-21 07:30,Long Exit,3355.49,30,100559.1,105.6,0.11,105.6,0.11,-38.4,-0.04,-1585.2,-0.02
807,Entry long,2025-07-21 07:05," | F:70,45,0,0,0.66,0,1,42.79,1,0.91",3351.97,30,100559.1,105.6,0.11,105.6,0.11,-38.4,-0.04,-1585.2,-0.02
808,Exit long,2025-07-22 03:25,Long Exit,3395.4,30,101757.6,104.4,0.10,104.4,0.10,-24.3,-0.02,-1480.8,-0.01
808,Entry long,2025-07-22 03:05," | F:75,110,0,0,1.98,0,1,31.48,1,2.62",3391.92,30,101757.6,104.4,0.10,104.4,0.10,-24.3,-0.02,-1480.8,-0.01
809,Exit short,2025-07-22 08:45,Short Exit,3385.87,25,84751.75,105,0.12,105,0.12,-8.75,-0.01,-1375.8,-0.01
809,Entry short,2025-07-22 08:00," | F:45,13,0,1,0.81,0,1,48.21,1,1.47",3390.07,25,84751.75,105,0.12,105,0.12,-8.75,-0.01,-1375.8,-0.01
810,Exit short,2025-07-22 09:10,Short Exit,3387.73,33,111752.19,-42.9,-0.04,19.47,0.02,-42.9,-0.04,-1418.7,-0.01
810,Entry short,2025-07-22 09:05," | F:65,7,0,1,0.9,0,0,40.74,1,1.36",3386.43,33,111752.19,-42.9,-0.04,19.47,0.02,-42.9,-0.04,-1418.7,-0.01
811,Exit short,2025-07-22 15:40,Short Exit,3401.57,18,61180.92,-47.34,-0.08,15.3,0.03,-47.34,-0.08,-1466.04,-0.01
811,Entry short,2025-07-22 15:30," | F:50,157,2,1,0.27,0,1,80.82,1,1.72",3398.94,18,61180.92,-47.34,-0.08,15.3,0.03,-47.34,-0.08,-1466.04,-0.01
812,Exit short,2025-07-23 13:00,Short Exit,3428.52,28,96103.28,104.72,0.11,104.72,0.11,-19.04,-0.02,-1361.32,-0.01
812,Entry short,2025-07-23 12:20," | F:45,108,1,1,2.44,0,1,69.39,1,1.14",3432.26,28,96103.28,104.72,0.11,104.72,0.11,-19.04,-0.02,-1361.32,-0.01
813,Exit short,2025-07-24 17:30,Short Exit,3374.37,22,74190.82,-45.32,-0.06,13.42,0.02,-45.32,-0.06,-1406.64,-0.01
813,Entry short,2025-07-24 17:20," | F:75,80,2,1,0.78,0,0,64.37,0,0.86",3372.31,22,74190.82,-45.32,-0.06,13.42,0.02,-45.32,-0.06,-1406.64,-0.01
814,Exit long,2025-07-24 21:30,Long Exit,3370.02,66,222282.72,138.6,0.06,138.6,0.06,-21.12,-0.01,-1268.04,-0.01
814,Entry long,2025-07-24 21:10," | F:45,14,2,0,0.72,0,0,42.1,0,0.72",3367.92,66,222282.72,138.6,0.06,138.6,0.06,-21.12,-0.01,-1268.04,-0.01
815,Exit long,2025-07-28 15:30,Long Exit,3328.27,21,69939.24,-45.57,-0.07,18.27,0.03,-45.57,-0.07,-1313.61,-0.01
815,Entry long,2025-07-28 15:25," | F:50,163,2,0,2.12,0,0,31.68,0,1.6",3330.44,21,69939.24,-45.57,-0.07,18.27,0.03,-45.57,-0.07,-1313.61,-0.01
816,Exit short,2025-07-29 19:35,Short Exit,3323.44,30,99658.5,-44.7,-0.04,36,0.04,-44.7,-0.04,-1358.31,-0.01
816,Entry short,2025-07-29 19:15," | F:75,8,2,1,0.67,0,1,46.29,0,0.65",3321.95,30,99658.5,-44.7,-0.04,36,0.04,-44.7,-0.04,-1358.31,-0.01
817,Exit long,2025-07-31 08:35,Long Exit,3294.94,47,154903.07,-40.89,-0.03,0,0.00,-40.89,-0.03,-1399.2,-0.01
817,Entry long,2025-07-31 08:30," | F:65,13,0,0,0.82,0,0,50.92,0,1.31",3295.81,47,154903.07,-40.89,-0.03,0,0.00,-40.89,-0.03,-1399.2,-0.01
818,Exit short,2025-07-31 19:10,Short Exit,3290.05,17,56035.57,104.72,0.19,104.72,0.19,-32.98,-0.06,-1294.48,-0.01
818,Entry short,2025-07-31 18:20," | F:75,14,2,1,0.69,0,0,43.45,0,0.63",3296.21,17,56035.57,104.72,0.19,104.72,0.19,-32.98,-0.06,-1294.48,-0.01
819,Exit short,2025-08-01 03:05,Short Exit,3286.85,18,59268.42,105.12,0.18,105.12,0.18,-6.66,-0.01,-1189.36,-0.01
819,Entry short,2025-08-01 02:00," | F:70,35,3,1,0.67,0,0,48.21,0,1.52",3292.69,18,59268.42,105.12,0.18,105.12,0.18,-6.66,-0.01,-1189.36,-0.01
820,Exit short,2025-08-01 07:30,Short Exit,3293.9,17,55948.7,-47.6,-0.09,15.13,0.03,-47.6,-0.09,-1236.96,-0.01
820,Entry short,2025-08-01 07:05," | F:70,11,0,1,1.57,0,0,48.84,0,0.94",3291.1,17,55948.7,-47.6,-0.09,15.13,0.03,-47.6,-0.09,-1236.96,-0.01
821,Exit long,2025-08-01 10:30,Long Exit,3289.36,18,59255.46,-46.98,-0.08,25.2,0.04,-46.98,-0.08,-1283.94,-0.01
821,Entry long,2025-08-01 10:05," | F:50,52,1,0,0.94,0,0,46.68,0,0.85",3291.97,18,59255.46,-46.98,-0.08,25.2,0.04,-46.98,-0.08,-1283.94,-0.01
822,Exit short,2025-08-01 12:45,Short Exit,3296.23,23,75767.75,-45.54,-0.06,35.42,0.05,-45.54,-0.06,-1329.48,-0.01
822,Entry short,2025-08-01 12:25," | F:50,41,1,1,0.5,0,1,62.43,0,1.07",3294.25,23,75767.75,-45.54,-0.06,35.42,0.05,-45.54,-0.06,-1329.48,-0.01
823,Exit short,2025-08-04 06:00,Short Exit,3355.15,38,127453.14,-42.56,-0.03,77.52,0.06,-42.56,-0.03,-1372.04,-0.01
823,Entry short,2025-08-04 05:25," | F:50,24,0,1,0.71,0,1,56.73,1,0.56",3354.03,38,127453.14,-42.56,-0.03,77.52,0.06,-42.56,-0.03,-1372.04,-0.01
824,Exit long,2025-08-04 18:20,Long Exit,3371.44,18,60731.64,-45.72,-0.08,15.84,0.03,-45.72,-0.08,-1417.76,-0.01
824,Entry long,2025-08-04 18:10," | F:75,25,2,0,0.73,0,1,48.37,1,0.87",3373.98,18,60731.64,-45.72,-0.08,15.84,0.03,-45.72,-0.08,-1417.76,-0.01
825,Exit short,2025-08-06 09:55,Short Exit,3374.41,34,114835.34,105.4,0.09,105.4,0.09,-14.62,-0.01,-1312.36,-0.01
825,Entry short,2025-08-06 09:35," | F:70,60,0,1,1.69,0,1,60.77,1,1.1",3377.51,34,114835.34,105.4,0.09,105.4,0.09,-14.62,-0.01,-1312.36,-0.01
826,Exit short,2025-08-07 04:25,Short Exit,3378.14,21,70894.32,-46.62,-0.07,2.1,0.00,-46.62,-0.07,-1358.98,-0.01
826,Entry short,2025-08-07 04:15," | F:50,98,0,1,0.96,0,1,63.83,1,1.43",3375.92,21,70894.32,-46.62,-0.07,2.1,0.00,-46.62,-0.07,-1358.98,-0.01
827,Exit long,2025-08-08 01:35,Long Exit,3400.19,12,40701.48,100.8,0.25,100.8,0.25,-41.76,-0.10,-1258.18,-0.01
827,Entry long,2025-08-08 01:20," | F:70,28,3,0,0.26,0,1,42.05,1,0.8",3391.79,12,40701.48,100.8,0.25,100.8,0.25,-41.76,-0.10,-1258.18,-0.01
828,Exit short,2025-08-08 13:15,Short Exit,3395.11,24,81588.72,106.08,0.13,106.08,0.13,-45.12,-0.06,-1152.1,-0.01
828,Entry short,2025-08-08 12:20," | F:55,13,1,1,0.31,0,1,54.54,1,1.1",3399.53,24,81588.72,106.08,0.13,106.08,0.13,-45.12,-0.06,-1152.1,-0.01
829,Exit short,2025-08-12 03:30,Short Exit,3353.22,25,83786.25,-44.25,-0.05,38,0.05,-44.25,-0.05,-1196.35,-0.01
829,Entry short,2025-08-12 03:15," | F:70,43,0,1,0.63,0,0,65.87,0,3.11",3351.45,25,83786.25,-44.25,-0.05,38,0.05,-44.25,-0.05,-1196.35,-0.01
830,Exit short,2025-08-12 04:05,Short Exit,3355.62,33,110692.56,-42.9,-0.04,4.95,0.00,-42.9,-0.04,-1239.25,-0.01
830,Entry short,2025-08-12 04:00," | F:70,61,0,1,0.64,0,0,67.69,0,2.37",3354.32,33,110692.56,-42.9,-0.04,4.95,0.00,-42.9,-0.04,-1239.25,-0.01
831,Exit short,2025-08-13 05:35,Short Exit,3352.17,26,87111.18,-45.24,-0.05,4.68,0.01,-45.24,-0.05,-1284.49,-0.01
831,Entry short,2025-08-13 05:30," | F:50,50,0,1,0.49,0,1,55.83,0,1.03",3350.43,26,87111.18,-45.24,-0.05,4.68,0.01,-45.24,-0.05,-1284.49,-0.01
832,Exit long,2025-08-13 07:00,Long Exit,3348.39,18,60316.74,-45.72,-0.08,37.08,0.06,-45.72,-0.08,-1330.21,-0.01
832,Entry long,2025-08-13 06:15," | F:70,14,0,0,0.96,0,1,53.33,0,1.08",3350.93,18,60316.74,-45.72,-0.08,37.08,0.06,-45.72,-0.08,-1330.21,-0.01
833,Exit short,2025-08-14 02:30,Short Exit,3361.34,52,174749.64,-40.04,-0.02,44.72,0.03,-40.04,-0.02,-1370.25,-0.01
833,Entry short,2025-08-14 02:05," | F:55,86,3,1,1.81,0,1,68.98,0,1.91",3360.57,52,174749.64,-40.04,-0.02,44.72,0.03,-40.04,-0.02,-1370.25,-0.01
834,Exit long,2025-08-15 01:15,Long Exit,3334.5,36,120084.84,-42.84,-0.04,73.8,0.06,-42.84,-0.04,-1413.09,-0.01
834,Entry long,2025-08-14 23:15," | F:45,39,2,0,1.94,0,0,36.93,0,0.94",3335.69,36,120084.84,-42.84,-0.04,73.8,0.06,-42.84,-0.04,-1413.09,-0.01
835,Exit long,2025-08-15 08:20,Long Exit,3343.33,25,83629,-45.75,-0.05,88,0.11,-45.75,-0.05,-1458.84,-0.01
835,Entry long,2025-08-15 07:40," | F:70,9,0,0,0.62,0,1,64.11,0,1.16",3345.16,25,83629,-45.75,-0.05,88,0.11,-45.75,-0.05,-1458.84,-0.01
836,Exit short,2025-08-15 19:00,Time Stop (Bars),3341.17,11,36758.81,5.94,0.02,97.79,0.27,-37.73,-0.10,-1452.9,-0.01
836,Entry short,2025-08-15 16:00," | F:75,60,2,1,0.8,0,1,53.13,0,1.72",3341.71,11,36758.81,5.94,0.02,97.79,0.27,-37.73,-0.10,-1452.9,-0.01
837,Exit short,2025-08-19 02:35,Short Exit,3331.11,49,163359.14,134.75,0.08,134.75,0.08,-35.28,-0.02,-1318.15,-0.01
837,Entry short,2025-08-19 01:25," | F:70,66,3,1,1.55,0,0,56.9,0,0.65",3333.86,49,163359.14,134.75,0.08,134.75,0.08,-35.28,-0.02,-1318.15,-0.01
838,Exit long,2025-08-19 09:40,Long Exit,3334.92,19,63409.27,-45.79,-0.07,25.27,0.04,-45.79,-0.07,-1363.94,-0.01
838,Entry long,2025-08-19 09:00," | F:70,16,0,0,1.01,0,1,49.5,0,2.58",3337.33,19,63409.27,-45.79,-0.07,25.27,0.04,-45.79,-0.07,-1363.94,-0.01
839,Exit short,2025-08-20 07:45,Short Exit,3320.71,74,245697.02,-35.52,-0.01,0,0.00,-35.52,-0.01,-1399.46,-0.01
839,Entry short,2025-08-20 07:40," | F:75,137,0,1,1.37,0,0,66.08,0,0.75",3320.23,74,245697.02,-35.52,-0.01,0,0.00,-35.52,-0.01,-1399.46,-0.01
840,Exit long,2025-08-20 14:05,Long Exit,3327.99,21,69783.21,104.58,0.15,104.58,0.15,-1.05,0.00,-1294.88,-0.01
840,Entry long,2025-08-20 11:35," | F:70,35,1,0,1.09,0,1,48.76,0,1.21",3323.01,21,69783.21,104.58,0.15,104.58,0.15,-1.05,0.00,-1294.88,-0.01
841,Exit short,2025-08-21 04:30,Short Exit,3344.63,23,76881.18,-45.31,-0.06,25.99,0.03,-45.31,-0.06,-1340.19,-0.01
841,Entry short,2025-08-21 04:15," | F:50,12,0,1,0.76,0,1,39.86,0,2.22",3342.66,23,76881.18,-45.31,-0.06,25.99,0.03,-45.31,-0.06,-1340.19,-0.01
842,Exit short,2025-08-21 15:20,Short Exit,3338.15,33,110266.53,107.58,0.10,107.58,0.10,-22.77,-0.02,-1232.61,-0.01
842,Entry short,2025-08-21 15:10," | F:70,103,2,1,0.46,0,1,67.84,0,1.12",3341.41,33,110266.53,107.58,0.10,107.58,0.10,-22.77,-0.02,-1232.61,-0.01
843,Exit short,2025-08-22 04:50,Short Exit,3336.01,36,120204.36,108,0.09,108,0.09,-27.36,-0.02,-1124.61,-0.01
843,Entry short,2025-08-22 04:00," | F:70,27,0,1,0.5,0,0,53.78,0,1.74",3339.01,36,120204.36,108,0.09,108,0.09,-27.36,-0.02,-1124.61,-0.01
844,Exit long,2025-08-22 06:55,Long Exit,3331.61,35,116649.05,-42.7,-0.04,87.5,0.08,-42.7,-0.04,-1167.31,-0.01
844,Entry long,2025-08-22 06:05," | F:45,175,0,0,1.09,0,0,37.72,0,0.99",3332.83,35,116649.05,-42.7,-0.04,87.5,0.08,-42.7,-0.04,-1167.31,-0.01
845,Exit short,2025-08-22 16:30,Short Exit,3329.88,16,53230.88,-47.2,-0.09,89.12,0.17,-47.2,-0.09,-1214.51,-0.01
845,Entry short,2025-08-22 15:20," | F:70,9,2,1,0.66,0,0,43.12,0,2.09",3326.93,16,53230.88,-47.2,-0.09,89.12,0.17,-47.2,-0.09,-1214.51,-0.01
846,Exit short,2025-08-25 05:55,Short Exit,3364.88,38,127823.64,-41.8,-0.03,20.14,0.02,-41.8,-0.03,-1256.31,-0.01
846,Entry short,2025-08-25 05:40," | F:50,16,0,1,0.95,0,1,50.74,1,0.5",3363.78,38,127823.64,-41.8,-0.03,20.14,0.02,-41.8,-0.03,-1256.31,-0.01
847,Exit long,2025-08-25 11:20,Long Exit,3364.64,28,94254.16,-44.24,-0.05,11.76,0.01,-44.24,-0.05,-1300.55,-0.01
847,Entry long,2025-08-25 11:05," | F:70,27,1,0,0.87,0,1,46.37,1,1.24",3366.22,28,94254.16,-44.24,-0.05,11.76,0.01,-44.24,-0.05,-1300.55,-0.01
848,Exit long,2025-08-26 08:40,Long Exit,3376.34,38,128193.76,107.16,0.08,107.16,0.08,-3.8,0.00,-1193.39,-0.01
848,Entry long,2025-08-26 08:30," | F:65,19,0,0,0.56,0,1,43.69,1,1.4",3373.52,38,128193.76,107.16,0.08,107.16,0.08,-3.8,0.00,-1193.39,-0.01
849,Exit long,2025-08-27 04:00,Long Exit,3388.69,30,101705.4,-44.7,-0.04,98.1,0.10,-44.7,-0.04,-1238.09,-0.01
849,Entry long,2025-08-27 01:20," | F:70,22,3,0,0.59,0,1,53.15,1,0.43",3390.18,30,101705.4,-44.7,-0.04,98.1,0.10,-44.7,-0.04,-1238.09,-0.01
850,Exit short,2025-08-28 09:50,Short Exit,3395.54,43,145966.51,-41.71,-0.03,10.75,0.01,-41.71,-0.03,-1279.8,-0.01
850,Entry short,2025-08-28 09:45," | F:50,73,0,1,1.48,0,1,63.4,1,1.19",3394.57,43,145966.51,-41.71,-0.03,10.75,0.01,-41.71,-0.03,-1279.8,-0.01
851,Exit short,2025-08-29 05:40,Short Exit,3413.39,30,102357.9,-43.8,-0.04,6,0.01,-43.8,-0.04,-1323.6,-0.01
851,Entry short,2025-08-29 05:25," | F:50,19,0,1,1.18,0,1,48.61,1,0.25",3411.93,30,102357.9,-43.8,-0.04,6,0.01,-43.8,-0.04,-1323.6,-0.01
852,Exit long,2025-08-29 10:20,Long Exit,3407.73,28,95461.24,-44.8,-0.05,93.24,0.10,-44.8,-0.05,-1368.4,-0.01
852,Entry long,2025-08-29 09:40," | F:45,16,0,0,0.72,0,0,43.87,1,1.47",3409.33,28,95461.24,-44.8,-0.05,93.24,0.10,-44.8,-0.05,-1368.4,-0.01
853,Exit long,2025-09-02 03:25,Long Exit,3483.79,16,55636.32,104.32,0.19,104.32,0.19,-31.04,-0.06,-1264.08,-0.01
853,Entry long,2025-09-02 02:00," | F:75,67,3,0,0.94,0,1,52.59,1,1.09",3477.27,16,55636.32,104.32,0.19,104.32,0.19,-31.04,-0.06,-1264.08,-0.01
854,Exit long,2025-09-03 05:35,Long Exit,3537.35,16,56643.36,-45.76,-0.08,3.52,0.01,-45.76,-0.08,-1309.84,-0.01
854,Entry long,2025-09-03 05:30," | F:70,9,0,0,0.76,0,1,53.81,1,1.34",3540.21,16,56643.36,-45.76,-0.08,3.52,0.01,-45.76,-0.08,-1309.84,-0.01
855,Exit short,2025-09-04 04:30,Short Exit,3551.14,12,42712.8,99.12,0.23,99.12,0.23,-32.76,-0.08,-1210.72,-0.01
855,Entry short,2025-09-04 04:00," | F:50,26,0,1,0.7,0,1,50.59,1,3.28",3559.4,12,42712.8,99.12,0.23,99.12,0.23,-32.76,-0.08,-1210.72,-0.01
856,Exit long,2025-09-04 14:45,Long Exit,3547.03,14,49557.62,100.8,0.20,100.8,0.20,-43.82,-0.09,-1109.92,-0.01
856,Entry long,2025-09-04 14:05," | F:55,45,1,0,0.64,0,0,48.16,1,1.18",3539.83,14,49557.62,100.8,0.20,100.8,0.20,-43.82,-0.09,-1109.92,-0.01
857,Exit short,2025-09-05 02:30,Short Exit,3544.5,23,81478.19,-45.31,-0.06,0,0.00,-45.31,-0.06,-1155.23,-0.01
857,Entry short,2025-09-05 02:20," | F:70,17,3,1,1.06,0,0,46.15,1,1.43",3542.53,23,81478.19,-45.31,-0.06,0,0.00,-45.31,-0.06,-1155.23,-0.01
858,Exit long,2025-09-09 21:40,Long Exit,3641.19,30,109280.1,-44.4,-0.04,72.9,0.07,-44.4,-0.04,-1199.63,-0.01
858,Entry long,2025-09-09 20:45," | F:55,27,2,0,1.21,0,0,44.04,1,1.27",3642.67,30,109280.1,-44.4,-0.04,72.9,0.07,-44.4,-0.04,-1199.63,-0.01
859,Exit short,2025-09-10 05:35,Short Exit,3635.35,21,76296.57,-45.78,-0.06,38.43,0.05,-45.78,-0.06,-1245.41,-0.01
859,Entry short,2025-09-10 05:25," | F:70,33,0,1,0.68,0,0,58.08,1,0.34",3633.17,21,76296.57,-45.78,-0.06,38.43,0.05,-45.78,-0.06,-1245.41,-0.01
860,Exit long,2025-09-11 05:15,Long Exit,3639.64,18,65560.86,-47.34,-0.07,21.06,0.03,-47.34,-0.07,-1292.75,-0.01
860,Entry long,2025-09-11 05:00," | F:45,36,0,0,0.66,0,0,44.99,1,1.22",3642.27,18,65560.86,-47.34,-0.07,21.06,0.03,-47.34,-0.07,-1292.75,-0.01
861,Exit short,2025-09-11 09:30,Short Exit,3634.22,20,72638.2,-46.2,-0.06,14.4,0.02,-46.2,-0.06,-1338.95,-0.01
861,Entry short,2025-09-11 09:20," | F:70,22,0,1,0.37,0,0,52.35,1,0.68",3631.91,20,72638.2,-46.2,-0.06,14.4,0.02,-46.2,-0.06,-1338.95,-0.01
862,Exit short,2025-09-12 11:10,Short Exit,3645.42,26,94887,106.08,0.11,106.08,0.11,0,0.00,-1232.87,-0.01
862,Entry short,2025-09-12 11:05," | F:55,8,1,1,1.01,0,1,45.11,1,1.31",3649.5,26,94887,106.08,0.11,106.08,0.11,0,0.00,-1232.87,-0.01
863,Exit long,2025-09-12 12:20,Long Exit,3644.37,22,80070.98,105.16,0.13,105.16,0.13,-1.32,0.00,-1127.71,-0.01
863,Entry long,2025-09-12 12:10," | F:70,99,1,0,0.76,0,0,32.33,1,1.27",3639.59,22,80070.98,105.16,0.13,105.16,0.13,-1.32,0.00,-1127.71,-0.01
864,Exit long,2025-09-12 22:05,Long Exit,3647.05,31,113102.88,-44.33,-0.04,31,0.03,-44.33,-0.04,-1172.04,-0.01
864,Entry long,2025-09-12 21:10," | F:75,19,2,0,1.16,0,1,51.64,1,0.62",3648.48,31,113102.88,-44.33,-0.04,31,0.03,-44.33,-0.04,-1172.04,-0.01
865,Exit long,2025-09-16 16:15,Long Exit,3685.38,23,84809.05,-45.31,-0.05,20.47,0.02,-45.31,-0.05,-1217.35,-0.01
865,Entry long,2025-09-16 16:10," | F:70,81,2,0,0.4,0,1,35.05,1,0.77",3687.35,23,84809.05,-45.31,-0.05,20.47,0.02,-45.31,-0.05,-1217.35,-0.01
866,Exit long,2025-09-17 03:45,Long Exit,3692.25,19,70198.54,-45.79,-0.07,12.16,0.02,-45.79,-0.07,-1263.14,-0.01
866,Entry long,2025-09-17 03:05," | F:65,14,0,0,0.78,0,1,58.56,1,1.93",3694.66,19,70198.54,-45.79,-0.07,12.16,0.02,-45.79,-0.07,-1263.14,-0.01
867,Exit long,2025-09-18 22:45,Long Exit,3644.25,39,142018.89,106.86,0.08,106.86,0.08,-36.66,-0.03,-1156.28,-0.01
867,Entry long,2025-09-18 21:05," | F:55,27,2,0,0.86,0,0,38.33,1,0.73",3641.51,39,142018.89,106.86,0.08,106.86,0.08,-36.66,-0.03,-1156.28,-0.01
868,Exit short,2025-09-19 20:10,Short Exit,3670.75,26,95395.56,-43.94,-0.05,43.94,0.05,-43.94,-0.05,-1200.22,-0.01
868,Entry short,2025-09-19 19:45," | F:55,9,2,1,0.97,0,1,53.71,1,0.6",3669.06,26,95395.56,-43.94,-0.05,43.94,0.05,-43.94,-0.05,-1200.22,-0.01
869,Exit short,2025-09-22 11:00,Short Exit,3716.32,17,63129.5,-47.94,-0.08,20.23,0.03,-47.94,-0.08,-1248.16,-0.01
869,Entry short,2025-09-22 10:30," | F:50,9,1,1,1.53,0,1,65.32,1,1.21",3713.5,17,63129.5,-47.94,-0.08,20.23,0.03,-47.94,-0.08,-1248.16,-0.01
870,Exit long,2025-09-23 16:45,Long Exit,3780.42,9,34071.3,-47.52,-0.14,27.09,0.08,-47.52,-0.14,-1295.68,-0.01
870,Entry long,2025-09-23 16:30," | F:70,13,2,0,1.22,0,1,56.58,1,1.85",3785.7,9,34071.3,-47.52,-0.14,27.09,0.08,-47.52,-0.14,-1295.68,-0.01
871,Exit short,2025-09-23 21:50,Short Exit,3774.35,13,49166.91,100.36,0.20,100.36,0.20,-11.05,-0.02,-1195.32,-0.01
871,Entry short,2025-09-23 20:25," | F:55,46,2,1,0.62,0,1,56.41,1,1.04",3782.07,13,49166.91,100.36,0.20,100.36,0.20,-11.05,-0.02,-1195.32,-0.01
872,Exit long,2025-09-23 22:25,Long Exit,3759.19,21,78837.57,105.42,0.13,105.42,0.13,-2.52,0.00,-1089.9,-0.01
872,Entry long,2025-09-23 22:20," | F:75,145,2,0,0.4,0,0,28.42,1,1.09",3754.17,21,78837.57,105.42,0.13,105.42,0.13,-2.52,0.00,-1089.9,-0.01
873,Exit long,2025-09-24 04:45,Long Exit,3756.94,18,67670.46,-45.54,-0.07,27.72,0.04,-45.54,-0.07,-1135.44,-0.01
873,Entry long,2025-09-24 04:35," | F:50,64,0,0,1.81,0,0,42.14,1,1.21",3759.47,18,67670.46,-45.54,-0.07,27.72,0.04,-45.54,-0.07,-1135.44,-0.01
874,Exit long,2025-09-25 04:35,Long Exit,3740.42,17,63634.23,-47.09,-0.07,66.3,0.10,-47.09,-0.07,-1182.53,-0.01
874,Entry long,2025-09-25 04:15," | F:50,22,0,0,0.56,0,0,46.55,1,1.02",3743.19,17,63634.23,-47.09,-0.07,66.3,0.10,-47.09,-0.07,-1182.53,-0.01
875,Exit short,2025-09-25 10:25,Short Exit,3744.7,29,108552.22,-44.08,-0.04,24.36,0.02,-44.08,-0.04,-1226.61,-0.01
875,Entry short,2025-09-25 10:15," | F:65,9,1,1,0.72,0,1,57.37,1,1.05",3743.18,29,108552.22,-44.08,-0.04,24.36,0.02,-44.08,-0.04,-1226.61,-0.01
876,Exit long,2025-09-26 17:00,Long Exit,3768.95,7,26276.25,106.4,0.40,106.4,0.40,-36.82,-0.14,-1120.21,-0.01
876,Entry long,2025-09-26 15:30," | F:70,16,2,0,0.43,0,1,60.42,1,3.25",3753.75,7,26276.25,106.4,0.40,106.4,0.40,-36.82,-0.14,-1120.21,-0.01
877,Exit long,2025-09-30 03:00,Long Exit,3835.49,15,57430.65,101.7,0.18,101.7,0.18,-31.35,-0.05,-1018.51,-0.01
877,Entry long,2025-09-30 01:20," | F:70,23,3,0,1.08,0,1,47.52,1,0.72",3828.71,15,57430.65,101.7,0.18,101.7,0.18,-31.35,-0.05,-1018.51,-0.01
878,Exit long,2025-10-08 12:30,Long Exit,4033.21,12,48447.6,-49.08,-0.10,32.52,0.07,-49.08,-0.10,-1067.59,-0.01
878,Entry long,2025-10-08 12:00," | F:70,13,1,0,1.11,0,1,54.38,1,1.46",4037.3,12,48447.6,-49.08,-0.10,32.52,0.07,-49.08,-0.10,-1067.59,-0.01
879,Exit short,2025-10-09 16:10,Short Exit,4057.32,14,56754.04,-48.44,-0.09,0,0.00,-48.44,-0.09,-1116.03,-0.01
879,Entry short,2025-10-09 16:05," | F:50,228,2,1,0.55,0,1,70.13,1,2.34",4053.86,14,56754.04,-48.44,-0.09,0,0.00,-48.44,-0.09,-1116.03,-0.01
880,Exit long,2025-10-09 17:20,Long Exit,4012.42,5,20111.6,-49.5,-0.25,34.05,0.17,-49.5,-0.25,-1165.53,-0.01
880,Entry long,2025-10-09 17:00," | F:50,138,2,0,0.96,0,0,32.5,1,1.87",4022.32,5,20111.6,-49.5,-0.25,34.05,0.17,-49.5,-0.25,-1165.53,-0.01
881,Exit long,2025-10-14 04:20,Long Exit,4148.13,6,24786.78,102,0.41,102,0.41,-23.88,-0.10,-1063.53,-0.01
881,Entry long,2025-10-14 04:00," | F:70,9,0,0,0.94,0,1,64.19,1,2.47",4131.13,6,24786.78,102,0.41,102,0.41,-23.88,-0.10,-1063.53,-0.01
882,Exit long,2025-10-15 15:20,Time Stop (Bars),4182.93,2,8367.96,-2.1,-0.03,44.3,0.53,-7.98,-0.10,-1065.63,-0.01
882,Entry long,2025-10-15 12:20," | F:70,102,1,0,0.9,0,1,26.84,1,3.78",4183.98,2,8367.96,-2.1,-0.03,44.3,0.53,-7.98,-0.10,-1065.63,-0.01
883,Exit long,2025-10-23 20:10,Long Exit,4138.65,11,45425.93,99.22,0.22,99.22,0.22,-19.03,-0.04,-966.41,-0.01
883,Entry long,2025-10-23 19:45," | F:70,46,2,0,0.77,0,1,38.54,0,1.39",4129.63,11,45425.93,99.22,0.22,99.22,0.22,-19.03,-0.04,-966.41,-0.01
884,Exit short,2025-10-24 16:40,Short Exit,4099.71,7,28804.37,106.4,0.37,106.4,0.37,-35.42,-0.12,-860.01,-0.01
884,Entry short,2025-10-24 16:20," | F:70,113,2,1,0.27,0,1,73.06,0,1.37",4114.91,7,28804.37,106.4,0.37,106.4,0.37,-35.42,-0.12,-860.01,-0.01
885,Exit short,2025-10-28 12:30,Short Exit,3910.98,7,27330.17,-46.69,-0.17,49.42,0.18,-46.69,-0.17,-906.7,-0.01
885,Entry short,2025-10-28 11:45," | F:70,15,1,1,0.82,0,0,41.09,0,0.9",3904.31,7,27330.17,-46.69,-0.17,49.42,0.18,-46.69,-0.17,-906.7,-0.01
886,Exit short,2025-10-30 08:55,Short Exit,3973.62,5,19823.3,-44.8,-0.23,43.35,0.22,-44.8,-0.23,-951.5,-0.01
886,Entry short,2025-10-30 08:05," | F:70,12,0,1,0.67,0,1,55.97,0,1.03",3964.66,5,19823.3,-44.8,-0.23,43.35,0.22,-44.8,-0.23,-951.5,-0.01
887,Exit short,2025-10-30 10:25,Short Exit,3971.88,11,43641.84,-48.84,-0.11,4.4,0.01,-48.84,-0.11,-1000.34,-0.01
887,Entry short,2025-10-30 10:20," | F:55,14,1,1,0.95,0,1,54.57,0,0.59",3967.44,11,43641.84,-48.84,-0.11,4.4,0.01,-48.84,-0.11,-1000.34,-0.01
888,Exit long,2025-10-31 03:10,Long Exit,4039.08,8,32206.24,106.4,0.33,106.4,0.33,-11.44,-0.04,-893.94,-0.01
888,Entry long,2025-10-31 03:00," | F:65,32,0,0,0.66,0,1,45.38,0,2.77",4025.78,8,32206.24,106.4,0.33,106.4,0.33,-11.44,-0.04,-893.94,-0.01
889,Exit short,2025-10-31 03:50,Short Exit,4018.18,7,28227.36,100.1,0.35,100.1,0.35,-23.52,-0.08,-793.84,-0.01
889,Entry short,2025-10-31 03:10," | F:50,16,0,1,0.87,0,1,54.06,0,1.73",4032.48,7,28227.36,100.1,0.35,100.1,0.35,-23.52,-0.08,-793.84,-0.01
890,Exit short,2025-10-31 18:00,Short Exit,4008.34,8,32168.8,102.08,0.32,102.08,0.32,-36.56,-0.11,-691.76,-0.01
890,Entry short,2025-10-31 16:05," | F:55,9,2,1,0.75,0,1,51.01,0,1.02",4021.1,8,32168.8,102.08,0.32,102.08,0.32,-36.56,-0.11,-691.76,-0.01
891,Exit long,2025-11-03 14:45,Time Stop (Bars),4011.96,6,24003.24,68.52,0.29,73.8,0.31,-38.16,-0.16,-623.24,-0.01
891,Entry long,2025-11-03 11:45," | F:65,92,1,0,0.65,0,0,33.22,0,1.72",4000.54,6,24003.24,68.52,0.29,73.8,0.31,-38.16,-0.16,-623.24,-0.01
892,Exit long,2025-11-03 20:30,Long Exit,4006.36,21,84030.24,103.32,0.12,103.32,0.12,-41.16,-0.05,-519.92,-0.01
892,Entry long,2025-11-03 20:20," | F:55,22,2,0,1.03,0,0,38.12,0,0.88",4001.44,21,84030.24,103.32,0.12,103.32,0.12,-41.16,-0.05,-519.92,-0.01
893,Exit short,2025-11-03 20:40,Short Exit,4009.4,25,100190.25,-44.75,-0.04,14.25,0.01,-44.75,-0.04,-564.67,-0.01
893,Entry short,2025-11-03 20:35," | F:70,15,2,1,0.74,0,0,53.11,0,0.75",4007.61,25,100190.25,-44.75,-0.04,14.25,0.01,-44.75,-0.04,-564.67,-0.01
894,Exit short,2025-11-04 15:20,Short Exit,3986,15,59892.3,102.3,0.17,102.3,0.17,-1.65,0.00,-462.37,0.00
894,Entry short,2025-11-04 15:15," | F:70,12,2,1,0.43,0,0,52.63,0,1.19",3992.82,15,59892.3,102.3,0.17,102.3,0.17,-1.65,0.00,-462.37,0.00
895,Exit long,2025-11-05 04:05,Long Exit,3943.09,17,66928.83,103.7,0.15,103.7,0.15,-3.57,-0.01,-358.67,0.00
895,Entry long,2025-11-05 04:00," | F:45,14,0,0,0.63,0,0,46.04,0,0.6",3936.99,17,66928.83,103.7,0.15,103.7,0.15,-3.57,-0.01,-358.67,0.00
896,Exit short,2025-11-05 05:20,Short Exit,3955.82,15,59291.25,-46.05,-0.08,0.9,0.00,-46.05,-0.08,-404.72,0.00
896,Entry short,2025-11-05 05:10," | F:70,98,0,1,0.58,0,0,66.94,0,0.79",3952.75,15,59291.25,-46.05,-0.08,0.9,0.00,-46.05,-0.08,-404.72,0.00
897,Exit long,2025-11-06 16:10,Long Exit,4006.55,19,76171.95,-47.5,-0.06,9.12,0.01,-47.5,-0.06,-452.22,0.00
897,Entry long,2025-11-06 16:05," | F:70,14,2,0,0.64,0,1,43.86,1,1.49",4009.05,19,76171.95,-47.5,-0.06,9.12,0.01,-47.5,-0.06,-452.22,0.00
898,Exit short,2025-11-11 11:20,Short Exit,4144.13,26,107703.44,-43.94,-0.04,41.86,0.04,-43.94,-0.04,-496.16,0.00
898,Entry short,2025-11-11 11:15," | F:50,53,1,1,0.79,0,1,65.39,1,0.79",4142.44,26,107703.44,-43.94,-0.04,41.86,0.04,-43.94,-0.04,-496.16,0.00
899,Exit long,2025-11-11 23:25,Long Exit,4127.92,36,148647.6,-42.48,-0.03,79.92,0.05,-42.48,-0.03,-538.64,-0.01
899,Entry long,2025-11-11 23:05," | F:70,8,3,0,1.49,0,1,64.81,1,0.25",4129.1,36,148647.6,-42.48,-0.03,79.92,0.05,-42.48,-0.03,-538.64,-0.01
900,Exit long,2025-11-12 15:35,Long Exit,4132.19,16,66009.44,105.6,0.16,105.6,0.16,-42.72,-0.06,-433.04,0.00
900,Entry long,2025-11-12 15:10," | F:75,33,2,0,0.89,0,1,41.32,1,1.43",4125.59,16,66009.44,105.6,0.16,105.6,0.16,-42.72,-0.06,-433.04,0.00
901,Exit long,2025-11-14 09:40,Long Exit,4172.35,11,45794.65,101.2,0.22,101.2,0.22,-5.06,-0.01,-331.84,0.00
901,Entry long,2025-11-14 09:25," | F:50,133,1,0,0.74,0,0,23.94,1,0.83",4163.15,11,45794.65,101.2,0.22,101.2,0.22,-5.06,-0.01,-331.84,0.00
902,Exit short,2025-11-17 18:00,Short Exit,4059.28,5,20407.2,110.8,0.54,110.8,0.54,-28.25,-0.14,-221.04,0.00
902,Entry short,2025-11-17 15:05," | F:75,60,2,1,0.77,0,0,52.47,0,1.64",4081.44,5,20407.2,110.8,0.54,110.8,0.54,-28.25,-0.14,-221.04,0.00
903,Exit long,2025-11-18 08:10,Long Exit,4013.5,15,60250.5,-48,-0.08,3.15,0.01,-48,-0.08,-269.04,0.00
903,Entry long,2025-11-18 08:05," | F:50,12,0,0,1.21,0,0,49.36,0,0.91",4016.7,15,60250.5,-48,-0.08,3.15,0.01,-48,-0.08,-269.04,0.00
904,Exit short,2025-11-18 09:40,Short Exit,4013.38,9,36072.9,-47.52,-0.13,93.24,0.26,-47.52,-0.13,-316.56,0.00
904,Entry short,2025-11-18 09:15," | F:70,6,1,1,1.24,0,0,40.58,0,0.98",4008.1,9,36072.9,-47.52,-0.13,93.24,0.26,-47.52,-0.13,-316.56,0.00
905,Exit short,2025-11-20 08:25,Short Exit,4064.24,11,44806.74,100.1,0.22,100.1,0.22,-14.52,-0.03,-216.46,0.00
905,Entry short,2025-11-20 08:10," | F:70,16,0,1,0.5,0,0,51.98,0,1.3",4073.34,11,44806.74,100.1,0.22,100.1,0.22,-14.52,-0.03,-216.46,0.00
906,Exit short,2025-11-24 11:05,Short Exit,4067.44,10,40625.1,-49.3,-0.12,43.9,0.11,-49.3,-0.12,-265.76,0.00
906,Entry short,2025-11-24 09:45," | F:70,82,1,1,0.89,0,1,64.18,0,0.97",4062.51,10,40625.1,-49.3,-0.12,43.9,0.11,-49.3,-0.12,-265.76,0.00
907,Exit short,2025-11-25 14:15,Short Exit,4137.22,14,57873.34,-47.74,-0.08,78.26,0.14,-47.74,-0.08,-313.5,0.00
907,Entry short,2025-11-25 13:15," | F:55,12,1,1,0.51,0,1,54.63,1,0.87",4133.81,14,57873.34,-47.74,-0.08,78.26,0.14,-47.74,-0.08,-313.5,0.00
908,Exit short,2025-11-25 15:30,Short Exit,4146.74,9,37271.34,-49.32,-0.13,32.49,0.09,-49.32,-0.13,-362.82,0.00
908,Entry short,2025-11-25 15:20," | F:45,85,2,1,0.54,0,1,59.76,1,1.41",4141.26,9,37271.34,-49.32,-0.13,32.49,0.09,-49.32,-0.13,-362.82,0.00
909,Exit short,2025-11-26 02:55,Short Exit,4142.63,11,45520.31,-48.62,-0.11,41.69,0.09,-48.62,-0.11,-411.44,0.00
909,Entry short,2025-11-26 02:30," | F:45,60,0,1,1.05,0,1,58.33,1,2.22",4138.21,11,45520.31,-48.62,-0.11,41.69,0.09,-48.62,-0.11,-411.44,0.00
910,Exit long,2025-11-26 14:40,Long Exit,4159.17,15,62435.85,-48.3,-0.08,7.95,0.01,-48.3,-0.08,-459.74,0.00
910,Entry long,2025-11-26 14:30," | F:70,17,2,0,0.8,0,1,44.88,1,1",4162.39,15,62435.85,-48.3,-0.08,7.95,0.01,-48.3,-0.08,-459.74,0.00
911,Exit long,2025-11-26 15:40,Long Exit,4153.65,9,37430.28,-47.43,-0.13,0,0.00,-47.43,-0.13,-507.17,-0.01
911,Entry long,2025-11-26 15:35," | F:70,9,2,0,0.74,0,1,45.32,1,1.54",4158.92,9,37430.28,-47.43,-0.13,0,0.00,-47.43,-0.13,-507.17,-0.01
912,Exit long,2025-11-27 02:00,Time Stop (Bars),4164.25,17,70783.92,8.33,0.01,88.06,0.12,-36.89,-0.05,-498.84,0.00
912,Entry long,2025-11-26 22:00," | F:70,16,2,0,1.47,0,1,46.46,1,0.66",4163.76,17,70783.92,8.33,0.01,88.06,0.12,-36.89,-0.05,-498.84,0.00
913,Exit long,2025-11-27 11:50,Long Exit,4158.92,14,58122.12,102.76,0.18,102.76,0.18,-24.78,-0.04,-396.08,0.00
913,Entry long,2025-11-27 11:20," | F:50,41,1,0,0.85,0,0,33.61,1,1.69",4151.58,14,58122.12,102.76,0.18,102.76,0.18,-24.78,-0.04,-396.08,0.00
914,Exit long,2025-12-01 03:55,Long Exit,4246.32,6,25369.08,108.84,0.43,108.84,0.43,-24.36,-0.10,-287.24,0.00
914,Entry long,2025-12-01 03:10," | F:65,10,0,0,0.72,0,1,53.14,1,2.55",4228.18,6,25369.08,108.84,0.43,108.84,0.43,-24.36,-0.10,-287.24,0.00
915,Exit long,2025-12-01 16:35,Long Exit,4238.53,5,21237.9,-45.25,-0.21,8.3,0.04,-45.25,-0.21,-332.49,0.00
915,Entry long,2025-12-01 16:05," | F:75,64,2,0,0.8,0,1,43.26,1,1.46",4247.58,5,21237.9,-45.25,-0.21,8.3,0.04,-45.25,-0.21,-332.49,0.00
916,Exit long,2025-12-02 06:30,Long Exit,4214.42,11,46406.8,-48.18,-0.10,82.39,0.18,-48.18,-0.10,-380.67,0.00
916,Entry long,2025-12-02 04:30," | F:50,10,0,0,1.21,0,0,49.16,1,0.88",4218.8,11,46406.8,-48.18,-0.10,82.39,0.18,-48.18,-0.10,-380.67,0.00
917,Exit long,2025-12-04 05:00,Long Exit,4198.64,9,37834.11,-46.35,-0.12,32.94,0.09,-46.35,-0.12,-427.02,0.00
917,Entry long,2025-12-04 04:05," | F:45,74,0,0,0.95,0,0,38.69,1,0.9",4203.79,9,37834.11,-46.35,-0.12,32.94,0.09,-46.35,-0.12,-427.02,0.00
918,Exit long,2025-12-04 11:55,Long Exit,4201.6,8,33514.08,98.72,0.29,98.72,0.29,-14.96,-0.04,-328.3,0.00
918,Entry long,2025-12-04 11:00," | F:50,31,1,0,0.65,0,0,47.2,1,1.61",4189.26,8,33514.08,98.72,0.29,98.72,0.29,-14.96,-0.04,-328.3,0.00
919,Exit short,2025-12-04 13:05,Short Exit,4202.54,15,62991.6,-46.5,-0.07,44.25,0.07,-46.5,-0.07,-374.8,0.00
919,Entry short,2025-12-04 12:10," | F:65,88,1,1,0.8,0,1,63.22,1,0.69",4199.44,15,62991.6,-46.5,-0.07,44.25,0.07,-46.5,-0.07,-374.8,0.00
920,Exit long,2025-12-05 02:30,Long Exit,4203.71,21,88324.32,-46.41,-0.05,95.97,0.11,-46.41,-0.05,-421.21,0.00
920,Entry long,2025-12-05 01:40," | F:70,40,3,0,1.87,0,1,40.93,1,1.8",4205.92,21,88324.32,-46.41,-0.05,95.97,0.11,-46.41,-0.05,-421.21,0.00
921,Exit long,2025-12-05 16:45,Long Exit,4242.02,11,46558.38,103.84,0.22,103.84,0.22,-14.96,-0.03,-317.37,0.00
921,Entry long,2025-12-05 16:35," | F:75,16,2,0,0.86,0,1,53.09,1,1.58",4232.58,11,46558.38,103.84,0.22,103.84,0.22,-14.96,-0.03,-317.37,0.00
922,Exit long,2025-12-08 02:35,Long Exit,4209.71,12,50414.28,102.24,0.20,102.24,0.20,-24.96,-0.05,-215.13,0.00
922,Entry long,2025-12-08 01:45," | F:45,6,3,0,0.57,0,0,50.86,1,1.21",4201.19,12,50414.28,102.24,0.20,102.24,0.20,-24.96,-0.05,-215.13,0.00
923,Exit long,2025-12-08 07:30,Long Exit,4211.59,21,88338.39,105,0.12,105,0.12,-10.92,-0.01,-110.13,0.00
923,Entry long,2025-12-08 07:20," | F:50,34,0,0,2.17,0,0,43.78,1,0.93",4206.59,21,88338.39,105,0.12,105,0.12,-10.92,-0.01,-110.13,0.00
924,Exit short,2025-12-09 01:20,Short Exit,4193.54,25,104793,-45.5,-0.04,33.75,0.03,-45.5,-0.04,-155.63,0.00
924,Entry short,2025-12-09 01:05," | F:70,17,3,1,1.04,0,0,55.3,0,0.51",4191.72,25,104793,-45.5,-0.04,33.75,0.03,-45.5,-0.04,-155.63,0.00
925,Exit short,2025-12-09 14:15,Short Exit,4199.6,11,46294.38,98.78,0.21,98.78,0.21,-5.06,-0.01,-56.85,0.00
925,Entry short,2025-12-09 11:20," | F:65,233,1,1,0.62,0,1,84,1,1.49",4208.58,11,46294.38,98.78,0.21,98.78,0.21,-5.06,-0.01,-56.85,0.00
926,Exit short,2025-12-10 04:40,Short Exit,4218.02,22,92750.24,-46.2,-0.05,97.46,0.11,-46.2,-0.05,-103.05,0.00
926,Entry short,2025-12-10 03:20," | F:55,92,0,1,1.57,0,1,68.9,1,2.33",4215.92,22,92750.24,-46.2,-0.05,97.46,0.11,-46.2,-0.05,-103.05,0.00
927,Exit short,2025-12-10 09:50,Short Exit,4203.63,27,113603.31,105.3,0.09,105.3,0.09,-34.29,-0.03,2.25,0.00
927,Entry short,2025-12-10 09:05," | F:65,11,1,1,0.67,0,1,50.3,1,0.81",4207.53,27,113603.31,105.3,0.09,105.3,0.09,-34.29,-0.03,2.25,0.00
928,Exit short,2025-12-10 15:40,Short Exit,4200.15,16,67156,-46.4,-0.07,69.44,0.10,-46.4,-0.07,-44.15,0.00
928,Entry short,2025-12-10 15:05," | F:70,11,2,1,0.83,0,0,51.59,1,1.52",4197.25,16,67156,-46.4,-0.07,69.44,0.10,-46.4,-0.07,-44.15,0.00
929,Exit short,2025-12-10 16:20,Short Exit,4200.36,23,96714.08,105.8,0.11,105.8,0.11,-25.76,-0.03,61.65,0.00
929,Entry short,2025-12-10 16:10," | F:75,79,2,1,0.43,0,1,67.35,1,1.01",4204.96,23,96714.08,105.8,0.11,105.8,0.11,-25.76,-0.03,61.65,0.00
930,Exit long,2025-12-11 03:35,Long Exit,4232.91,18,76240.08,-47.7,-0.06,0.54,0.00,-47.7,-0.06,13.95,0.00
930,Entry long,2025-12-11 03:30," | F:70,19,0,0,0.76,0,1,48.42,1,1.46",4235.56,18,76240.08,-47.7,-0.06,0.54,0.00,-47.7,-0.06,13.95,0.00
931,Exit long,2025-12-11 11:20,Long Exit,4215.76,27,113720.22,105.3,0.09,105.3,0.09,-23.22,-0.02,119.25,0.00
931,Entry long,2025-12-11 11:10," | F:50,35,1,0,0.91,0,0,43.3,1,1.52",4211.86,27,113720.22,105.3,0.09,105.3,0.09,-23.22,-0.02,119.25,0.00
932,Exit long,2025-12-11 12:30,Long Exit,4215.95,34,143385.14,-42.84,-0.03,17.68,0.01,-42.84,-0.03,76.41,0.00
932,Entry long,2025-12-11 12:25," | F:70,10,1,0,0.53,0,1,50.56,1,1.18",4217.21,34,143385.14,-42.84,-0.03,17.68,0.01,-42.84,-0.03,76.41,0.00
933,Exit short,2025-12-17 06:10,Short Exit,4325.11,17,73479.61,-47.26,-0.06,18.87,0.03,-47.26,-0.06,29.15,0.00
933,Entry short,2025-12-17 06:00," | F:45,25,0,1,0.75,0,1,58.15,1,0.45",4322.33,17,73479.61,-47.26,-0.06,18.87,0.03,-47.26,-0.06,29.15,0.00
934,Exit long,2025-12-17 14:20,Long Exit,4322.36,9,38803.68,97.56,0.25,97.56,0.25,-0.18,0.00,126.71,0.00
934,Entry long,2025-12-17 12:35," | F:70,133,1,0,0.39,0,0,34.71,1,1.81",4311.52,9,38803.68,97.56,0.25,97.56,0.25,-0.18,0.00,126.71,0.00
935,Exit long,2025-12-19 05:00,Long Exit,4313.86,17,73382.54,-46.92,-0.06,33.49,0.05,-46.92,-0.06,79.79,0.00
935,Entry long,2025-12-19 04:45," | F:50,15,0,0,1.62,0,0,38.65,1,1.03",4316.62,17,73382.54,-46.92,-0.06,33.49,0.05,-46.92,-0.06,79.79,0.00
936,Exit long,2025-12-19 13:35,Long Exit,4325.48,52,224964.48,-39.52,-0.02,123.76,0.06,-39.52,-0.02,40.27,0.00
936,Entry long,2025-12-19 13:10," | F:75,7,1,0,0.91,0,0,45.98,1,1.37",4326.24,52,224964.48,-39.52,-0.02,123.76,0.06,-39.52,-0.02,40.27,0.00
937,Exit short,2025-12-19 16:45,Short Exit,4328.03,15,65021.55,101.1,0.16,101.1,0.16,-3.3,-0.01,141.37,0.00
937,Entry short,2025-12-19 16:40," | F:70,229,2,1,0.8,0,1,59.08,1,1.38",4334.77,15,65021.55,101.1,0.16,101.1,0.16,-3.3,-0.01,141.37,0.00
938,Exit long,2025-12-22 20:45,Long Exit,4431.94,10,44368,-48.6,-0.11,20.7,0.05,-48.6,-0.11,92.77,0.00
938,Entry long,2025-12-22 19:35," | F:75,19,2,0,0.94,0,1,55.84,1,0.67",4436.8,10,44368,-48.6,-0.11,20.7,0.05,-48.6,-0.11,92.77,0.00
939,Exit short,2025-12-23 08:10,Short Exit,4471.53,11,49291.11,104.28,0.21,104.28,0.21,-16.28,-0.03,197.05,0.00
939,Entry short,2025-12-23 07:40," | F:50,13,0,1,0.68,0,1,44.7,1,1.33",4481.01,11,49291.11,104.28,0.21,104.28,0.21,-16.28,-0.03,197.05,0.00
940,Exit short,2025-12-23 09:15,Short Exit,4482.94,25,112027.75,-45.75,-0.04,22.25,0.02,-45.75,-0.04,151.3,0.00
940,Entry short,2025-12-23 09:05," | F:50,18,1,1,0.78,0,1,54.63,1,0.67",4481.11,25,112027.75,-45.75,-0.04,22.25,0.02,-45.75,-0.04,151.3,0.00
941,Exit long,2025-12-23 16:30,Long Exit,4454.09,3,13407.39,-45.12,-0.34,9.21,0.07,-45.12,-0.34,106.18,0.00
941,Entry long,2025-12-23 16:05," | F:70,174,2,0,0.42,0,0,27.75,1,1.66",4469.13,3,13407.39,-45.12,-0.34,9.21,0.07,-45.12,-0.34,106.18,0.00
942,Exit short,2025-12-26 10:45,Short Exit,4517.46,23,103857.19,-44.39,-0.04,57.5,0.06,-44.39,-0.04,61.79,0.00
942,Entry short,2025-12-26 10:20," | F:45,20,1,1,0.85,0,1,67.34,1,0.51",4515.53,23,103857.19,-44.39,-0.04,57.5,0.06,-44.39,-0.04,61.79,0.00
943,Exit long,2025-12-30 03:45,Long Exit,4350.82,6,25996.92,108,0.42,108,0.42,-6.42,-0.02,169.79,0.00
943,Entry long,2025-12-30 03:05," | F:45,75,0,0,0.73,0,0,44.22,0,2.16",4332.82,6,25996.92,108,0.42,108,0.42,-6.42,-0.02,169.79,0.00
944,Exit short,2025-12-31 03:00,Short Exit,4346.56,12,52112.52,-46.2,-0.09,81.96,0.16,-46.2,-0.09,123.59,0.00
944,Entry short,2025-12-31 02:40," | F:70,24,0,1,0.57,0,0,51.83,0,1.29",4342.71,12,52112.52,-46.2,-0.09,81.96,0.16,-46.2,-0.09,123.59,0.00
945,Exit long,2025-12-31 14:20,Long Exit,4305.46,12,51711.96,-46.44,-0.09,23.88,0.05,-46.44,-0.09,77.15,0.00
945,Entry long,2025-12-31 14:05," | F:45,13,2,0,1.03,0,0,41.81,0,0.81",4309.33,12,51711.96,-46.44,-0.09,23.88,0.05,-46.44,-0.09,77.15,0.00
946,Exit long,2026-01-05 08:00,Long Exit,4416.23,10,44058.1,104.2,0.24,104.2,0.24,-1.5,0.00,181.35,0.00
946,Entry long,2026-01-05 07:45," | F:65,19,0,0,0.58,0,1,50.5,1,2.31",4405.81,10,44058.1,104.2,0.24,104.2,0.24,-1.5,0.00,181.35,0.00
947,Exit short,2026-01-06 16:05,Short Exit,4471.47,12,53610.48,-47.16,-0.09,16.2,0.03,-47.16,-0.09,134.19,0.00
947,Entry short,2026-01-06 16:00," | F:55,67,2,1,1.37,0,1,59.77,1,1.16",4467.54,12,53610.48,-47.16,-0.09,16.2,0.03,-47.16,-0.09,134.19,0.00
948,Exit long,2026-01-06 18:35,Long Exit,4486.58,6,26823.72,95.76,0.36,95.76,0.36,-1.74,-0.01,229.95,0.00
948,Entry long,2026-01-06 17:35," | F:70,22,2,0,1,0,1,46.7,1,1.42",4470.62,6,26823.72,95.76,0.36,95.76,0.36,-1.74,-0.01,229.95,0.00
949,Exit long,2026-01-08 01:00,Long Exit,4461.22,13,57892.64,103.22,0.18,103.22,0.18,-18.72,-0.03,333.17,0.00
949,Entry long,2026-01-07 23:00," | F:50,21,3,0,1.12,0,0,44.91,1,0.57",4453.28,13,57892.64,103.22,0.18,103.22,0.18,-18.72,-0.03,333.17,0.00
950,Exit short,2026-01-09 07:15,Short Exit,4460.45,23,102696.15,105.8,0.10,105.8,0.10,-15.87,-0.02,438.97,0.00
950,Entry short,2026-01-09 07:00," | F:50,25,0,1,1.34,0,1,51.51,1,0.7",4465.05,23,102696.15,105.8,0.10,105.8,0.10,-15.87,-0.02,438.97,0.00
951,Exit long,2026-01-09 15:30,Long Exit,4460.98,10,44659.9,-50.1,-0.11,86.6,0.19,-50.1,-0.11,388.87,0.00
951,Entry long,2026-01-09 14:35," | F:65,87,2,0,1.67,0,0,37.88,1,1.19",4465.99,10,44659.9,-50.1,-0.11,86.6,0.19,-50.1,-0.11,388.87,0.00
952,Exit short,2026-01-12 12:50,Short Exit,4594.54,7,32111.87,-49.91,-0.16,0.91,0.00,-49.91,-0.16,338.96,0.00
952,Entry short,2026-01-12 12:30," | F:55,10,1,1,0.79,0,1,45.57,1,1.17",4587.41,7,32111.87,-49.91,-0.16,0.91,0.00,-49.91,-0.16,338.96,0.00
953,Exit long,2026-01-12 19:35,Long Exit,4611.99,11,50778.75,-46.86,-0.09,15.51,0.03,-46.86,-0.09,292.1,0.00
953,Entry long,2026-01-12 19:20," | F:75,8,2,0,1.12,0,1,50.24,1,0.96",4616.25,11,50778.75,-46.86,-0.09,15.51,0.03,-46.86,-0.09,292.1,0.00
954,Exit long,2026-01-13 08:35,Long Exit,4578.96,10,45837.8,-48.2,-0.11,7.3,0.02,-48.2,-0.11,243.9,0.00
954,Entry long,2026-01-13 08:30," | F:45,55,0,0,1.13,0,0,32.89,1,1.27",4583.78,10,45837.8,-48.2,-0.11,7.3,0.02,-48.2,-0.11,243.9,0.00
955,Exit long,2026-01-13 13:45,Long Exit,4590.5,15,68753.1,104.4,0.15,104.4,0.15,-41.1,-0.06,348.3,0.00
955,Entry long,2026-01-13 12:10," | F:55,28,1,0,0.95,0,0,38.05,1,1.07",4583.54,15,68753.1,104.4,0.15,104.4,0.15,-41.1,-0.06,348.3,0.00
956,Exit short,2026-01-13 15:55,Short Exit,4610.99,15,69266.85,102,0.15,102,0.15,-17.25,-0.02,450.3,0.00
956,Entry short,2026-01-13 15:45," | F:50,243,2,1,0.66,0,1,78.06,1,1.4",4617.79,15,69266.85,102,0.15,102,0.15,-17.25,-0.02,450.3,0.00
957,Exit short,2026-01-15 03:20,Short Exit,4600.62,5,23111.2,108.1,0.47,108.1,0.47,-3.7,-0.02,558.4,0.01
957,Entry short,2026-01-15 01:00," | F:70,13,3,1,0.42,0,0,41.68,1,0.79",4622.24,5,23111.2,108.1,0.47,108.1,0.47,-3.7,-0.02,558.4,0.01
958,Exit long,2026-01-15 11:35,Long Exit,4609.96,12,55219.92,99.6,0.18,99.6,0.18,-29.64,-0.05,658,0.01
958,Entry long,2026-01-15 10:05," | F:50,26,1,0,1.29,0,0,46.33,1,1.48",4601.66,12,55219.92,99.6,0.18,99.6,0.18,-29.64,-0.05,658,0.01
959,Exit short,2026-01-16 20:40,Short Exit,4596.02,15,68892.75,-47.55,-0.07,5.7,0.01,-47.55,-0.07,610.45,0.01
959,Entry short,2026-01-16 20:35," | F:70,23,2,1,0.77,0,0,57.27,1,0.75",4592.85,15,68892.75,-47.55,-0.07,5.7,0.01,-47.55,-0.07,610.45,0.01