Trade #,Type,Date and time,Signal,Price JPY,Position size (qty),Position size (value),Net P&L USD,Net P&L %,Favorable excursion USD,Favorable excursion %,Adverse excursion USD,Adverse excursion %,Cumulative P&L USD,Cumulative P&L %
1,Exit long,2024-01-03 03:20,Long Exit,179.46,87599,15700981.96,137.56,0.12,137.56,0.12,-28.38,-0.03,137.56,0.00
1,Entry long,2024-01-03 02:30," | F:50,3,19,1,0,45.3",179.237,87599,15700981.96,137.56,0.12,137.56,0.12,-28.38,-0.03,137.56,0.00
2,Exit short,2024-01-04 06:10,Short Exit,181.717,113760,20667234.24,-34.13,-0.02,0,0.00,-34.13,-0.02,103.43,0.00
2,Entry short,2024-01-04 06:00," | F:55,3,118,1,1,61.44",181.674,113760,20667234.24,-34.13,-0.02,0,0.00,-34.13,-0.02,103.43,0.00
3,Exit long,2024-01-04 18:35,Long Exit,183.442,96341,17678284.48,-36.97,-0.03,28.9,0.02,-36.97,-0.03,66.46,0.00
3,Entry long,2024-01-04 18:25," | F:75,3,22,1,1,47.26",183.497,96341,17678284.48,-36.97,-0.03,28.9,0.02,-36.97,-0.03,66.46,0.00
4,Exit short,2024-01-05 02:40,Short Exit,183.68,52829,9697449.727,-42.72,-0.06,20.45,0.03,-42.72,-0.06,23.74,0.00
4,Entry short,2024-01-05 02:00," | F:60,3,98,1,1,60.08",183.563,52829,9697449.727,-42.72,-0.06,20.45,0.03,-42.72,-0.06,23.74,0.00
5,Exit short,2024-01-08 09:15,Short Exit,183.435,50074,9179115.014,-42.92,-0.07,16.96,0.03,-42.92,-0.07,-19.18,0.00
5,Entry short,2024-01-08 08:20," | F:70,3,7,1,0,30.91",183.311,50074,9179115.014,-42.92,-0.07,16.96,0.03,-42.92,-0.07,-19.18,0.00
6,Exit short,2024-01-08 12:20,Short Exit,183.256,63271,11588842.9,-41.11,-0.05,17.06,0.02,-41.11,-0.05,-60.3,0.00
6,Entry short,2024-01-08 12:10," | F:70,3,9,1,0,38.5",183.162,63271,11588842.9,-41.11,-0.05,17.06,0.02,-41.11,-0.05,-60.3,0.00
7,Exit long,2024-01-09 00:00,Long Exit,183.761,147031,27022827.49,-29.56,-0.02,130.1,0.07,-29.56,-0.02,-89.86,0.00
7,Entry long,2024-01-08 21:35," | F:70,3,7,1,1,62.23",183.79,147031,27022827.49,-29.56,-0.02,130.1,0.07,-29.56,-0.02,-89.86,0.00
8,Exit long,2024-01-09 03:30,Long Exit,183.324,89861,16479069.62,-37.37,-0.03,94.06,0.08,-37.37,-0.03,-127.23,0.00
8,Entry long,2024-01-09 03:10," | F:60,3,108,1,0,27.43",183.384,89861,16479069.62,-37.37,-0.03,94.06,0.08,-37.37,-0.03,-127.23,0.00
9,Exit long,2024-01-09 13:25,Long Exit,183.101,58985,10806228.96,-41.71,-0.06,69.1,0.09,-41.71,-0.06,-168.94,0.00
9,Entry long,2024-01-09 11:20," | F:50,3,48,1,0,35.76",183.203,58985,10806228.96,-41.71,-0.06,69.1,0.09,-41.71,-0.06,-168.94,0.00
10,Exit long,2024-01-11 02:15,Long Exit,185.583,91028,16898711,-37.46,-0.03,3.12,0.00,-37.46,-0.03,-206.4,0.00
10,Entry long,2024-01-11 02:10," | F:70,3,13,1,1,49.89",185.643,91028,16898711,-37.46,-0.03,3.12,0.00,-37.46,-0.03,-206.4,0.00
11,Exit long,2024-01-11 12:30,Long Exit,185.312,145483,26964110.19,-29.94,-0.02,115.75,0.06,-29.94,-0.02,-236.33,0.00
11,Entry long,2024-01-11 11:40," | F:70,3,193,1,0,28.25",185.342,145483,26964110.19,-29.94,-0.02,115.75,0.06,-29.94,-0.02,-236.33,0.00
12,Exit long,2024-01-15 11:35,Long Exit,185.244,51966,9632625.624,-43.03,-0.06,30.84,0.05,-43.03,-0.06,-279.36,0.00
12,Entry long,2024-01-15 11:00," | F:75,3,32,1,1,50.48",185.364,51966,9632625.624,-43.03,-0.06,30.84,0.05,-43.03,-0.06,-279.36,0.00
13,Exit short,2024-01-16 00:00,Short Exit,185.406,134994,25053266.47,168.52,0.10,168.52,0.10,-0.93,0.00,-110.84,0.00
13,Entry short,2024-01-15 21:00," | F:50,3,29,1,1,56.96",185.588,134994,25053266.47,168.52,0.10,168.52,0.10,-0.93,0.00,-110.84,0.00
14,Exit long,2024-01-17 00:40,Long Exit,185.851,70088,13031882.37,-40.46,-0.05,28.56,0.03,-40.46,-0.05,-151.31,0.00
14,Entry long,2024-01-17 00:00," | F:65,3,32,1,1,41.3",185.936,70088,13031882.37,-40.46,-0.05,28.56,0.03,-40.46,-0.05,-151.31,0.00
15,Exit short,2024-01-17 06:45,Short Exit,185.998,141681,26347848.85,-30.79,-0.02,89.49,0.05,-30.79,-0.02,-182.1,0.00
15,Entry short,2024-01-17 06:05," | F:50,3,8,1,1,43.53",185.966,141681,26347848.85,-30.79,-0.02,89.49,0.05,-30.79,-0.02,-182.1,0.00
16,Exit short,2024-01-17 08:00,Short Exit,186.18,115311,21463528.3,-34.46,-0.02,57.96,0.04,-34.46,-0.02,-216.56,0.00
16,Entry short,2024-01-17 07:45," | F:45,3,51,1,1,64.6",186.136,115311,21463528.3,-34.46,-0.02,57.96,0.04,-34.46,-0.02,-216.56,0.00
17,Exit long,2024-01-18 09:25,Long Exit,187.574,101214,18990479.18,-36.19,-0.03,48.49,0.04,-36.19,-0.03,-252.75,0.00
17,Entry long,2024-01-18 09:00," | F:75,3,12,1,1,44.63",187.627,101214,18990479.18,-36.19,-0.03,48.49,0.04,-36.19,-0.03,-252.75,0.00
18,Exit short,2024-01-18 10:45,Short Exit,187.758,87019,16332857.17,-38.16,-0.03,28.18,0.03,-38.16,-0.03,-290.92,0.00
18,Entry short,2024-01-18 10:35," | F:75,3,23,1,1,55.57",187.693,87019,16332857.17,-38.16,-0.03,28.18,0.03,-38.16,-0.03,-290.92,0.00
19,Exit short,2024-01-18 18:05,Short Exit,187.869,44326,8320965.372,-43.96,-0.08,9.57,0.02,-43.96,-0.08,-334.88,0.00
19,Entry short,2024-01-18 17:15," | F:50,3,140,1,1,59.08",187.722,44326,8320965.372,-43.96,-0.08,9.57,0.02,-43.96,-0.08,-334.88,0.00
20,Exit long,2024-01-19 03:00,Time Stop (Bars),188.156,24678,4643930.718,-4.16,-0.01,20.82,0.07,-20.32,-0.06,-339.04,0.00
20,Entry long,2024-01-19 00:00," | F:75,3,43,1,1,53.73",188.181,24678,4643930.718,-4.16,-0.01,20.82,0.07,-20.32,-0.06,-339.04,0.00
21,Exit long,2024-01-19 10:45,Long Exit,187.786,92664,17406561.74,-37.52,-0.03,13.13,0.01,-37.52,-0.03,-376.56,0.00
21,Entry long,2024-01-19 10:40," | F:80,3,202,1,0,27.93",187.846,92664,17406561.74,-37.52,-0.03,13.13,0.01,-37.52,-0.03,-376.56,0.00
22,Exit short,2024-01-19 16:30,Short Exit,187.939,114072,21433444.37,-34.64,-0.02,0,0.00,-34.64,-0.02,-411.2,0.00
22,Entry short,2024-01-19 16:25," | F:70,3,72,1,0,61",187.894,114072,21433444.37,-34.64,-0.02,0,0.00,-34.64,-0.02,-411.2,0.00
23,Exit long,2024-01-19 23:25,Long Exit,188.106,200127,37648491.62,-22.96,-0.01,22.96,0.01,-22.96,-0.01,-434.16,0.00
23,Entry long,2024-01-19 23:20," | F:75,3,10,1,1,50.27",188.123,200127,37648491.62,-22.96,-0.01,22.96,0.01,-22.96,-0.01,-434.16,0.00
24,Exit short,2024-01-26 00:00,Short Exit,187.479,95914,18002290.49,138.31,0.11,138.31,0.11,-22.75,-0.02,-295.85,0.00
24,Entry short,2024-01-25 23:15," | F:70,3,16,1,1,53.98",187.692,95914,18002290.49,138.31,0.11,138.31,0.11,-22.75,-0.02,-295.85,0.00
25,Exit short,2024-01-26 15:30,Short Exit,188.036,131864,24819969.54,167.83,0.10,167.83,0.10,-8.03,0.00,-128.02,0.00
25,Entry short,2024-01-26 15:20," | F:50,3,18,1,1,60.08",188.224,131864,24819969.54,167.83,0.10,167.83,0.10,-8.03,0.00,-128.02,0.00
26,Exit short,2024-01-29 11:15,Short Exit,187.696,82124,15434466.68,135.75,0.13,135.75,0.13,-6.09,-0.01,7.73,0.00
26,Entry short,2024-01-29 10:30," | F:75,3,12,1,0,49.52",187.941,82124,15434466.68,135.75,0.13,135.75,0.13,-6.09,-0.01,7.73,0.00
27,Exit short,2024-01-30 17:20,Short Exit,186.913,51610,9640231.9,-43.02,-0.07,23.78,0.04,-43.02,-0.07,-35.29,0.00
27,Entry short,2024-01-30 17:05," | F:75,3,11,1,0,49.88",186.79,51610,9640231.9,-43.02,-0.07,23.78,0.04,-43.02,-0.07,-35.29,0.00
28,Exit short,2024-01-30 19:55,Short Exit,187.429,110221,20653431.42,-35.11,-0.03,24.65,0.02,-35.11,-0.03,-70.39,0.00
28,Entry short,2024-01-30 19:20," | F:65,3,172,1,1,67.35",187.382,110221,20653431.42,-35.11,-0.03,24.65,0.02,-35.11,-0.03,-70.39,0.00
29,Exit short,2024-01-31 08:15,Short Exit,187.384,115453,21628965.02,-34.41,-0.02,12.51,0.01,-34.41,-0.02,-104.8,0.00
29,Entry short,2024-01-31 08:05," | F:50,3,86,1,1,64.87",187.34,115453,21628965.02,-34.41,-0.02,12.51,0.01,-34.41,-0.02,-104.8,0.00
30,Exit long,2024-01-31 09:10,Long Exit,187.301,111979,20978929.71,-34.89,-0.02,41.72,0.03,-34.89,-0.02,-139.7,0.00
30,Entry long,2024-01-31 08:35," | F:65,3,8,1,1,60.05",187.347,111979,20978929.71,-34.89,-0.02,41.72,0.03,-34.89,-0.02,-139.7,0.00
31,Exit short,2024-02-01 18:35,Short Exit,185.784,187392,34810874.88,-24.22,-0.01,0,0.00,-24.22,-0.01,-163.92,0.00
31,Entry short,2024-02-01 18:30," | F:75,3,11,1,0,55.87",185.765,187392,34810874.88,-24.22,-0.01,0,0.00,-24.22,-0.01,-163.92,0.00
32,Exit long,2024-02-02 08:25,Long Exit,186.624,138138,25784424.67,-31.12,-0.02,6.6,0.00,-31.12,-0.02,-195.04,0.00
32,Entry long,2024-02-02 08:20," | F:75,3,16,1,1,47.97",186.657,138138,25784424.67,-31.12,-0.02,6.6,0.00,-31.12,-0.02,-195.04,0.00
33,Exit short,2024-02-06 00:55,Short Exit,186.397,56302,10488218.07,-42.4,-0.06,13.25,0.02,-42.4,-0.06,-237.44,0.00
33,Entry short,2024-02-06 00:25," | F:75,3,7,1,0,40.97",186.285,56302,10488218.07,-42.4,-0.06,13.25,0.02,-42.4,-0.06,-237.44,0.00
34,Exit short,2024-02-07 07:45,Short Exit,186.509,157406,29353385.69,-28.72,-0.01,103.17,0.05,-28.72,-0.01,-266.16,0.00
34,Entry short,2024-02-07 07:00," | F:50,3,27,1,1,63.41",186.482,157406,29353385.69,-28.72,-0.01,103.17,0.05,-28.72,-0.01,-266.16,0.00
35,Exit short,2024-02-08 16:30,Short Exit,188.027,86809,16316706.45,-38.65,-0.04,11.13,0.01,-38.65,-0.04,-304.81,0.00
35,Entry short,2024-02-08 16:25," | F:50,3,10,1,1,50.12",187.961,86809,16316706.45,-38.65,-0.04,11.13,0.01,-38.65,-0.04,-304.81,0.00
36,Exit long,2024-02-09 00:25,Long Exit,188.209,74619,14049936.89,-39.97,-0.04,13.49,0.01,-39.97,-0.04,-344.77,0.00
36,Entry long,2024-02-09 00:15," | F:75,3,66,1,1,36.1",188.289,74619,14049936.89,-39.97,-0.04,13.49,0.01,-39.97,-0.04,-344.77,0.00
37,Exit short,2024-02-12 16:10,Short Exit,188.244,113021,21270326.16,-34.81,-0.02,10.6,0.01,-34.81,-0.02,-379.59,0.00
37,Entry short,2024-02-12 16:05," | F:80,3,45,1,0,67.45",188.198,113021,21270326.16,-34.81,-0.02,10.6,0.01,-34.81,-0.02,-379.59,0.00
38,Exit short,2024-02-13 06:50,Short Exit,188.637,106801,20141280.19,-35.74,-0.03,21.44,0.02,-35.74,-0.03,-415.33,0.00
38,Entry short,2024-02-13 06:20," | F:50,3,53,1,1,58.31",188.587,106801,20141280.19,-35.74,-0.03,21.44,0.02,-35.74,-0.03,-415.33,0.00
39,Exit long,2024-02-13 21:00,Long Exit,189.792,88705,16841265.18,-38.59,-0.03,21.37,0.02,-38.59,-0.03,-453.92,0.00
39,Entry long,2024-02-13 20:20," | F:70,3,23,1,1,45.31",189.857,88705,16841265.18,-38.59,-0.03,21.37,0.02,-38.59,-0.03,-453.92,0.00
40,Exit long,2024-02-14 09:00,Long Exit,189.598,105973,20097673.48,-35.83,-0.03,131.37,0.10,-35.83,-0.03,-489.75,0.00
40,Entry long,2024-02-14 07:40," | F:65,3,6,1,1,52.18",189.649,105973,20097673.48,-35.83,-0.03,131.37,0.10,-35.83,-0.03,-489.75,0.00
41,Exit long,2024-02-14 11:35,Long Exit,188.88,139383,26331400.06,-31.41,-0.02,50.82,0.03,-31.41,-0.02,-521.16,-0.01
41,Entry long,2024-02-14 11:25," | F:55,3,8,1,0,38.24",188.914,139383,26331400.06,-31.41,-0.02,50.82,0.03,-31.41,-0.02,-521.16,-0.01
42,Exit long,2024-02-16 04:15,Time Stop (Bars),188.982,138750,26203908.75,115.65,0.07,161.91,0.09,-7.4,0.00,-405.51,0.00
42,Entry long,2024-02-16 01:15," | F:65,3,10,1,1,46.66",188.857,138750,26203908.75,115.65,0.07,161.91,0.09,-7.4,0.00,-405.51,0.00
43,Exit long,2024-02-16 13:30,Time Stop (Bars),189.177,55649,10519052.22,56.4,0.08,70.13,0.10,-37.48,-0.05,-349.11,0.00
43,Entry long,2024-02-16 10:30," | F:70,3,79,1,1,46.53",189.025,55649,10519052.22,56.4,0.08,70.13,0.10,-37.48,-0.05,-349.11,0.00
44,Exit long,2024-02-19 14:30,Long Exit,189.122,107136,20267131.39,-35.65,-0.03,10.69,0.01,-35.65,-0.03,-384.76,0.00
44,Entry long,2024-02-19 14:00," | F:55,3,21,1,0,44.46",189.172,107136,20267131.39,-35.65,-0.03,10.69,0.01,-35.65,-0.03,-384.76,0.00
45,Exit long,2024-02-19 20:15,Long Exit,189.176,147228,27826533.68,169.51,0.09,169.51,0.09,-0.98,0.00,-215.25,0.00
45,Entry long,2024-02-19 19:00," | F:50,3,14,1,0,49.22",189.003,147228,27826533.68,169.51,0.09,169.51,0.09,-0.98,0.00,-215.25,0.00
46,Exit short,2024-02-19 23:25,Short Exit,189.157,250220,47328362.34,-16.65,-0.01,23.31,0.01,-16.65,-0.01,-231.91,0.00
46,Entry short,2024-02-19 23:05," | F:50,3,19,1,1,54.78",189.147,250220,47328362.34,-16.65,-0.01,23.31,0.01,-16.65,-0.01,-231.91,0.00
47,Exit long,2024-02-20 07:00,Time Stop (Bars),189.205,144526,27330733.76,95.28,0.05,128.96,0.07,-6.74,0.00,-136.63,0.00
47,Entry long,2024-02-20 04:00," | F:70,3,31,1,0,45.09",189.106,144526,27330733.76,95.28,0.05,128.96,0.07,-6.74,0.00,-136.63,0.00
48,Exit long,2024-02-20 10:35,Long Exit,189.168,78290,14815912.76,-39.62,-0.04,1.04,0.00,-39.62,-0.04,-176.25,0.00
48,Entry long,2024-02-20 10:25," | F:75,3,53,1,1,46.47",189.244,78290,14815912.76,-39.62,-0.04,1.04,0.00,-39.62,-0.04,-176.25,0.00
49,Exit long,2024-02-20 19:00,Long Exit,189.403,37825,7170901.325,-44.83,-0.09,26.7,0.06,-44.83,-0.09,-221.08,0.00
49,Entry long,2024-02-20 17:45," | F:75,3,26,1,1,53.32",189.581,37825,7170901.325,-44.83,-0.09,26.7,0.06,-44.83,-0.09,-221.08,0.00
50,Exit long,2024-02-21 05:45,Time Stop (Bars),189.364,98673,18682351.13,18.41,0.01,95.35,0.08,-10.52,-0.01,-202.67,0.00
50,Entry long,2024-02-21 02:45," | F:65,3,12,1,1,54.43",189.336,98673,18682351.13,18.41,0.01,95.35,0.08,-10.52,-0.01,-202.67,0.00
51,Exit long,2024-02-21 14:15,Long Exit,189.2,127084,24049249.08,-33.03,-0.02,19.48,0.01,-33.03,-0.02,-235.7,0.00
51,Entry long,2024-02-21 14:10," | F:45,3,9,1,0,46.12",189.239,127084,24049249.08,-33.03,-0.02,19.48,0.01,-33.03,-0.02,-235.7,0.00
52,Exit long,2024-02-22 06:25,Long Exit,189.955,131877,25055574.98,-32.45,-0.02,0,0.00,-32.45,-0.02,-268.15,0.00
52,Entry long,2024-02-22 06:20," | F:70,3,24,1,1,38.35",189.992,131877,25055574.98,-32.45,-0.02,0,0.00,-32.45,-0.02,-268.15,0.00
53,Exit long,2024-02-22 23:20,Time Stop (Bars),190.552,82752,15769138.37,-3.85,0.00,46.23,0.04,-28.62,-0.03,-272.01,0.00
53,Entry long,2024-02-22 20:20," | F:75,3,15,1,1,62.29",190.559,82752,15769138.37,-3.85,0.00,46.23,0.04,-28.62,-0.03,-272.01,0.00
54,Exit long,2024-02-23 05:05,Long Exit,190.489,174950,33330074.4,-26.72,-0.01,66.23,0.03,-26.72,-0.01,-298.73,0.00
54,Entry long,2024-02-23 04:30," | F:70,3,13,1,1,51.71",190.512,174950,33330074.4,-26.72,-0.01,66.23,0.03,-26.72,-0.01,-298.73,0.00
55,Exit long,2024-02-23 12:55,Long Exit,191.032,62808,11982007.78,108.45,0.14,108.45,0.14,-34.2,-0.04,-190.28,0.00
55,Entry long,2024-02-23 11:45," | F:75,3,26,1,1,47.17",190.772,62808,11982007.78,108.45,0.14,108.45,0.14,-34.2,-0.04,-190.28,0.00
56,Exit short,2024-02-23 18:15,Short Exit,190.59,95250,18174462,137.9,0.11,137.9,0.11,-33.53,-0.03,-52.38,0.00
56,Entry short,2024-02-23 17:25," | F:50,3,8,1,1,41.78",190.808,95250,18174462,137.9,0.11,137.9,0.11,-33.53,-0.03,-52.38,0.00
57,Exit short,2024-02-26 09:00,Short Exit,190.601,119391,22750910.18,-34.1,-0.02,64.23,0.04,-34.1,-0.02,-86.48,0.00
57,Entry short,2024-02-26 08:30," | F:70,3,17,1,0,52.96",190.558,119391,22750910.18,-34.1,-0.02,64.23,0.04,-34.1,-0.02,-86.48,0.00
58,Exit long,2024-02-27 20:10,Long Exit,190.777,94006,17939823.02,-37.41,-0.03,25.57,0.02,-37.41,-0.03,-123.9,0.00
58,Entry long,2024-02-27 20:00," | F:75,3,24,1,1,48.49",190.837,94006,17939823.02,-37.41,-0.03,25.57,0.02,-37.41,-0.03,-123.9,0.00
59,Exit short,2024-02-28 16:20,Short Exit,190.614,100470,19145462.73,-36.7,-0.03,54.05,0.04,-36.7,-0.03,-160.6,0.00
59,Entry short,2024-02-28 16:00," | F:70,3,23,1,0,58.48",190.559,100470,19145462.73,-36.7,-0.03,54.05,0.04,-36.7,-0.03,-160.6,0.00
60,Exit long,2024-02-29 00:00,Long Exit,190.633,121520,23170826,-33.86,-0.02,126.72,0.08,-33.86,-0.02,-194.46,0.00
60,Entry long,2024-02-28 22:00," | F:70,3,65,1,0,41.22",190.675,121520,23170826,-33.86,-0.02,126.72,0.08,-33.86,-0.02,-194.46,0.00
61,Exit long,2024-02-29 15:30,Long Exit,189.585,70091,13294300.15,-40.46,-0.05,47.44,0.05,-40.46,-0.05,-234.92,0.00
61,Entry long,2024-02-29 14:15," | F:50,3,40,1,0,39.19",189.672,70091,13294300.15,-40.46,-0.05,47.44,0.05,-40.46,-0.05,-234.92,0.00
62,Exit long,2024-02-29 16:55,Long Exit,189.41,43280,8204286.64,-43.94,-0.08,51.98,0.10,-43.94,-0.08,-278.86,0.00
62,Entry long,2024-02-29 16:00," | F:55,3,73,1,0,39.17",189.563,43280,8204286.64,-43.94,-0.08,51.98,0.10,-43.94,-0.08,-278.86,0.00
63,Exit short,2024-03-01 03:00,Short Exit,189.756,61068,11581729.4,-41.93,-0.05,17.1,0.02,-41.93,-0.05,-320.79,0.00
63,Entry short,2024-03-01 02:20," | F:75,3,132,1,1,69.82",189.653,61068,11581729.4,-41.93,-0.05,17.1,0.02,-41.93,-0.05,-320.79,0.00
64,Exit long,2024-03-01 06:40,Long Exit,189.913,150395,28566477.49,-30.08,-0.02,12.03,0.01,-30.08,-0.02,-350.86,0.00
64,Entry long,2024-03-01 06:30," | F:65,3,7,1,1,57.71",189.943,150395,28566477.49,-30.08,-0.02,12.03,0.01,-30.08,-0.02,-350.86,0.00
65,Exit long,2024-03-06 07:30,Long Exit,190.353,138758,26417719.35,-31.43,-0.02,7.4,0.00,-31.43,-0.02,-382.3,0.00
65,Entry long,2024-03-06 07:25," | F:55,3,58,1,0,38.91",190.387,138758,26417719.35,-31.43,-0.02,7.4,0.00,-31.43,-0.02,-382.3,0.00
66,Exit short,2024-03-07 07:10,Short Exit,189.28,79859,15109881.81,-39.01,-0.04,1.07,0.00,-39.01,-0.04,-421.3,0.00
66,Entry short,2024-03-07 07:00," | F:70,3,13,1,0,45.95",189.207,79859,15109881.81,-39.01,-0.04,1.07,0.00,-39.01,-0.04,-421.3,0.00
67,Exit short,2024-03-07 14:05,Short Exit,188.423,107133,20210640.45,162.72,0.12,162.72,0.12,-13.62,-0.01,-258.58,0.00
67,Entry short,2024-03-07 13:05," | F:70,3,15,1,0,52.98",188.65,107133,20210640.45,162.72,0.12,162.72,0.12,-13.62,-0.01,-258.58,0.00
68,Exit short,2024-03-12 10:25,Short Exit,188.456,99620,18794408.82,138.89,0.11,138.89,0.11,0,0.00,-119.69,0.00
68,Entry short,2024-03-12 10:05," | F:55,3,8,1,1,43.18",188.661,99620,18794408.82,138.89,0.11,138.89,0.11,0,0.00,-119.69,0.00
69,Exit short,2024-03-12 17:30,Time Stop (Bars),188.84,18181,3430409.261,-19.66,-0.08,42.29,0.18,-29.92,-0.13,-139.35,0.00
69,Entry short,2024-03-12 14:30," | F:55,3,75,1,1,55.75",188.681,18181,3430409.261,-19.66,-0.08,42.29,0.18,-29.92,-0.13,-139.35,0.00
70,Exit long,2024-03-14 15:20,Long Exit,188.903,22407,4239695.691,-47.03,-0.16,9.86,0.03,-47.03,-0.16,-186.38,0.00
70,Entry long,2024-03-14 14:30," | F:55,3,128,1,1,47.47",189.213,22407,4239695.691,-47.03,-0.16,9.86,0.03,-47.03,-0.16,-186.38,0.00
71,Exit short,2024-03-15 11:25,Short Exit,189.588,52373,9922902.818,-43.07,-0.06,6.35,0.01,-43.07,-0.06,-229.45,0.00
71,Entry short,2024-03-15 11:10," | F:55,3,6,1,1,62.22",189.466,52373,9922902.818,-43.07,-0.06,6.35,0.01,-43.07,-0.06,-229.45,0.00
72,Exit long,2024-03-18 10:35,Long Exit,189.933,114673,21785347.19,-34.6,-0.02,10.76,0.01,-34.6,-0.02,-264.05,0.00
72,Entry long,2024-03-18 10:30," | F:70,3,25,1,1,48.5",189.978,114673,21785347.19,-34.6,-0.02,10.76,0.01,-34.6,-0.02,-264.05,0.00
73,Exit short,2024-03-18 22:00,Short Exit,189.871,191191,36297993.73,-24.36,-0.01,74.35,0.03,-24.36,-0.01,-288.41,0.00
73,Entry short,2024-03-18 21:20," | F:75,3,40,1,1,63.71",189.852,191191,36297993.73,-24.36,-0.01,74.35,0.03,-24.36,-0.01,-288.41,0.00
74,Exit long,2024-03-19 04:55,Long Exit,190.019,165803,31480020.79,172.26,0.08,172.26,0.08,-21.12,-0.01,-116.14,0.00
74,Entry long,2024-03-19 04:45," | F:70,3,13,1,1,49.96",189.864,165803,31480020.79,172.26,0.08,172.26,0.08,-21.12,-0.01,-116.14,0.00
75,Exit long,2024-03-19 08:35,Time Stop (Bars),191.11,10107,1923685.524,52.71,0.41,58.4,0.45,-6.71,-0.05,-63.44,0.00
75,Entry long,2024-03-19 05:35," | F:50,3,111,1,1,75.31",190.332,10107,1923685.524,52.71,0.41,58.4,0.45,-6.71,-0.05,-63.44,0.00
76,Exit short,2024-03-20 01:50,Short Exit,192.082,77011,14786420.04,-39.82,-0.04,3.06,0.00,-39.82,-0.04,-103.26,0.00
76,Entry short,2024-03-20 01:40," | F:50,3,69,1,1,63.56",192.004,77011,14786420.04,-39.82,-0.04,3.06,0.00,-39.82,-0.04,-103.26,0.00
77,Exit long,2024-03-21 03:05,Long Exit,192.634,66062,12731997.14,-41.05,-0.05,10.92,0.01,-41.05,-0.05,-144.31,0.00
77,Entry long,2024-03-21 03:00," | F:50,3,8,1,0,38.35",192.728,66062,12731997.14,-41.05,-0.05,10.92,0.01,-41.05,-0.05,-144.31,0.00
78,Exit long,2024-03-21 12:30,Long Exit,192.807,132383,25529267.25,-32.38,-0.02,15.75,0.01,-32.38,-0.02,-176.69,0.00
78,Entry long,2024-03-21 12:25," | F:70,3,68,1,0,34.93",192.844,132383,25529267.25,-32.38,-0.02,15.75,0.01,-32.38,-0.02,-176.69,0.00
79,Exit long,2024-03-22 12:40,Long Exit,190.633,56567,10789985.55,-42.52,-0.06,5.97,0.01,-42.52,-0.06,-219.21,0.00
79,Entry long,2024-03-22 12:15," | F:50,3,20,1,0,43.67",190.747,56567,10789985.55,-42.52,-0.06,5.97,0.01,-42.52,-0.06,-219.21,0.00
80,Exit long,2024-03-25 08:25,Long Exit,190.662,112837,21519031.43,-35.01,-0.02,35.75,0.03,-35.01,-0.02,-254.21,0.00
80,Entry long,2024-03-25 08:05," | F:45,3,26,1,0,45.02",190.709,112837,21519031.43,-35.01,-0.02,35.75,0.03,-35.01,-0.02,-254.21,0.00
81,Exit long,2024-03-26 02:00,Time Stop (Bars),191.268,33498,6410411.766,-21.9,-0.05,1.33,0.00,-33.4,-0.08,-276.11,0.00
81,Entry long,2024-03-25 23:00," | F:75,3,89,1,1,45.98",191.367,33498,6410411.766,-21.9,-0.05,1.33,0.00,-33.4,-0.08,-276.11,0.00
82,Exit short,2024-03-26 07:55,Short Exit,191.397,148398,28398331.67,-30.38,-0.02,52.91,0.03,-30.38,-0.02,-306.49,0.00
82,Entry short,2024-03-26 07:25," | F:45,3,113,1,1,55.48",191.366,148398,28398331.67,-30.38,-0.02,52.91,0.03,-30.38,-0.02,-306.49,0.00
83,Exit long,2024-03-26 20:40,Long Exit,191.356,189399,36246423.02,-25.01,-0.01,33.77,0.01,-25.01,-0.01,-331.5,0.00
83,Entry long,2024-03-26 20:30," | F:75,3,8,1,1,52.94",191.376,189399,36246423.02,-25.01,-0.01,33.77,0.01,-25.01,-0.01,-331.5,0.00
84,Exit short,2024-03-28 15:55,Short Exit,191.22,71358,13638939.97,-40.57,-0.04,31.14,0.03,-40.57,-0.04,-372.07,0.00
84,Entry short,2024-03-28 15:10," | F:55,3,142,1,1,66.17",191.134,71358,13638939.97,-40.57,-0.04,31.14,0.03,-40.57,-0.04,-372.07,0.00
85,Exit short,2024-03-29 01:15,Short Exit,191.15,126175,24113304.25,-33.33,-0.02,29.99,0.02,-33.33,-0.02,-405.4,0.00
85,Entry short,2024-03-29 00:20," | F:55,3,64,1,1,63.39",191.11,126175,24113304.25,-33.33,-0.02,29.99,0.02,-33.33,-0.02,-405.4,0.00
86,Exit long,2024-03-29 04:55,Long Exit,191.037,157677,30126556,-29.15,-0.01,19.78,0.01,-29.15,-0.01,-434.55,0.00
86,Entry long,2024-03-29 04:40," | F:75,3,10,1,1,46.56",191.065,157677,30126556,-29.15,-0.01,19.78,0.01,-29.15,-0.01,-434.55,0.00
87,Exit short,2024-03-29 11:35,Short Exit,191.068,151361,28915702.72,-29.98,-0.02,112.94,0.06,-29.98,-0.02,-464.53,0.00
87,Entry short,2024-03-29 10:30," | F:45,3,8,1,1,53.59",191.038,151361,28915702.72,-29.98,-0.02,112.94,0.06,-29.98,-0.02,-464.53,0.00
88,Exit long,2024-04-01 08:30,Long Exit,191.139,176021,33648526.4,-26.75,-0.01,63.96,0.03,-26.75,-0.01,-491.28,0.00
88,Entry long,2024-04-01 07:35," | F:75,3,14,1,1,49.56",191.162,176021,33648526.4,-26.75,-0.01,63.96,0.03,-26.75,-0.01,-491.28,0.00
89,Exit long,2024-04-01 16:20,Long Exit,190.937,270441,51639356.74,-14.29,0.00,0,0.00,-14.29,0.00,-505.57,-0.01
89,Entry long,2024-04-01 16:15," | F:50,3,9,1,0,46.67",190.945,270441,51639356.74,-14.29,0.00,0,0.00,-14.29,0.00,-505.57,-0.01
90,Exit long,2024-04-02 01:50,Long Exit,190.258,77371,14726486.66,-39.78,-0.04,14.28,0.01,-39.78,-0.04,-545.36,-0.01
90,Entry long,2024-04-02 00:10," | F:45,3,9,1,0,61.36",190.336,77371,14726486.66,-39.78,-0.04,14.28,0.01,-39.78,-0.04,-545.36,-0.01
91,Exit long,2024-04-03 00:10,Long Exit,190.541,78923,15044065.49,-39.54,-0.04,0,0.00,-39.54,-0.04,-584.9,-0.01
91,Entry long,2024-04-03 00:00," | F:70,3,18,1,1,52.34",190.617,78923,15044065.49,-39.54,-0.04,0,0.00,-39.54,-0.04,-584.9,-0.01
92,Exit long,2024-04-03 06:15,Time Stop (Bars),190.643,87065,16584750.65,89.59,0.08,93.61,0.09,-37.9,-0.03,-495.31,0.00
92,Entry long,2024-04-03 03:15," | F:75,3,113,1,0,37.2",190.487,87065,16584750.65,89.59,0.08,93.61,0.09,-37.9,-0.03,-495.31,0.00
93,Exit long,2024-04-04 10:05,Long Exit,192.043,143051,27446337.06,168.8,0.09,168.8,0.09,-10.37,-0.01,-326.51,0.00
93,Entry long,2024-04-04 09:00," | F:70,3,44,1,1,35.29",191.864,143051,27446337.06,168.8,0.09,168.8,0.09,-10.37,-0.01,-326.51,0.00
94,Exit long,2024-04-04 14:50,Long Exit,191.956,57894,11119526.9,-42.36,-0.06,3.05,0.00,-42.36,-0.06,-368.87,0.00
94,Entry long,2024-04-04 14:00," | F:75,3,50,1,1,45.84",192.067,57894,11119526.9,-42.36,-0.06,3.05,0.00,-42.36,-0.06,-368.87,0.00
95,Exit long,2024-04-04 19:50,Long Exit,192.111,180543,34688268.22,-26.18,-0.01,26.18,0.01,-26.18,-0.01,-395.06,0.00
95,Entry long,2024-04-04 19:40," | F:80,3,10,1,1,49.71",192.133,180543,34688268.22,-26.18,-0.01,26.18,0.01,-26.18,-0.01,-395.06,0.00
96,Exit short,2024-04-05 05:10,Short Exit,190.829,175737,33531674.02,-26.7,-0.01,18.57,0.01,-26.7,-0.01,-421.76,0.00
96,Entry short,2024-04-05 05:05," | F:70,3,13,1,0,41.68",190.806,175737,33531674.02,-26.7,-0.01,18.57,0.01,-26.7,-0.01,-421.76,0.00
97,Exit long,2024-04-05 21:50,Long Exit,191.472,130660,25022696.6,-32.8,-0.02,74.23,0.04,-32.8,-0.02,-454.56,0.00
97,Entry long,2024-04-05 21:00," | F:75,3,10,1,1,55.48",191.51,130660,25022696.6,-32.8,-0.02,74.23,0.04,-32.8,-0.02,-454.56,0.00
98,Exit long,2024-04-09 12:55,Long Exit,192.489,74463,14312831.08,134.8,0.14,134.8,0.14,-35.29,-0.04,-319.76,0.00
98,Entry long,2024-04-09 10:30," | F:70,3,85,1,1,47.29",192.214,74463,14312831.08,134.8,0.14,134.8,0.14,-35.29,-0.04,-319.76,0.00
99,Exit long,2024-04-09 18:10,Long Exit,192.168,128486,24695908.6,-32.99,-0.02,90.5,0.06,-32.99,-0.02,-352.74,0.00
99,Entry long,2024-04-09 17:45," | F:75,3,76,1,0,21.01",192.207,128486,24695908.6,-32.99,-0.02,90.5,0.06,-32.99,-0.02,-352.74,0.00
100,Exit short,2024-04-10 05:05,Short Exit,192.343,140468,27013260.61,-31.45,-0.02,24.98,0.01,-31.45,-0.02,-384.2,0.00
100,Entry short,2024-04-10 05:00," | F:70,3,11,1,0,47.26",192.309,140468,27013260.61,-31.45,-0.02,24.98,0.01,-31.45,-0.02,-384.2,0.00
101,Exit long,2024-04-10 15:30,Long Exit,192.715,124453,23989062.47,-33.61,-0.02,158.19,0.10,-33.61,-0.02,-417.8,0.00
101,Entry long,2024-04-10 14:40," | F:70,3,29,1,1,47.04",192.756,124453,23989062.47,-33.61,-0.02,158.19,0.10,-33.61,-0.02,-417.8,0.00
102,Exit short,2024-04-10 20:15,Short Exit,191.74,50987,9769619.07,-43.65,-0.07,21.49,0.03,-43.65,-0.07,-461.46,0.00
102,Entry short,2024-04-10 20:00," | F:80,3,13,1,0,41.46",191.61,50987,9769619.07,-43.65,-0.07,21.49,0.03,-43.65,-0.07,-461.46,0.00
103,Exit long,2024-04-11 13:35,Long Exit,191.897,67761,13009434.39,-41.17,-0.05,15.49,0.02,-41.17,-0.05,-502.63,-0.01
103,Entry long,2024-04-11 13:15," | F:75,3,48,1,0,33.83",191.99,67761,13009434.39,-41.17,-0.05,15.49,0.02,-41.17,-0.05,-502.63,-0.01
104,Exit short,2024-04-11 16:25,Short Exit,192.318,123306,23708784.46,-33.83,-0.02,83.78,0.05,-33.83,-0.02,-536.46,-0.01
104,Entry short,2024-04-11 16:10," | F:55,3,50,1,1,65.77",192.276,123306,23708784.46,-33.83,-0.02,83.78,0.05,-33.83,-0.02,-536.46,-0.01
105,Exit short,2024-04-11 20:20,Short Exit,192.22,166507,32001646.36,-28.28,-0.01,8.7,0.00,-28.28,-0.01,-564.74,-0.01
105,Entry short,2024-04-11 20:15," | F:50,3,41,1,1,66.65",192.194,166507,32001646.36,-28.28,-0.01,8.7,0.00,-28.28,-0.01,-564.74,-0.01
106,Exit long,2024-04-12 20:30,Long Exit,190.549,156206,29769427.07,-29.55,-0.02,18.34,0.01,-29.55,-0.02,-594.3,-0.01
106,Entry long,2024-04-12 20:25," | F:60,3,9,1,0,49.77",190.578,156206,29769427.07,-29.55,-0.02,18.34,0.01,-29.55,-0.02,-594.3,-0.01
107,Exit short,2024-04-15 15:40,Short Exit,192.341,58919,11325999.37,-42.65,-0.06,5.76,0.01,-42.65,-0.06,-636.95,-0.01
107,Entry short,2024-04-15 15:35," | F:45,3,17,1,1,57",192.23,58919,11325999.37,-42.65,-0.06,5.76,0.01,-42.65,-0.06,-636.95,-0.01
108,Exit short,2024-04-16 02:15,Short Exit,191.952,124331,23860362.21,-33.85,-0.02,5.64,0.00,-33.85,-0.02,-670.8,-0.01
108,Entry short,2024-04-16 02:10," | F:75,3,10,1,0,48.98",191.91,124331,23860362.21,-33.85,-0.02,5.64,0.00,-33.85,-0.02,-670.8,-0.01
109,Exit long,2024-04-16 10:45,Long Exit,192.024,113540,21807854.88,-35.33,-0.02,7.36,0.01,-35.33,-0.02,-706.12,-0.01
109,Entry long,2024-04-16 10:35," | F:70,3,10,1,1,58.97",192.072,113540,21807854.88,-35.33,-0.02,7.36,0.01,-35.33,-0.02,-706.12,-0.01
110,Exit long,2024-04-16 16:35,Long Exit,192.518,39848,7678390.816,-44.94,-0.09,29.96,0.06,-44.94,-0.09,-751.07,-0.01
110,Entry long,2024-04-16 15:30," | F:75,3,10,1,1,66.4",192.692,39848,7678390.816,-44.94,-0.09,29.96,0.06,-44.94,-0.09,-751.07,-0.01
111,Exit short,2024-04-18 02:00,Short Exit,192.239,94086,18081165.22,-37.79,-0.03,38.4,0.03,-37.79,-0.03,-788.86,-0.01
111,Entry short,2024-04-18 01:00," | F:75,3,11,1,0,43.04",192.177,94086,18081165.22,-37.79,-0.03,38.4,0.03,-37.79,-0.03,-788.86,-0.01
112,Exit short,2024-04-19 10:45,Short Exit,192.245,58958,11327836.37,-42.31,-0.06,20.58,0.03,-42.31,-0.06,-831.16,-0.01
112,Entry short,2024-04-19 10:30," | F:70,3,91,1,1,66.48",192.134,58958,11327836.37,-42.31,-0.06,20.58,0.03,-42.31,-0.06,-831.16,-0.01
113,Exit long,2024-04-19 21:35,Long Exit,191.256,214731,41072027.83,-22.21,-0.01,6.94,0.00,-22.21,-0.01,-853.38,-0.01
113,Entry long,2024-04-19 21:30," | F:45,3,183,1,0,33.24",191.272,214731,41072027.83,-22.21,-0.01,6.94,0.00,-22.21,-0.01,-853.38,-0.01
114,Exit long,2024-04-23 03:00,Time Stop (Bars),191.217,29101,5563936.594,4.32,0.01,10.15,0.03,-12.96,-0.04,-849.06,-0.01
114,Entry long,2024-04-23 00:00," | F:55,3,62,1,1,37.64",191.194,29101,5563936.594,4.32,0.01,10.15,0.03,-12.96,-0.04,-849.06,-0.01
115,Exit long,2024-04-23 19:45,Time Stop (Bars),192.66,17911,3440380.702,66.84,0.30,78.86,0.36,-4.39,-0.02,-782.22,-0.01
115,Entry long,2024-04-23 16:45," | F:70,3,25,1,1,67.15",192.082,17911,3440380.702,66.84,0.30,78.86,0.36,-4.39,-0.02,-782.22,-0.01
116,Exit long,2024-04-24 10:05,Long Exit,192.719,82403,15886721.58,-39.38,-0.04,39.91,0.04,-39.38,-0.04,-821.6,-0.01
116,Entry long,2024-04-24 09:25," | F:65,3,74,1,1,42.13",192.793,82403,15886721.58,-39.38,-0.04,39.91,0.04,-39.38,-0.04,-821.6,-0.01
117,Exit long,2024-04-24 18:15,Time Stop (Bars),192.791,30506,5878353.67,18.91,0.05,52.21,0.14,-19.5,-0.05,-802.69,-0.01
117,Entry long,2024-04-24 15:15," | F:60,3,41,1,1,54.9",192.695,30506,5878353.67,18.91,0.05,52.21,0.14,-19.5,-0.05,-802.69,-0.01
118,Exit long,2024-04-25 05:55,Long Exit,193.782,102249,19792543.43,138.26,0.11,138.26,0.11,-13.17,-0.01,-664.43,-0.01
118,Entry long,2024-04-25 04:10," | F:65,3,9,1,1,57.79",193.572,102249,19792543.43,138.26,0.11,138.26,0.11,-13.17,-0.01,-664.43,-0.01
119,Exit long,2024-04-25 15:55,Long Exit,194.065,43484,8445636.416,-44.52,-0.08,17.64,0.03,-44.52,-0.08,-708.95,-0.01
119,Entry long,2024-04-25 15:45," | F:65,3,91,1,1,29.28",194.224,43484,8445636.416,-44.52,-0.08,17.64,0.03,-44.52,-0.08,-708.95,-0.01
120,Exit long,2024-04-25 19:30,Long Exit,194.456,79342,15407502.32,135.38,0.14,135.38,0.14,-12.26,-0.01,-573.56,-0.01
120,Entry long,2024-04-25 18:15," | F:80,3,15,1,1,47.24",194.191,79342,15407502.32,135.38,0.14,135.38,0.14,-12.26,-0.01,-573.56,-0.01
121,Exit long,2024-04-29 19:40,Long Exit,196.518,56696,11148474.66,-42.24,-0.06,10.02,0.01,-42.24,-0.06,-615.8,-0.01
121,Entry long,2024-04-29 19:30," | F:75,3,17,1,1,54.79",196.636,56696,11148474.66,-42.24,-0.06,10.02,0.01,-42.24,-0.06,-615.8,-0.01
122,Exit short,2024-04-30 10:00,Short Exit,196.65,39597,7779701.784,-45.11,-0.09,27.88,0.06,-45.11,-0.09,-660.91,-0.01
122,Entry short,2024-04-30 09:05," | F:50,3,12,1,1,38.49",196.472,39597,7779701.784,-45.11,-0.09,27.88,0.06,-45.11,-0.09,-660.91,-0.01
123,Exit long,2024-04-30 15:10,Long Exit,196.776,53785,10590374.07,-43.37,-0.06,34.77,0.05,-43.37,-0.06,-704.28,-0.01
123,Entry long,2024-04-30 15:00," | F:70,3,11,1,1,56.23",196.902,53785,10590374.07,-43.37,-0.06,34.77,0.05,-43.37,-0.06,-704.28,-0.01
124,Exit long,2024-04-30 15:30,Long Exit,196.687,35838,7056000.468,-45.64,-0.10,26.61,0.06,-45.64,-0.10,-749.93,-0.01
124,Entry long,2024-04-30 15:10," | F:70,3,40,1,1,53.05",196.886,35838,7056000.468,-45.64,-0.10,26.61,0.06,-45.64,-0.10,-749.93,-0.01
125,Exit short,2024-04-30 20:30,Short Exit,197.034,119355,23511502.74,-35.14,-0.02,61.87,0.04,-35.14,-0.02,-785.07,-0.01
125,Entry short,2024-04-30 20:20," | F:55,3,12,1,1,46.83",196.988,119355,23511502.74,-35.14,-0.02,61.87,0.04,-35.14,-0.02,-785.07,-0.01
126,Exit long,2024-05-01 00:00,Long Exit,197.039,83018,16364010.05,-39.85,-0.04,40.38,0.04,-39.85,-0.04,-824.91,-0.01
126,Entry long,2024-04-30 23:00," | F:70,3,27,1,1,48.98",197.114,83018,16364010.05,-39.85,-0.04,40.38,0.04,-39.85,-0.04,-824.91,-0.01
127,Exit long,2024-05-01 13:30,Long Exit,197.109,161122,31763268.84,-29.61,-0.01,57.17,0.03,-29.61,-0.01,-854.52,-0.01
127,Entry long,2024-05-01 13:10," | F:75,3,27,1,1,38.79",197.138,161122,31763268.84,-29.61,-0.01,57.17,0.03,-29.61,-0.01,-854.52,-0.01
128,Exit long,2024-05-01 15:55,Long Exit,197.04,57178,11273100.12,-42.75,-0.06,7.97,0.01,-42.75,-0.06,-897.27,-0.01
128,Entry long,2024-05-01 15:35," | F:65,3,12,1,1,54.78",197.158,57178,11273100.12,-42.75,-0.06,7.97,0.01,-42.75,-0.06,-897.27,-0.01
129,Exit short,2024-05-01 22:55,Short Exit,196.696,45436,8953709.032,105.36,0.19,105.36,0.19,-33.68,-0.06,-791.9,-0.01
129,Entry short,2024-05-01 22:00," | F:55,3,109,1,1,61.94",197.062,45436,8953709.032,105.36,0.19,105.36,0.19,-33.68,-0.06,-791.9,-0.01
130,Exit short,2024-05-02 10:25,Short Exit,194.775,84412,16435269.64,-39.33,-0.04,0.55,0.00,-39.33,-0.04,-831.24,-0.01
130,Entry short,2024-05-02 10:20," | F:65,3,11,1,0,41.46",194.703,84412,16435269.64,-39.33,-0.04,0.55,0.00,-39.33,-0.04,-831.24,-0.01
131,Exit long,2024-05-02 19:50,Long Exit,192.435,73827,14186227.19,133.79,0.15,133.79,0.15,0,0.00,-697.45,-0.01
131,Entry long,2024-05-02 19:30," | F:60,3,11,1,0,39.15",192.155,73827,14186227.19,133.79,0.15,133.79,0.15,0,0.00,-697.45,-0.01
132,Exit long,2024-05-03 06:45,Long Exit,191.977,75763,14550890.25,-39.89,-0.04,9.36,0.01,-39.89,-0.04,-737.34,-0.01
132,Entry long,2024-05-03 06:35," | F:55,3,10,1,0,51.31",192.058,75763,14550890.25,-39.89,-0.04,9.36,0.01,-39.89,-0.04,-737.34,-0.01
133,Exit short,2024-05-06 14:45,Short Exit,193.422,167154,32326914.98,-28.4,-0.01,26.22,0.01,-28.4,-0.01,-765.74,-0.01
133,Entry short,2024-05-06 14:30," | F:60,3,7,1,1,51.26",193.396,167154,32326914.98,-28.4,-0.01,26.22,0.01,-28.4,-0.01,-765.74,-0.01
134,Exit short,2024-05-07 08:55,Short Exit,193.788,148568,28816843.55,169.86,0.09,169.86,0.09,-25.09,-0.01,-595.88,-0.01
134,Entry short,2024-05-07 08:30," | F:50,3,11,1,1,51.33",193.964,148568,28816843.55,169.86,0.09,169.86,0.09,-25.09,-0.01,-595.88,-0.01
135,Exit short,2024-05-08 03:50,Short Exit,193.558,65597,12690395.62,-41.56,-0.05,46.65,0.06,-41.56,-0.05,-637.44,-0.01
135,Entry short,2024-05-08 03:00," | F:65,3,8,1,0,48.83",193.46,65597,12690395.62,-41.56,-0.05,46.65,0.06,-41.56,-0.05,-637.44,-0.01
136,Exit long,2024-05-08 21:45,Time Stop (Bars),194.487,45189,8784108.954,29.51,0.05,35.06,0.06,-35.06,-0.06,-607.94,-0.01
136,Entry long,2024-05-08 18:45," | F:75,3,18,1,1,65.79",194.386,45189,8784108.954,29.51,0.05,35.06,0.06,-35.06,-0.06,-607.94,-0.01
137,Exit long,2024-05-13 21:00,Time Stop (Bars),196.174,38265,7496725.74,63.35,0.13,89.13,0.19,-4.17,-0.01,-544.59,-0.01
137,Entry long,2024-05-13 18:00," | F:75,3,9,1,1,68.35",195.916,38265,7496725.74,63.35,0.13,89.13,0.19,-4.17,-0.01,-544.59,-0.01
138,Exit long,2024-05-14 18:40,Long Exit,196.967,45989,9041759.323,105.94,0.18,105.94,0.18,-8.53,-0.01,-438.64,0.00
138,Entry long,2024-05-14 16:20," | F:70,3,11,1,1,58.86",196.607,45989,9041759.323,105.94,0.18,105.94,0.18,-8.53,-0.01,-438.64,0.00
139,Exit short,2024-05-15 16:55,Short Exit,196.566,49494,9722056.926,-43.33,-0.07,34.47,0.06,-43.33,-0.07,-481.97,0.00
139,Entry short,2024-05-15 16:35," | F:75,3,36,1,0,54.7",196.429,49494,9722056.926,-43.33,-0.07,34.47,0.06,-43.33,-0.07,-481.97,0.00
140,Exit long,2024-05-16 19:55,Long Exit,196.767,138624,27281619.07,-32.22,-0.02,18.8,0.01,-32.22,-0.02,-514.2,-0.01
140,Entry long,2024-05-16 19:45," | F:75,3,13,1,1,55.58",196.803,138624,27281619.07,-32.22,-0.02,18.8,0.01,-32.22,-0.02,-514.2,-0.01
141,Exit long,2024-05-17 03:10,Long Exit,196.831,97116,19121266.36,-37.5,-0.03,23.75,0.02,-37.5,-0.03,-551.69,-0.01
141,Entry long,2024-05-17 02:45," | F:65,3,22,1,1,50.99",196.891,97116,19121266.36,-37.5,-0.03,23.75,0.02,-37.5,-0.03,-551.69,-0.01
142,Exit long,2024-05-17 09:30,Long Exit,197.159,81968,16166876.51,-39.56,-0.04,5.8,0.01,-39.56,-0.04,-591.25,-0.01
142,Entry long,2024-05-17 09:20," | F:75,3,16,1,1,52.8",197.234,81968,16166876.51,-39.56,-0.04,5.8,0.01,-39.56,-0.04,-591.25,-0.01
143,Exit short,2024-05-20 10:20,Short Exit,197.522,73442,14527341.69,134.42,0.14,134.42,0.14,0,0.00,-456.83,0.00
143,Entry short,2024-05-20 10:00," | F:55,3,21,1,1,45.02",197.807,73442,14527341.69,134.42,0.14,134.42,0.14,0,0.00,-456.83,0.00
144,Exit long,2024-05-20 17:50,Long Exit,198.312,169625,33643083.25,-28.32,-0.01,68.63,0.03,-28.32,-0.01,-485.16,0.00
144,Entry long,2024-05-20 17:45," | F:75,3,10,1,1,57.23",198.338,169625,33643083.25,-28.32,-0.01,68.63,0.03,-28.32,-0.01,-485.16,0.00
145,Exit long,2024-05-20 23:35,Time Stop (Bars),198.579,81302,16131698.93,84.58,0.08,114.87,0.11,-1.57,0.00,-400.57,0.00
145,Entry long,2024-05-20 20:35," | F:75,3,17,1,1,49.71",198.417,81302,16131698.93,84.58,0.08,114.87,0.11,-1.57,0.00,-400.57,0.00
146,Exit short,2024-05-21 10:45,Short Exit,198.589,98809,19616550.77,-37.3,-0.03,15.17,0.01,-37.3,-0.03,-437.87,0.00
146,Entry short,2024-05-21 10:35," | F:75,3,7,1,0,42.66",198.53,98809,19616550.77,-37.3,-0.03,15.17,0.01,-37.3,-0.03,-437.87,0.00
147,Exit short,2024-05-22 15:05,Short Exit,199.038,159762,31794075.86,-29.66,-0.01,9.21,0.00,-29.66,-0.01,-467.53,0.00
147,Entry short,2024-05-22 15:00," | F:55,3,12,1,1,47.87",199.009,159762,31794075.86,-29.66,-0.01,9.21,0.00,-29.66,-0.01,-467.53,0.00
148,Exit long,2024-05-23 03:00,Time Stop (Bars),199.353,39782,7929706.278,6.09,0.01,20.29,0.04,-23.69,-0.05,-461.45,0.00
148,Entry long,2024-05-23 00:00," | F:75,3,21,1,1,53.57",199.329,39782,7929706.278,6.09,0.01,20.29,0.04,-23.69,-0.05,-461.45,0.00
149,Exit long,2024-05-23 09:30,Long Exit,199.283,58027,11570467.75,-42.54,-0.06,9.99,0.01,-42.54,-0.06,-503.99,-0.01
149,Entry long,2024-05-23 09:15," | F:65,3,78,1,1,46.42",199.398,58027,11570467.75,-42.54,-0.06,9.99,0.01,-42.54,-0.06,-503.99,-0.01
150,Exit short,2024-05-23 10:50,Short Exit,199.476,118714,23675133.02,-34.81,-0.02,46.16,0.03,-34.81,-0.02,-538.8,-0.01
150,Entry short,2024-05-23 10:40," | F:55,3,29,1,1,59.11",199.43,118714,23675133.02,-34.81,-0.02,46.16,0.03,-34.81,-0.02,-538.8,-0.01
151,Exit long,2024-05-24 03:25,Long Exit,199.356,133006,26489341.95,166.88,0.10,166.88,0.10,-10.17,-0.01,-371.92,0.00
151,Entry long,2024-05-24 03:10," | F:55,3,35,1,0,37.57",199.159,133006,26489341.95,166.88,0.10,166.88,0.10,-10.17,-0.01,-371.92,0.00
152,Exit long,2024-05-28 03:20,Long Exit,200.286,99276,19889450.22,-37.29,-0.03,24.02,0.02,-37.29,-0.03,-409.21,0.00
152,Entry long,2024-05-28 03:00," | F:75,3,26,1,1,45.85",200.345,99276,19889450.22,-37.29,-0.03,24.02,0.02,-37.29,-0.03,-409.21,0.00
153,Exit long,2024-05-28 13:20,Long Exit,200.42,104603,20970286.43,-36.63,-0.03,10.66,0.01,-36.63,-0.03,-445.84,0.00
153,Entry long,2024-05-28 13:10," | F:80,3,6,1,1,60.18",200.475,104603,20970286.43,-36.63,-0.03,10.66,0.01,-36.63,-0.03,-445.84,0.00
154,Exit short,2024-05-28 15:40,Short Exit,200.463,139893,28038334.31,-32.07,-0.02,13.36,0.01,-32.07,-0.02,-477.91,0.00
154,Entry short,2024-05-28 15:35," | F:55,3,8,1,1,48.53",200.427,139893,28038334.31,-32.07,-0.02,13.36,0.01,-32.07,-0.02,-477.91,0.00
155,Exit long,2024-05-28 20:25,Long Exit,200.632,150905,30249812.68,169.1,0.09,169.1,0.09,0,0.00,-308.8,0.00
155,Entry long,2024-05-28 19:25," | F:80,3,16,1,1,42.32",200.456,150905,30249812.68,169.1,0.09,169.1,0.09,0,0.00,-308.8,0.00
156,Exit short,2024-05-28 22:45,Short Exit,200.536,126719,25406399.19,-33.89,-0.02,50.83,0.03,-33.89,-0.02,-342.69,0.00
156,Entry short,2024-05-28 22:00," | F:50,3,11,1,1,49.47",200.494,126719,25406399.19,-33.89,-0.02,50.83,0.03,-33.89,-0.02,-342.69,0.00
157,Exit short,2024-05-29 06:55,Short Exit,200.605,135622,27201297.67,-32.78,-0.02,50.89,0.03,-32.78,-0.02,-375.47,0.00
157,Entry short,2024-05-29 06:05," | F:50,3,8,1,1,45.23",200.567,135622,27201297.67,-32.78,-0.02,50.89,0.03,-32.78,-0.02,-375.47,0.00
158,Exit short,2024-05-29 19:45,Short Exit,200.52,179187,35926276.75,-27.35,-0.01,50.14,0.02,-27.35,-0.01,-402.82,0.00
158,Entry short,2024-05-29 19:35," | F:75,3,51,1,1,66.15",200.496,179187,35926276.75,-27.35,-0.01,50.14,0.02,-27.35,-0.01,-402.82,0.00
159,Exit short,2024-05-30 16:50,Short Exit,199.507,79944,15943151.98,-39.55,-0.04,19.27,0.02,-39.55,-0.04,-442.37,0.00
159,Entry short,2024-05-30 16:45," | F:70,3,29,1,0,56.16",199.429,79944,15943151.98,-39.55,-0.04,19.27,0.02,-39.55,-0.04,-442.37,0.00
160,Exit short,2024-05-30 18:15,Short Exit,199.627,92223,18404206.33,-38.02,-0.03,135.11,0.12,-38.02,-0.03,-480.38,0.00
160,Entry short,2024-05-30 17:05," | F:75,3,40,1,0,61.64",199.562,92223,18404206.33,-38.02,-0.03,135.11,0.12,-38.02,-0.03,-480.38,0.00
161,Exit short,2024-05-31 02:30,Short Exit,199.706,160032,31954709.66,-29.59,-0.01,107.14,0.05,-29.59,-0.01,-509.97,-0.01
161,Entry short,2024-05-31 01:45," | F:50,3,40,1,1,57.34",199.677,160032,31954709.66,-29.59,-0.01,107.14,0.05,-29.59,-0.01,-509.97,-0.01
162,Exit short,2024-05-31 11:10,Short Exit,199.746,69504,13876682.11,-41.21,-0.05,0.89,0.00,-41.21,-0.05,-551.19,-0.01
162,Entry short,2024-05-31 11:05," | F:70,3,93,1,1,58.77",199.653,69504,13876682.11,-41.21,-0.05,0.89,0.00,-41.21,-0.05,-551.19,-0.01
163,Exit short,2024-05-31 15:30,Short Exit,199.871,48196,9626090.688,-43.94,-0.07,30.12,0.05,-43.94,-0.07,-595.13,-0.01
163,Entry short,2024-05-31 15:25," | F:55,3,6,1,1,32.56",199.728,48196,9626090.688,-43.94,-0.07,30.12,0.05,-43.94,-0.07,-595.13,-0.01
164,Exit long,2024-05-31 17:00,Long Exit,199.875,81682,16332397.58,-39.58,-0.04,47.39,0.05,-39.58,-0.04,-634.71,-0.01
164,Entry long,2024-05-31 16:30," | F:70,3,8,1,1,52.79",199.951,81682,16332397.58,-39.58,-0.04,47.39,0.05,-39.58,-0.04,-634.71,-0.01
165,Exit short,2024-06-03 13:05,Short Exit,199.344,70134,13997904.79,108.77,0.12,108.77,0.12,-0.89,0.00,-525.94,-0.01
165,Entry short,2024-06-03 12:35," | F:70,3,13,1,0,40.71",199.588,70134,13997904.79,108.77,0.12,108.77,0.12,-0.89,0.00,-525.94,-0.01
166,Exit long,2024-06-05 06:35,Long Exit,198.469,105011,20847098.75,-36.61,-0.03,2.71,0.00,-36.61,-0.03,-562.55,-0.01
166,Entry long,2024-06-05 06:30," | F:70,3,20,1,1,48.91",198.523,105011,20847098.75,-36.61,-0.03,2.71,0.00,-36.61,-0.03,-562.55,-0.01
167,Exit long,2024-06-05 16:45,Long Exit,199.282,86597,17263285.14,-39.13,-0.04,15.65,0.01,-39.13,-0.04,-601.69,-0.01
167,Entry long,2024-06-05 16:30," | F:75,3,30,1,1,38.37",199.352,86597,17263285.14,-39.13,-0.04,15.65,0.01,-39.13,-0.04,-601.69,-0.01
168,Exit short,2024-06-05 23:10,Short Exit,199.694,153042,30556824.85,-30.63,-0.02,2.96,0.00,-30.63,-0.02,-632.32,-0.01
168,Entry short,2024-06-05 23:05," | F:45,3,9,1,1,54.86",199.663,153042,30556824.85,-30.63,-0.02,2.96,0.00,-30.63,-0.02,-632.32,-0.01
169,Exit long,2024-06-06 04:45,Long Exit,199.39,55512,11051884.08,106.68,0.15,106.68,0.15,-16,-0.02,-525.63,-0.01
169,Entry long,2024-06-06 04:30," | F:75,3,226,1,0,33.75",199.09,55512,11051884.08,106.68,0.15,106.68,0.15,-16,-0.02,-525.63,-0.01
170,Exit long,2024-06-06 10:15,Long Exit,199.801,47246,9423261.946,105.93,0.18,105.93,0.18,-11.5,-0.02,-419.7,0.00
170,Entry long,2024-06-06 09:05," | F:75,3,14,1,1,56.34",199.451,47246,9423261.946,105.93,0.18,105.93,0.18,-11.5,-0.02,-419.7,0.00
171,Exit long,2024-06-06 16:30,Long Exit,199.374,39222,7826867.766,-44.97,-0.09,62.06,0.12,-44.97,-0.09,-464.68,0.00
171,Entry long,2024-06-06 15:30," | F:75,3,26,1,1,54.93",199.553,39222,7826867.766,-44.97,-0.09,62.06,0.12,-44.97,-0.09,-464.68,0.00
172,Exit short,2024-06-06 22:15,Short Exit,199.262,194656,38783650.75,-24.94,-0.01,16.21,0.01,-24.94,-0.01,-489.62,0.00
172,Entry short,2024-06-06 22:10," | F:65,3,15,1,0,54.45",199.242,194656,38783650.75,-24.94,-0.01,16.21,0.01,-24.94,-0.01,-489.62,0.00
173,Exit short,2024-06-07 15:30,Short Exit,198.849,49860,9931164.66,106.34,0.17,106.34,0.17,-41.32,-0.06,-383.28,0.00
173,Entry short,2024-06-07 15:00," | F:70,3,110,1,1,62.49",199.181,49860,9931164.66,106.34,0.17,106.34,0.17,-41.32,-0.06,-383.28,0.00
174,Exit long,2024-06-10 05:10,Long Exit,199.616,135270,27007196.58,-32.78,-0.02,28.47,0.02,-32.78,-0.02,-416.06,0.00
174,Entry long,2024-06-10 05:00," | F:70,3,8,1,1,52.01",199.654,135270,27007196.58,-32.78,-0.02,28.47,0.02,-32.78,-0.02,-416.06,0.00
175,Exit long,2024-06-11 02:35,Long Exit,199.848,237959,47558723.7,-19.69,-0.01,7.57,0.00,-19.69,-0.01,-435.75,0.00
175,Entry long,2024-06-11 02:30," | F:65,3,19,1,1,46.29",199.861,237959,47558723.7,-19.69,-0.01,7.57,0.00,-19.69,-0.01,-435.75,0.00
176,Exit long,2024-06-11 14:10,Long Exit,200.116,84468,16909564.45,-39.25,-0.04,16.67,0.02,-39.25,-0.04,-475,0.00
176,Entry long,2024-06-11 14:00," | F:80,3,16,1,1,47.67",200.189,84468,16909564.45,-39.25,-0.04,16.67,0.02,-39.25,-0.04,-475,0.00
177,Exit short,2024-06-12 05:30,Short Exit,200.233,52029,10411106.96,-43.36,-0.07,11.92,0.02,-43.36,-0.07,-518.37,-0.01
177,Entry short,2024-06-12 04:10," | F:70,3,11,1,0,45.11",200.102,52029,10411106.96,-43.36,-0.07,11.92,0.02,-43.36,-0.07,-518.37,-0.01
178,Exit long,2024-06-12 16:50,Long Exit,200.175,70237,14066083.04,-40.66,-0.05,4.92,0.01,-40.66,-0.05,-559.03,-0.01
178,Entry long,2024-06-12 16:45," | F:70,3,138,1,0,36.57",200.266,70237,14066083.04,-40.66,-0.05,4.92,0.01,-40.66,-0.05,-559.03,-0.01
179,Exit long,2024-06-13 10:20,Long Exit,201.001,93507,18773493.9,137.26,0.11,137.26,0.11,-17.31,-0.01,-421.77,0.00
179,Entry long,2024-06-13 09:00," | F:70,3,13,1,1,54.74",200.771,93507,18773493.9,137.26,0.11,137.26,0.11,-17.31,-0.01,-421.77,0.00
180,Exit long,2024-06-13 17:30,Long Exit,200.613,68896,13827909.47,-41.33,-0.05,29.46,0.03,-41.33,-0.05,-463.11,0.00
180,Entry long,2024-06-13 17:15," | F:65,3,19,1,0,43.74",200.707,68896,13827909.47,-41.33,-0.05,29.46,0.03,-41.33,-0.05,-463.11,0.00
181,Exit long,2024-06-17 22:20,Time Stop (Bars),200.358,52247,10463506.69,29.2,0.04,59.74,0.09,-18.25,-0.03,-433.9,0.00
181,Entry long,2024-06-17 19:20," | F:80,3,7,1,1,60.26",200.27,52247,10463506.69,29.2,0.04,59.74,0.09,-18.25,-0.03,-433.9,0.00
182,Exit long,2024-06-20 14:00,Long Exit,201.127,73352,14759522.68,-40.84,-0.04,64.97,0.07,-40.84,-0.04,-474.74,0.00
182,Entry long,2024-06-20 12:00," | F:80,3,7,1,1,58.19",201.215,73352,14759522.68,-40.84,-0.04,64.97,0.07,-40.84,-0.04,-474.74,0.00
183,Exit long,2024-06-20 15:25,Long Exit,200.855,40622,8166240.66,-44.98,-0.09,19.02,0.04,-44.98,-0.09,-519.72,-0.01
183,Entry long,2024-06-20 14:25," | F:70,3,54,1,0,40.28",201.03,40622,8166240.66,-44.98,-0.09,19.02,0.04,-44.98,-0.09,-519.72,-0.01
184,Exit short,2024-06-25 00:00,Short Exit,202.276,64375,13041602.5,125.65,0.15,125.65,0.15,-14.5,-0.02,-394.07,0.00
184,Entry short,2024-06-24 22:00," | F:55,3,41,1,1,67.54",202.588,64375,13041602.5,125.65,0.15,125.65,0.15,-14.5,-0.02,-394.07,0.00
185,Exit long,2024-06-25 23:05,Time Stop (Bars),202.606,95048,19247505.14,61.31,0.05,132.15,0.11,-5.36,0.00,-332.75,0.00
185,Entry long,2024-06-25 20:05," | F:75,3,9,1,1,54.24",202.503,95048,19247505.14,61.31,0.05,132.15,0.11,-5.36,0.00,-332.75,0.00
186,Exit long,2024-06-26 19:05,Time Stop (Bars),202.846,28116,5698635.228,28.7,0.08,81.34,0.23,-28.7,-0.08,-304.05,0.00
186,Entry long,2024-06-26 16:05," | F:70,3,189,1,1,41.1",202.683,28116,5698635.228,28.7,0.08,81.34,0.23,-28.7,-0.08,-304.05,0.00
187,Exit long,2024-06-27 16:10,Long Exit,202.867,38950,7908914.35,-45.03,-0.09,7.02,0.01,-45.03,-0.09,-349.08,0.00
187,Entry long,2024-06-27 15:30," | F:70,3,26,1,1,65.21",203.053,38950,7908914.35,-45.03,-0.09,7.02,0.01,-45.03,-0.09,-349.08,0.00
188,Exit short,2024-07-01 00:00,Short Exit,203.477,157749,32093403.05,-30.41,-0.02,149.12,0.07,-30.41,-0.02,-379.49,0.00
188,Entry short,2024-06-28 23:35," | F:60,3,154,1,1,67.99",203.446,157749,32093403.05,-30.41,-0.02,149.12,0.07,-30.41,-0.02,-379.49,0.00
189,Exit long,2024-07-01 03:15,Long Exit,203.661,134062,27276388.58,166.56,0.10,166.56,0.10,-9.99,-0.01,-212.93,0.00
189,Entry long,2024-07-01 03:05," | F:75,3,8,1,1,52.23",203.461,134062,27276388.58,166.56,0.10,166.56,0.10,-9.99,-0.01,-212.93,0.00
190,Exit short,2024-07-01 06:45,Short Exit,203.859,98184,20009604.65,-37.81,-0.03,17.69,0.01,-37.81,-0.03,-250.75,0.00
190,Entry short,2024-07-01 06:30," | F:50,3,32,1,1,62.16",203.797,98184,20009604.65,-37.81,-0.03,17.69,0.01,-37.81,-0.03,-250.75,0.00
191,Exit long,2024-07-01 09:50,Long Exit,204.103,108784,22209015.09,-36.49,-0.03,22.3,0.02,-36.49,-0.03,-287.24,0.00
191,Entry long,2024-07-01 09:45," | F:70,3,8,1,1,65.22",204.157,108784,22209015.09,-36.49,-0.03,22.3,0.02,-36.49,-0.03,-287.24,0.00
192,Exit long,2024-07-02 07:00,Time Stop (Bars),204.19,78411,16008468.17,14.07,0.01,91.23,0.09,-3.88,0.00,-273.17,0.00
192,Entry long,2024-07-02 04:00," | F:65,3,48,1,1,42.79",204.161,78411,16008468.17,14.07,0.01,91.23,0.09,-3.88,0.00,-273.17,0.00
193,Exit short,2024-07-02 08:40,Short Exit,204.273,175718,35889874.35,-28.28,-0.01,15.23,0.01,-28.28,-0.01,-301.44,0.00
193,Entry short,2024-07-02 08:30," | F:55,3,9,1,1,51.79",204.247,175718,35889874.35,-28.28,-0.01,15.23,0.01,-28.28,-0.01,-301.44,0.00
194,Exit short,2024-07-02 11:10,Short Exit,204.125,104959,21418773.21,-37.03,-0.03,29.88,0.02,-37.03,-0.03,-338.47,0.00
194,Entry short,2024-07-02 11:00," | F:70,3,10,1,0,43.94",204.068,104959,21418773.21,-37.03,-0.03,29.88,0.02,-37.03,-0.03,-338.47,0.00
195,Exit short,2024-07-02 13:45,Short Exit,204.332,132526,27073869.07,-33.63,-0.02,17.22,0.01,-33.63,-0.02,-372.1,0.00
195,Entry short,2024-07-02 13:30," | F:55,3,49,1,1,63.76",204.291,132526,27073869.07,-33.63,-0.02,17.22,0.01,-33.63,-0.02,-372.1,0.00
196,Exit long,2024-07-03 06:00,Time Stop (Bars),205.056,63589,13032819.91,40.14,0.05,41.71,0.05,-16.13,-0.02,-331.96,0.00
196,Entry long,2024-07-03 03:00," | F:70,3,10,1,1,63.34",204.954,63589,13032819.91,40.14,0.05,41.71,0.05,-16.13,-0.02,-331.96,0.00
197,Exit short,2024-07-04 03:00,Short Exit,205.855,161645,33302911.13,169.85,0.08,169.85,0.08,-26.98,-0.01,-162.11,0.00
197,Entry short,2024-07-04 02:45," | F:50,3,35,1,1,58.94",206.025,161645,33302911.13,169.85,0.08,169.85,0.08,-26.98,-0.01,-162.11,0.00
198,Exit long,2024-07-04 09:00,Long Exit,205.768,141675,29157423.38,-32.4,-0.02,56.92,0.03,-32.4,-0.02,-194.51,0.00
198,Entry long,2024-07-04 08:00," | F:70,3,17,1,1,49.69",205.805,141675,29157423.38,-32.4,-0.02,56.92,0.03,-32.4,-0.02,-194.51,0.00
199,Exit long,2024-07-05 03:00,Time Stop (Bars),205.836,41346,8507890.458,16.15,0.03,21.02,0.04,-37.82,-0.07,-178.36,0.00
199,Entry long,2024-07-05 00:00," | F:70,3,39,1,1,57.85",205.773,41346,8507890.458,16.15,0.03,21.02,0.04,-37.82,-0.07,-178.36,0.00
200,Exit long,2024-07-08 17:15,Long Exit,206.203,69833,14406408.23,-41.24,-0.05,0,0.00,-41.24,-0.05,-219.6,0.00
200,Entry long,2024-07-08 17:05," | F:80,3,12,1,1,45.4",206.298,69833,14406408.23,-41.24,-0.05,0,0.00,-41.24,-0.05,-219.6,0.00
201,Exit long,2024-07-09 03:00,Time Stop (Bars),206.073,46738,9622419.44,56.09,0.09,81.37,0.14,-26.44,-0.04,-163.51,0.00
201,Entry long,2024-07-09 00:00," | F:75,3,177,1,0,34.33",205.88,46738,9622419.44,56.09,0.09,81.37,0.14,-26.44,-0.04,-163.51,0.00
202,Exit short,2024-07-09 04:25,Short Exit,206.129,141176,29095244.19,-32.48,-0.02,0,0.00,-32.48,-0.02,-195.99,0.00
202,Entry short,2024-07-09 04:20," | F:45,3,17,1,1,58.89",206.092,141176,29095244.19,-32.48,-0.02,0,0.00,-32.48,-0.02,-195.99,0.00
203,Exit short,2024-07-09 11:15,Short Exit,206.059,99291,20453747.42,-37.66,-0.03,85.82,0.07,-37.66,-0.03,-233.65,0.00
203,Entry short,2024-07-09 10:15," | F:70,3,13,1,0,43.31",205.998,99291,20453747.42,-37.66,-0.03,85.82,0.07,-37.66,-0.03,-233.65,0.00
204,Exit long,2024-07-10 03:00,Time Stop (Bars),206.349,49469,10197688.07,63.16,0.10,66.53,0.11,-4,-0.01,-170.49,0.00
204,Entry long,2024-07-10 00:00," | F:75,3,154,1,0,31.89",206.143,49469,10197688.07,63.16,0.10,66.53,0.11,-4,-0.01,-170.49,0.00
205,Exit short,2024-07-10 10:25,Short Exit,206.611,139126,28739675.2,-32.77,-0.02,0,0.00,-32.77,-0.02,-203.26,0.00
205,Entry short,2024-07-10 10:20," | F:45,3,20,1,1,55.69",206.573,139126,28739675.2,-32.77,-0.02,0,0.00,-32.77,-0.02,-203.26,0.00
206,Exit short,2024-07-11 04:50,Short Exit,207.763,89786,18647923.7,-38.89,-0.03,11.11,0.01,-38.89,-0.03,-242.14,0.00
206,Entry short,2024-07-11 04:15," | F:45,3,52,1,1,53.01",207.693,89786,18647923.7,-38.89,-0.03,11.11,0.01,-38.89,-0.03,-242.14,0.00
207,Exit long,2024-07-12 08:05,Time Stop (Bars),205.421,13096,2690992.272,-5.02,-0.03,15.65,0.09,-13.76,-0.08,-247.17,0.00
207,Entry long,2024-07-12 05:05," | F:50,3,22,1,0,51.93",205.482,13096,2690992.272,-5.02,-0.03,15.65,0.09,-13.76,-0.08,-247.17,0.00
208,Exit short,2024-07-15 10:10,Short Exit,204.842,64820,13294970.92,108.36,0.13,108.36,0.13,-13.54,-0.02,-138.81,0.00
208,Entry short,2024-07-15 09:20," | F:65,3,68,1,0,62.34",205.106,64820,13294970.92,108.36,0.13,108.36,0.13,-13.54,-0.02,-138.81,0.00
209,Exit short,2024-07-16 11:05,Short Exit,205.57,123841,25452545.37,-34.46,-0.02,3.13,0.00,-34.46,-0.02,-173.27,0.00
209,Entry short,2024-07-16 11:00," | F:50,3,20,1,1,52.96",205.526,123841,25452545.37,-34.46,-0.02,3.13,0.00,-34.46,-0.02,-173.27,0.00
210,Exit short,2024-07-16 11:35,Short Exit,205.672,110128,22644519.36,-36.22,-0.03,17.41,0.01,-36.22,-0.03,-209.49,0.00
210,Entry short,2024-07-16 11:25," | F:50,3,31,1,1,59.14",205.62,110128,22644519.36,-36.22,-0.03,17.41,0.01,-36.22,-0.03,-209.49,0.00
211,Exit short,2024-07-16 15:10,Short Exit,205.424,138914,28531129.72,-32.5,-0.02,5.27,0.00,-32.5,-0.02,-241.99,0.00
211,Entry short,2024-07-16 15:05," | F:65,3,9,1,1,48.55",205.387,138914,28531129.72,-32.5,-0.02,5.27,0.00,-32.5,-0.02,-241.99,0.00
212,Exit short,2024-07-16 15:45,Short Exit,205.616,115016,23643494.07,-35.64,-0.02,11.64,0.01,-35.64,-0.02,-277.63,0.00
212,Entry short,2024-07-16 15:40," | F:55,3,50,1,1,65.31",205.567,115016,23643494.07,-35.64,-0.02,11.64,0.01,-35.64,-0.02,-277.63,0.00
213,Exit long,2024-07-17 06:35,Time Stop (Bars),205.506,127771,26258601.52,-5.65,0.00,142.77,0.09,-27.43,-0.02,-283.28,0.00
213,Entry long,2024-07-17 03:35," | F:70,3,9,1,1,55.55",205.513,127771,26258601.52,-5.65,0.00,142.77,0.09,-27.43,-0.02,-283.28,0.00
214,Exit short,2024-07-17 12:30,Short Exit,204.01,37773,7699006.179,-44.59,-0.09,0,0.00,-44.59,-0.09,-327.87,0.00
214,Entry short,2024-07-17 12:20," | F:80,3,12,1,0,38.08",203.823,37773,7699006.179,-44.59,-0.09,0,0.00,-44.59,-0.09,-327.87,0.00
215,Exit long,2024-07-17 21:45,Long Exit,203.179,95252,19359111.73,-37.28,-0.03,9.02,0.01,-37.28,-0.03,-365.15,0.00
215,Entry long,2024-07-17 21:30," | F:50,3,14,1,0,40.82",203.241,95252,19359111.73,-37.28,-0.03,9.02,0.01,-37.28,-0.03,-365.15,0.00
216,Exit long,2024-07-18 04:00,Long Exit,202.605,73364,14843004.48,133.86,0.14,133.86,0.14,-39.45,-0.04,-231.29,0.00
216,Entry long,2024-07-18 03:25," | F:55,3,9,1,0,34.74",202.32,73364,14843004.48,133.86,0.14,133.86,0.14,-39.45,-0.04,-231.29,0.00
217,Exit long,2024-07-18 08:40,Long Exit,203.088,28852,5866736.828,-46.36,-0.12,15.15,0.04,-46.36,-0.12,-277.66,0.00
217,Entry long,2024-07-18 07:20," | F:50,3,22,1,0,52.55",203.339,28852,5866736.828,-46.36,-0.12,15.15,0.04,-46.36,-0.12,-277.66,0.00
218,Exit long,2024-07-18 10:00,Long Exit,202.704,20374,4137287.058,-47.35,-0.18,17.22,0.07,-47.35,-0.18,-325,0.00
218,Entry long,2024-07-18 08:40," | F:50,3,51,1,0,35.92",203.067,20374,4137287.058,-47.35,-0.18,17.22,0.07,-47.35,-0.18,-325,0.00
219,Exit long,2024-07-18 14:30,Long Exit,203.079,95374,19374369.73,-37.86,-0.03,53.73,0.04,-37.86,-0.03,-362.86,0.00
219,Entry long,2024-07-18 14:05," | F:55,3,22,1,0,46.88",203.141,95374,19374369.73,-37.86,-0.03,53.73,0.04,-37.86,-0.03,-362.86,0.00
220,Exit long,2024-07-19 00:00,Long Exit,203.62,77147,15718006.93,-59.76,-0.06,18.77,0.02,-59.76,-0.06,-422.62,0.00
220,Entry long,2024-07-18 22:35," | F:75,3,8,1,1,57.56",203.741,77147,15718006.93,-59.76,-0.06,18.77,0.02,-59.76,-0.06,-422.62,0.00
221,Exit short,2024-07-19 05:40,Short Exit,203.779,52436,10678538.96,-43.31,-0.06,60.96,0.09,-43.31,-0.06,-465.93,0.00
221,Entry short,2024-07-19 03:45," | F:50,3,84,1,1,55.66",203.649,52436,10678538.96,-43.31,-0.06,60.96,0.09,-43.31,-0.06,-465.93,0.00
222,Exit long,2024-07-19 13:20,Long Exit,203.426,74262,15085656.94,134.46,0.14,134.46,0.14,-16.51,-0.02,-331.47,0.00
222,Entry long,2024-07-19 13:00," | F:50,3,8,1,0,45.19",203.141,74262,15085656.94,134.46,0.14,134.46,0.14,-16.51,-0.02,-331.47,0.00
223,Exit long,2024-07-22 00:00,Long Exit,203.224,117522,23888814.46,-35.09,-0.02,117.22,0.08,-35.09,-0.02,-366.56,0.00
223,Entry long,2024-07-19 21:45," | F:50,3,17,1,0,44.31",203.271,117522,23888814.46,-35.09,-0.02,117.22,0.08,-35.09,-0.02,-366.56,0.00
224,Exit long,2024-07-23 23:45,Long Exit,200.783,169114,33959613.23,-28,-0.01,4.31,0.00,-28,-0.01,-394.56,0.00
224,Entry long,2024-07-23 23:40," | F:45,3,14,1,0,40.98",200.809,169114,33959613.23,-28,-0.01,4.31,0.00,-28,-0.01,-394.56,0.00
225,Exit short,2024-07-24 02:35,Short Exit,200.957,152671,30675573.35,-30.41,-0.02,16.68,0.01,-30.41,-0.02,-424.97,0.00
225,Entry short,2024-07-24 02:15," | F:70,3,54,1,0,66.37",200.926,152671,30675573.35,-30.41,-0.02,16.68,0.01,-30.41,-0.02,-424.97,0.00
226,Exit short,2024-07-24 20:15,Short Exit,198.642,102429,20341067.82,-36.2,-0.03,4.61,0.00,-36.2,-0.03,-461.17,0.00
226,Entry short,2024-07-24 20:10," | F:75,3,42,1,0,61.02",198.587,102429,20341067.82,-36.2,-0.03,4.61,0.00,-36.2,-0.03,-461.17,0.00
227,Exit short,2024-07-25 05:45,Short Exit,196.631,44686,8802829.198,105.15,0.18,105.15,0.18,-7.55,-0.01,-356.02,0.00
227,Entry short,2024-07-25 05:30," | F:75,3,8,1,0,38.3",196.993,44686,8802829.198,105.15,0.18,105.15,0.18,-7.55,-0.01,-356.02,0.00
228,Exit short,2024-07-26 01:30,Time Stop (Bars),197.86,60576,11986597.15,6.69,0.01,101.59,0.13,-35.44,-0.05,-349.33,0.00
228,Entry short,2024-07-25 22:30," | F:50,3,11,1,1,43.61",197.877,60576,11986597.15,6.69,0.01,101.59,0.13,-35.44,-0.05,-349.33,0.00
229,Exit long,2024-07-26 06:00,Time Stop (Bars),197.901,22524,4448805.336,56.6,0.20,97.55,0.34,-26.03,-0.09,-292.74,0.00
229,Entry long,2024-07-26 03:00," | F:75,3,136,1,0,43.95",197.514,22524,4448805.336,56.6,0.20,97.55,0.34,-26.03,-0.09,-292.74,0.00
230,Exit short,2024-07-26 10:05,Short Exit,197.744,71823,14196318.71,-40.57,-0.04,85.34,0.09,-40.57,-0.04,-333.31,0.00
230,Entry short,2024-07-26 09:30," | F:65,3,8,1,0,50.18",197.657,71823,14196318.71,-40.57,-0.04,85.34,0.09,-40.57,-0.04,-333.31,0.00
231,Exit long,2024-07-26 16:00,Long Exit,198.249,25293,5021520.462,-46.8,-0.14,17.24,0.05,-46.8,-0.14,-380.11,0.00
231,Entry long,2024-07-26 15:40," | F:75,3,36,1,1,35.59",198.534,25293,5021520.462,-46.8,-0.14,17.24,0.05,-46.8,-0.14,-380.11,0.00
232,Exit long,2024-07-29 07:50,Long Exit,197.431,78263,15457646.87,-39.69,-0.04,1.53,0.00,-39.69,-0.04,-419.8,0.00
232,Entry long,2024-07-29 07:45," | F:50,3,26,1,0,39.83",197.509,78263,15457646.87,-39.69,-0.04,1.53,0.00,-39.69,-0.04,-419.8,0.00
233,Exit long,2024-07-30 15:35,Long Exit,198.834,88048,17512923.3,-38.86,-0.03,36.58,0.03,-38.86,-0.03,-458.66,0.00
233,Entry long,2024-07-30 15:25," | F:70,3,8,1,1,45.34",198.902,88048,17512923.3,-38.86,-0.03,36.58,0.03,-38.86,-0.03,-458.66,0.00
234,Exit long,2024-07-30 16:25,Long Exit,198.114,84863,16818573.66,-39.11,-0.04,25.89,0.02,-39.11,-0.04,-497.77,0.00
234,Entry long,2024-07-30 16:20," | F:70,3,109,1,0,17.62",198.185,84863,16818573.66,-39.11,-0.04,25.89,0.02,-39.11,-0.04,-497.77,0.00
235,Exit short,2024-07-30 21:30,Short Exit,196.826,53216,10467693.63,-42.83,-0.06,12.44,0.02,-42.83,-0.06,-540.61,-0.01
235,Entry short,2024-07-30 21:20," | F:75,3,20,1,0,43.17",196.702,53216,10467693.63,-42.83,-0.06,12.44,0.02,-42.83,-0.06,-540.61,-0.01
236,Exit long,2024-07-31 03:20,Long Exit,195.694,35812,7015105.244,-45.24,-0.10,31.64,0.07,-45.24,-0.10,-585.84,-0.01
236,Entry long,2024-07-31 02:45," | F:55,3,18,1,0,40.07",195.887,35812,7015105.244,-45.24,-0.10,31.64,0.07,-45.24,-0.10,-585.84,-0.01
237,Exit long,2024-07-31 06:55,Long Exit,195.564,15230,2985765.35,-47.95,-0.25,2.19,0.01,-47.95,-0.25,-633.79,-0.01
237,Entry long,2024-07-31 06:45," | F:55,3,27,1,0,45.66",196.045,15230,2985765.35,-47.95,-0.25,2.19,0.01,-47.95,-0.25,-633.79,-0.01
238,Exit long,2024-07-31 14:35,Long Exit,192.81,24245,4681709.5,-46.02,-0.15,10.47,0.03,-46.02,-0.15,-679.81,-0.01
238,Entry long,2024-07-31 14:20," | F:55,3,14,1,0,44.27",193.1,24245,4681709.5,-46.02,-0.15,10.47,0.03,-46.02,-0.15,-679.81,-0.01
239,Exit short,2024-08-01 14:30,Short Exit,192.162,51840,9955198.08,-43.22,-0.07,40.46,0.06,-43.22,-0.07,-723.03,-0.01
239,Entry short,2024-08-01 14:20," | F:70,3,54,1,0,61.61",192.037,51840,9955198.08,-43.22,-0.07,40.46,0.06,-43.22,-0.07,-723.03,-0.01
240,Exit long,2024-08-05 06:45,Long Exit,185.19,18925,3511590.525,-46.86,-0.20,9.94,0.04,-46.86,-0.20,-769.89,-0.01
240,Entry long,2024-08-05 06:10," | F:50,3,16,1,0,43.23",185.553,18925,3511590.525,-46.86,-0.20,9.94,0.04,-46.86,-0.20,-769.89,-0.01
241,Exit long,2024-08-06 09:50,Long Exit,185.585,26785,4977644.045,-46.82,-0.14,2.6,0.01,-46.82,-0.14,-816.71,-0.01
241,Entry long,2024-08-06 09:45," | F:75,3,20,1,1,44.89",185.837,26785,4977644.045,-46.82,-0.14,2.6,0.01,-46.82,-0.14,-816.71,-0.01
242,Exit long,2024-08-06 14:25,Long Exit,184.666,18218,3349415.736,102.87,0.44,102.87,0.44,-27.04,-0.12,-713.84,-0.01
242,Entry long,2024-08-06 13:10," | F:70,3,172,1,0,42.01",183.852,18218,3349415.736,102.87,0.44,102.87,0.44,-27.04,-0.12,-713.84,-0.01
243,Exit short,2024-08-07 03:25,Short Exit,184.104,33870,6229031.7,-45.4,-0.11,19.43,0.05,-45.4,-0.11,-759.24,-0.01
243,Entry short,2024-08-07 03:10," | F:70,3,57,1,0,65.55",183.91,33870,6229031.7,-45.4,-0.11,19.43,0.05,-45.4,-0.11,-759.24,-0.01
244,Exit long,2024-08-07 09:35,Long Exit,186.206,21782,4062843.986,-47.71,-0.17,47.41,0.17,-47.71,-0.17,-806.96,-0.01
244,Entry long,2024-08-07 09:15," | F:75,3,43,1,1,36.11",186.523,21782,4062843.986,-47.71,-0.17,47.41,0.17,-47.71,-0.17,-806.96,-0.01
245,Exit long,2024-08-07 15:10,Long Exit,187.042,35718,6687409.704,-45.91,-0.10,56.52,0.12,-45.91,-0.10,-852.86,-0.01
245,Entry long,2024-08-07 14:45," | F:80,3,13,1,1,49.06",187.228,35718,6687409.704,-45.91,-0.10,56.52,0.12,-45.91,-0.10,-852.86,-0.01
246,Exit short,2024-08-08 06:45,Short Exit,186.118,46363,8622590.74,-43.55,-0.07,27.14,0.05,-43.55,-0.07,-896.41,-0.01
246,Entry short,2024-08-08 06:30," | F:70,3,14,1,0,55.61",185.98,46363,8622590.74,-43.55,-0.07,27.14,0.05,-43.55,-0.07,-896.41,-0.01
247,Exit long,2024-08-08 13:10,Long Exit,185.325,56626,10478471.42,107.16,0.15,107.16,0.15,-0.77,0.00,-789.26,-0.01
247,Entry long,2024-08-08 13:05," | F:60,3,29,1,0,38.46",185.047,56626,10478471.42,107.16,0.15,107.16,0.15,-0.77,0.00,-789.26,-0.01
248,Exit short,2024-08-09 02:05,Short Exit,187.796,70120,13162295.32,-40.47,-0.05,43.8,0.05,-40.47,-0.05,-829.73,-0.01
248,Entry short,2024-08-09 01:10," | F:55,3,41,1,1,55.13",187.711,70120,13162295.32,-40.47,-0.05,43.8,0.05,-40.47,-0.05,-829.73,-0.01
249,Exit long,2024-08-09 03:40,Long Exit,187.576,74398,13961156.69,-39.91,-0.04,20.71,0.02,-39.91,-0.04,-869.64,-0.01
249,Entry long,2024-08-09 03:35," | F:65,3,32,1,1,37.96",187.655,74398,13961156.69,-39.91,-0.04,20.71,0.02,-39.91,-0.04,-869.64,-0.01
250,Exit long,2024-08-09 04:40,Long Exit,187.625,39179,7357541.947,-44.69,-0.09,41.77,0.08,-44.69,-0.09,-914.33,-0.01
250,Entry long,2024-08-09 04:25," | F:65,3,9,1,1,46.24",187.793,39179,7357541.947,-44.69,-0.09,41.77,0.08,-44.69,-0.09,-914.33,-0.01
251,Exit short,2024-08-09 06:40,Short Exit,187.805,53816,10122735.78,107.43,0.16,107.43,0.16,-11.33,-0.02,-806.9,-0.01
251,Entry short,2024-08-09 06:00," | F:55,3,38,1,1,64.92",188.099,53816,10122735.78,107.43,0.16,107.43,0.16,-11.33,-0.02,-806.9,-0.01
252,Exit long,2024-08-09 11:30,Long Exit,187.858,56973,10686995.34,107.54,0.15,107.54,0.15,-17.41,-0.02,-699.35,-0.01
252,Entry long,2024-08-09 11:15," | F:65,3,27,1,1,41.63",187.58,56973,10686995.34,107.54,0.15,107.54,0.15,-17.41,-0.02,-699.35,-0.01
253,Exit long,2024-08-09 17:55,Long Exit,187.119,33943,6336037.981,104.17,0.24,104.17,0.24,-24.66,-0.06,-595.18,-0.01
253,Entry long,2024-08-09 15:35," | F:70,3,284,1,0,28.66",186.667,33943,6336037.981,104.17,0.24,104.17,0.24,-24.66,-0.06,-595.18,-0.01
254,Exit long,2024-08-12 11:35,Long Exit,188.166,49390,9277812.72,107.05,0.17,107.05,0.17,-9.09,-0.01,-488.13,0.00
254,Entry long,2024-08-12 10:05," | F:70,3,27,1,1,43.61",187.848,49390,9277812.72,107.05,0.17,107.05,0.17,-9.09,-0.01,-488.13,0.00
255,Exit short,2024-08-13 13:20,Short Exit,188.919,71078,13447886.52,135.15,0.15,135.15,0.15,-15.93,-0.02,-352.97,0.00
255,Entry short,2024-08-13 12:45," | F:60,3,20,1,1,53.66",189.199,71078,13447886.52,135.15,0.15,135.15,0.15,-15.93,-0.02,-352.97,0.00
256,Exit long,2024-08-13 16:10,Long Exit,188.168,20124,3793655.736,-47.29,-0.18,54.12,0.21,-47.29,-0.18,-400.26,0.00
256,Entry long,2024-08-13 15:30," | F:70,3,109,1,0,41.37",188.514,20124,3793655.736,-47.29,-0.18,54.12,0.21,-47.29,-0.18,-400.26,0.00
257,Exit long,2024-08-15 03:00,Time Stop (Bars),188.898,49402,9330654.544,8.71,0.01,62,0.10,-36.2,-0.06,-391.55,0.00
257,Entry long,2024-08-15 00:00," | F:65,3,33,1,1,39.99",188.872,49402,9330654.544,8.71,0.01,62,0.10,-36.2,-0.06,-391.55,0.00
258,Exit long,2024-08-15 04:50,Long Exit,189.234,48445,9151744.95,106.48,0.17,106.48,0.17,-8.22,-0.01,-285.06,0.00
258,Entry long,2024-08-15 04:00," | F:65,3,10,1,1,50.23",188.91,48445,9151744.95,106.48,0.17,106.48,0.17,-8.22,-0.01,-285.06,0.00
259,Exit short,2024-08-15 09:30,Short Exit,189.17,70072,13249564.12,-40.41,-0.04,29.95,0.03,-40.41,-0.04,-325.47,0.00
259,Entry short,2024-08-15 09:15," | F:45,3,28,1,1,51.57",189.085,70072,13249564.12,-40.41,-0.04,29.95,0.03,-40.41,-0.04,-325.47,0.00
260,Exit long,2024-08-15 15:30,Long Exit,189.731,51132,9685576.836,106.84,0.16,106.84,0.16,-32.26,-0.05,-218.63,0.00
260,Entry long,2024-08-15 15:00," | F:70,3,11,1,1,56.47",189.423,51132,9685576.836,106.84,0.16,106.84,0.16,-32.26,-0.05,-218.63,0.00
261,Exit long,2024-08-19 03:50,Long Exit,191.323,78617,15047057.95,-39.4,-0.04,124.05,0.12,-39.4,-0.04,-258.03,0.00
261,Entry long,2024-08-19 03:10," | F:70,3,13,1,1,50.04",191.397,78617,15047057.95,-39.4,-0.04,124.05,0.12,-39.4,-0.04,-258.03,0.00
262,Exit long,2024-08-19 04:50,Long Exit,190.891,93320,17819454,-37.29,-0.03,60.67,0.05,-37.29,-0.03,-295.31,0.00
262,Entry long,2024-08-19 04:35," | F:45,3,55,1,0,27.38",190.95,93320,17819454,-37.29,-0.03,60.67,0.05,-37.29,-0.03,-295.31,0.00
263,Exit short,2024-08-19 20:00,Short Exit,190.239,104687,19910315.84,-35.45,-0.03,39.7,0.03,-35.45,-0.03,-330.76,0.00
263,Entry short,2024-08-19 19:45," | F:55,3,13,1,1,58.9",190.189,104687,19910315.84,-35.45,-0.03,39.7,0.03,-35.45,-0.03,-330.76,0.00
264,Exit long,2024-08-20 04:30,Long Exit,190.213,29560,5607502.44,103.55,0.27,103.55,0.27,-0.2,0.00,-227.21,0.00
264,Entry long,2024-08-20 04:05," | F:55,3,139,1,0,30.32",189.699,29560,5607502.44,103.55,0.27,103.55,0.27,-0.2,0.00,-227.21,0.00
265,Exit long,2024-08-22 09:00,Long Exit,190.097,54138,10275879.64,107.38,0.15,107.38,0.15,-32.44,-0.05,-119.83,0.00
265,Entry long,2024-08-22 07:35," | F:50,3,62,1,0,33.03",189.809,54138,10275879.64,107.38,0.15,107.38,0.15,-32.44,-0.05,-119.83,0.00
266,Exit short,2024-08-22 09:35,Short Exit,190.259,67931,12918574.13,-40.7,-0.05,29.94,0.03,-40.7,-0.05,-160.54,0.00
266,Entry short,2024-08-22 09:10," | F:55,3,39,1,1,61.7",190.172,67931,12918574.13,-40.7,-0.05,29.94,0.03,-40.7,-0.05,-160.54,0.00
267,Exit long,2024-08-22 18:25,Long Exit,191.177,23803,4557417.592,-47.05,-0.15,77.54,0.25,-47.05,-0.15,-207.58,0.00
267,Entry long,2024-08-22 15:30," | F:80,3,19,1,1,59.71",191.464,23803,4557417.592,-47.05,-0.15,77.54,0.25,-47.05,-0.15,-207.58,0.00
268,Exit short,2024-08-23 03:05,Short Exit,191.533,59922,11470928.38,-41.73,-0.05,11.05,0.01,-41.73,-0.05,-249.32,0.00
268,Entry short,2024-08-23 03:00," | F:50,3,79,1,1,56.96",191.431,59922,11470928.38,-41.73,-0.05,11.05,0.01,-41.73,-0.05,-249.32,0.00
269,Exit long,2024-08-23 09:45,Long Exit,190.769,70671,13487701.69,-40.05,-0.04,41.5,0.05,-40.05,-0.04,-289.37,0.00
269,Entry long,2024-08-23 09:25," | F:50,3,36,1,0,44.52",190.852,70671,13487701.69,-40.05,-0.04,41.5,0.05,-40.05,-0.04,-289.37,0.00
270,Exit long,2024-08-26 07:20,Long Exit,189.882,76518,14535053.21,-39.21,-0.04,28.08,0.03,-39.21,-0.04,-328.57,0.00
270,Entry long,2024-08-26 07:10," | F:50,3,18,1,0,47.31",189.956,76518,14535053.21,-39.21,-0.04,28.08,0.03,-39.21,-0.04,-328.57,0.00
271,Exit short,2024-08-26 15:10,Short Exit,190.213,78274,14883096.63,-39.02,-0.04,78.59,0.08,-39.02,-0.04,-367.6,0.00
271,Entry short,2024-08-26 14:05," | F:65,3,63,1,0,65.46",190.141,78274,14883096.63,-39.02,-0.04,78.59,0.08,-39.02,-0.04,-367.6,0.00
272,Exit long,2024-08-27 10:05,Long Exit,191.389,47609,9096413.585,106.67,0.17,106.67,0.17,-2.96,0.00,-260.93,0.00
272,Entry long,2024-08-27 09:45," | F:75,3,17,1,1,54.21",191.065,47609,9096413.585,106.67,0.17,106.67,0.17,-2.96,0.00,-260.93,0.00
273,Exit long,2024-08-27 14:50,Long Exit,191.137,59277,11336074.2,-41.81,-0.05,28.28,0.04,-41.81,-0.05,-302.74,0.00
273,Entry long,2024-08-27 14:25," | F:70,3,54,1,1,36.18",191.239,59277,11336074.2,-41.81,-0.05,28.28,0.04,-41.81,-0.05,-302.74,0.00
274,Exit long,2024-08-27 15:30,Long Exit,190.854,62846,12000380.85,-41.29,-0.05,17.82,0.02,-41.29,-0.05,-344.03,0.00
274,Entry long,2024-08-27 15:20," | F:70,3,89,1,0,29.83",190.949,62846,12000380.85,-41.29,-0.05,17.82,0.02,-41.29,-0.05,-344.03,0.00
275,Exit long,2024-08-28 14:50,Long Exit,190.638,116375,22190385,-33.95,-0.02,0,0.00,-33.95,-0.02,-377.97,0.00
275,Entry long,2024-08-28 14:45," | F:60,3,24,1,0,38.19",190.68,116375,22190385,-33.95,-0.02,0,0.00,-33.95,-0.02,-377.97,0.00
276,Exit short,2024-08-29 03:30,Short Exit,190.822,81160,15481513.48,-38.74,-0.04,22.46,0.02,-38.74,-0.04,-416.71,0.00
276,Entry short,2024-08-29 03:20," | F:70,3,44,1,1,64.17",190.753,81160,15481513.48,-38.74,-0.04,22.46,0.02,-38.74,-0.04,-416.71,0.00
277,Exit long,2024-08-29 05:20,Long Exit,190.759,111198,21217023.19,-34.62,-0.02,18.46,0.01,-34.62,-0.02,-451.33,0.00
277,Entry long,2024-08-29 05:15," | F:70,3,11,1,1,50.51",190.804,111198,21217023.19,-34.62,-0.02,18.46,0.01,-34.62,-0.02,-451.33,0.00
278,Exit long,2024-08-29 07:35,Long Exit,190.979,144500,27571900.5,169.94,0.09,169.94,0.09,0,0.00,-281.39,0.00
278,Entry long,2024-08-29 06:25," | F:75,3,10,1,1,49.31",190.809,144500,27571900.5,169.94,0.09,169.94,0.09,0,0.00,-281.39,0.00
279,Exit short,2024-08-29 10:00,Short Exit,191.251,116620,22298793.58,-33.88,-0.02,149.25,0.10,-33.88,-0.02,-315.27,0.00
279,Entry short,2024-08-29 09:40," | F:50,3,13,1,1,59.58",191.209,116620,22298793.58,-33.88,-0.02,149.25,0.10,-33.88,-0.02,-315.27,0.00
280,Exit long,2024-08-30 09:05,Long Exit,190.916,67031,12777851.41,134.03,0.15,134.03,0.15,-17.56,-0.02,-181.24,0.00
280,Entry long,2024-08-30 07:30," | F:55,3,6,1,0,52.67",190.626,67031,12777851.41,134.03,0.15,134.03,0.15,-17.56,-0.02,-181.24,0.00
281,Exit long,2024-08-30 17:10,Long Exit,191.104,66084,12634864.3,-41.01,-0.05,9.57,0.01,-41.01,-0.05,-222.25,0.00
281,Entry long,2024-08-30 17:05," | F:75,3,9,1,1,40.66",191.194,66084,12634864.3,-41.01,-0.05,9.57,0.01,-41.01,-0.05,-222.25,0.00
282,Exit long,2024-09-02 10:55,Long Exit,192.365,71679,13768819.11,134.81,0.14,134.81,0.14,-16.18,-0.02,-87.44,0.00
282,Entry long,2024-09-02 10:30," | F:65,3,15,1,1,57.01",192.09,71679,13768819.11,134.81,0.14,134.81,0.14,-16.18,-0.02,-87.44,0.00
283,Exit long,2024-09-02 17:20,Long Exit,193.055,170872,32991624.02,-26.88,-0.01,15.19,0.01,-26.88,-0.01,-114.32,0.00
283,Entry long,2024-09-02 17:15," | F:70,3,21,1,1,47.86",193.078,170872,32991624.02,-26.88,-0.01,15.19,0.01,-26.88,-0.01,-114.32,0.00
284,Exit short,2024-09-04 03:10,Short Exit,190.786,50836,9692544.268,-42.98,-0.06,32.5,0.05,-42.98,-0.06,-157.3,0.00
284,Entry short,2024-09-04 03:00," | F:70,3,20,1,0,58.04",190.663,50836,9692544.268,-42.98,-0.06,32.5,0.05,-42.98,-0.06,-157.3,0.00
285,Exit short,2024-09-04 15:45,Short Exit,190.36,96747,18411437.84,-36.58,-0.03,89.78,0.07,-36.58,-0.03,-193.88,0.00
285,Entry short,2024-09-04 15:30," | F:75,3,21,1,0,57.25",190.305,96747,18411437.84,-36.58,-0.03,89.78,0.07,-36.58,-0.03,-193.88,0.00
286,Exit long,2024-09-04 16:25,Long Exit,190.269,66503,12659378.07,-40.69,-0.05,9.6,0.01,-40.69,-0.05,-234.56,0.00
286,Entry long,2024-09-04 16:15," | F:55,3,8,1,0,54.15",190.358,66503,12659378.07,-40.69,-0.05,9.6,0.01,-40.69,-0.05,-234.56,0.00
287,Exit short,2024-09-05 03:40,Short Exit,188.904,81633,15415249.19,-38.63,-0.04,34.09,0.03,-38.63,-0.04,-273.19,0.00
287,Entry short,2024-09-05 03:35," | F:75,3,23,1,0,62.15",188.836,81633,15415249.19,-38.63,-0.04,34.09,0.03,-38.63,-0.04,-273.19,0.00
288,Exit long,2024-09-05 15:30,Long Exit,188.723,45815,8631133.665,105.85,0.18,105.85,0.18,-23.91,-0.04,-167.34,0.00
288,Entry long,2024-09-05 15:25," | F:50,3,65,1,0,35.21",188.391,45815,8631133.665,105.85,0.18,105.85,0.18,-23.91,-0.04,-167.34,0.00
289,Exit short,2024-09-05 17:20,Short Exit,189.135,40332,7621820.364,-44.35,-0.08,47.15,0.09,-44.35,-0.08,-211.69,0.00
289,Entry short,2024-09-05 17:05," | F:75,3,60,1,1,67.07",188.977,40332,7621820.364,-44.35,-0.08,47.15,0.09,-44.35,-0.08,-211.69,0.00
290,Exit short,2024-09-06 18:30,Time Stop (Bars),187.175,4946,930218.95,31.03,0.48,53.74,0.83,-45.33,-0.70,-180.66,0.00
290,Entry short,2024-09-06 15:30," | F:60,3,257,1,0,37.55",188.075,4946,930218.95,31.03,0.48,53.74,0.83,-45.33,-0.70,-180.66,0.00
291,Exit short,2024-09-09 17:30,Short Exit,186.642,26579,4975588.8,104.19,0.30,104.19,0.30,-4.48,-0.01,-76.47,0.00
291,Entry short,2024-09-09 16:35," | F:75,3,9,1,0,34.38",187.2,26579,4975588.8,104.19,0.30,104.19,0.30,-4.48,-0.01,-76.47,0.00
292,Exit long,2024-09-09 20:30,Long Exit,186.936,48251,9026025.064,-43.39,-0.07,3.73,0.01,-43.39,-0.07,-119.86,0.00
292,Entry long,2024-09-09 20:20," | F:55,3,15,1,0,51.83",187.064,48251,9026025.064,-43.39,-0.07,3.73,0.01,-43.39,-0.07,-119.86,0.00
293,Exit long,2024-09-11 02:55,Long Exit,186.045,43935,8180125.845,-43.79,-0.08,57.98,0.10,-43.79,-0.08,-163.65,0.00
293,Entry long,2024-09-11 00:05," | F:50,3,34,1,0,43.89",186.187,43935,8180125.845,-43.79,-0.08,57.98,0.10,-43.79,-0.08,-163.65,0.00
294,Exit long,2024-09-12 09:10,Long Exit,186.14,22180,4135283.56,-47.06,-0.16,13.09,0.05,-47.06,-0.16,-210.71,0.00
294,Entry long,2024-09-12 08:45," | F:70,3,18,1,1,67.52",186.442,22180,4135283.56,-47.06,-0.16,13.09,0.05,-47.06,-0.16,-210.71,0.00
295,Exit long,2024-09-13 08:55,Long Exit,185.131,31061,5756783.618,-45.3,-0.11,0,0.00,-45.3,-0.11,-256.01,0.00
295,Entry long,2024-09-13 08:45," | F:55,3,15,1,0,50.24",185.338,31061,5756783.618,-45.3,-0.11,0,0.00,-45.3,-0.11,-256.01,0.00
296,Exit long,2024-09-17 04:50,Long Exit,185.354,65025,12058366.05,-40.68,-0.05,52.7,0.06,-40.68,-0.05,-296.69,0.00
296,Entry long,2024-09-17 04:25," | F:70,3,125,1,0,28.98",185.442,65025,12058366.05,-40.68,-0.05,52.7,0.06,-40.68,-0.05,-296.69,0.00
297,Exit short,2024-09-18 13:05,Short Exit,187.406,66321,12423183.4,-40.52,-0.05,121.57,0.14,-40.52,-0.05,-337.21,0.00
297,Entry short,2024-09-18 11:15," | F:50,3,138,1,1,80.16",187.319,66321,12423183.4,-40.52,-0.05,121.57,0.14,-40.52,-0.05,-337.21,0.00
298,Exit long,2024-09-18 18:35,Long Exit,187.356,45770,8581463.07,-43.39,-0.07,73.29,0.12,-43.39,-0.07,-380.61,0.00
298,Entry long,2024-09-18 17:35," | F:75,3,23,1,1,43.82",187.491,45770,8581463.07,-43.39,-0.07,73.29,0.12,-43.39,-0.07,-380.61,0.00
299,Exit short,2024-09-18 22:45,Short Exit,187.969,59726,11220723.62,-41.53,-0.05,56.21,0.07,-41.53,-0.05,-422.13,0.00
299,Entry short,2024-09-18 22:35," | F:55,3,71,1,1,65.88",187.87,59726,11220723.62,-41.53,-0.05,56.21,0.07,-41.53,-0.05,-422.13,0.00
300,Exit long,2024-09-19 17:00,Long Exit,189.505,26275,4985891.45,-46.75,-0.13,3.88,0.01,-46.75,-0.13,-468.89,0.00
300,Entry long,2024-09-19 16:45," | F:70,3,34,1,1,42.6",189.758,26275,4985891.45,-46.75,-0.13,3.88,0.01,-46.75,-0.13,-468.89,0.00
301,Exit long,2024-09-19 17:20,Long Exit,189.284,85193,16131124.16,-38.35,-0.03,85.68,0.08,-38.35,-0.03,-507.23,-0.01
301,Entry long,2024-09-19 17:10," | F:80,3,65,1,1,32.55",189.348,85193,16131124.16,-38.35,-0.03,85.68,0.08,-38.35,-0.03,-507.23,-0.01
302,Exit long,2024-09-23 12:40,Long Exit,190.684,81579,15561357.41,-38.54,-0.04,3.97,0.00,-38.54,-0.04,-545.77,-0.01
302,Entry long,2024-09-23 12:35," | F:55,3,8,1,0,47.78",190.752,81579,15561357.41,-38.54,-0.04,3.97,0.00,-38.54,-0.04,-545.77,-0.01
303,Exit long,2024-09-24 15:20,Long Exit,192.699,40887,7863674.049,105.86,0.19,105.86,0.19,-15.94,-0.03,-439.91,0.00
303,Entry long,2024-09-24 14:05," | F:65,3,74,1,1,31.07",192.327,40887,7863674.049,105.86,0.19,105.86,0.19,-15.94,-0.03,-439.91,0.00
304,Exit long,2024-09-25 06:50,Long Exit,192.357,76276,14677866.96,-39.38,-0.04,19.69,0.02,-39.38,-0.04,-479.28,0.00
304,Entry long,2024-09-25 06:45," | F:70,3,8,1,1,55.84",192.431,76276,14677866.96,-39.38,-0.04,19.69,0.02,-39.38,-0.04,-479.28,0.00
305,Exit short,2024-09-25 09:30,Short Exit,192.408,59290,11401882.03,-41.77,-0.05,84.38,0.11,-41.77,-0.05,-521.06,-0.01
305,Entry short,2024-09-25 09:10," | F:70,3,22,1,1,54.85",192.307,59290,11401882.03,-41.77,-0.05,84.38,0.11,-41.77,-0.05,-521.06,-0.01
306,Exit long,2024-09-26 01:05,Long Exit,192.617,84109,16206374.45,-38.36,-0.03,39.52,0.04,-38.36,-0.03,-559.42,-0.01
306,Entry long,2024-09-26 00:05," | F:75,3,35,1,0,41.3",192.683,84109,16206374.45,-38.36,-0.03,39.52,0.04,-38.36,-0.03,-559.42,-0.01
307,Exit long,2024-09-26 11:40,Long Exit,193.125,37718,7290776.246,-44.83,-0.09,45.61,0.09,-44.83,-0.09,-604.24,-0.01
307,Entry long,2024-09-26 11:25," | F:65,3,24,1,1,43.27",193.297,37718,7290776.246,-44.83,-0.09,45.61,0.09,-44.83,-0.09,-604.24,-0.01
308,Exit long,2024-09-26 14:35,Long Exit,193,59656,11519633.26,-41.63,-0.05,17.31,0.02,-41.63,-0.05,-645.88,-0.01
308,Entry long,2024-09-26 14:20," | F:70,3,76,1,0,40.71",193.101,59656,11519633.26,-41.63,-0.05,17.31,0.02,-41.63,-0.05,-645.88,-0.01
309,Exit long,2024-09-27 04:00,Long Exit,194.943,35216,6849899.376,104.97,0.22,104.97,0.22,-41.07,-0.09,-540.91,-0.01
309,Entry long,2024-09-27 03:00," | F:65,3,13,1,1,57.69",194.511,35216,6849899.376,104.97,0.22,104.97,0.22,-41.07,-0.09,-540.91,-0.01
310,Exit short,2024-09-27 16:25,Short Exit,191.74,40797,7816093.245,-43.63,-0.08,99.09,0.18,-43.63,-0.08,-584.54,-0.01
310,Entry short,2024-09-27 15:45," | F:70,3,12,1,0,47.22",191.585,40797,7816093.245,-43.63,-0.08,99.09,0.18,-43.63,-0.08,-584.54,-0.01
311,Exit long,2024-09-30 03:45,Long Exit,190.68,30353,5794235.935,-45.87,-0.11,1.28,0.00,-45.87,-0.11,-630.41,-0.01
311,Entry long,2024-09-30 03:35," | F:45,3,27,1,0,49.96",190.895,30353,5794235.935,-45.87,-0.11,1.28,0.00,-45.87,-0.11,-630.41,-0.01
312,Exit short,2024-09-30 10:00,Short Exit,190.194,41019,7795291.779,-44.11,-0.08,20.76,0.04,-44.11,-0.08,-674.52,-0.01
312,Entry short,2024-09-30 09:45," | F:70,3,15,1,0,49.59",190.041,41019,7795291.779,-44.11,-0.08,20.76,0.04,-44.11,-0.08,-674.52,-0.01
313,Exit long,2024-09-30 13:45,Long Exit,190.958,75897,14498755.7,-39.48,-0.04,0,0.00,-39.48,-0.04,-714,-0.01
313,Entry long,2024-09-30 13:40," | F:75,3,9,1,1,52.08",191.032,75897,14498755.7,-39.48,-0.04,0,0.00,-39.48,-0.04,-714,-0.01
314,Exit long,2024-09-30 17:45,Long Exit,191.563,38003,7264919.501,105.78,0.21,105.78,0.21,-27.25,-0.05,-608.22,-0.01
314,Entry long,2024-09-30 17:30," | F:75,3,32,1,1,44.02",191.167,38003,7264919.501,105.78,0.21,105.78,0.21,-27.25,-0.05,-608.22,-0.01
315,Exit long,2024-10-01 11:50,Long Exit,191.627,41087,7879747.034,-44.31,-0.08,61.46,0.11,-44.31,-0.08,-652.53,-0.01
315,Entry long,2024-10-01 11:15," | F:75,3,174,1,0,25.69",191.782,41087,7879747.034,-44.31,-0.08,61.46,0.11,-44.31,-0.08,-652.53,-0.01
316,Exit short,2024-10-02 10:00,Short Exit,191.35,75775,14493863.13,-39.52,-0.04,110.13,0.11,-39.52,-0.04,-692.05,-0.01
316,Entry short,2024-10-02 09:40," | F:70,3,28,1,1,68.73",191.275,75775,14493863.13,-39.52,-0.04,110.13,0.11,-39.52,-0.04,-692.05,-0.01
317,Exit long,2024-10-04 18:30,Time Stop (Bars),194.625,4275,830393.1,11.09,0.20,17.14,0.30,-5.76,-0.10,-680.96,-0.01
317,Entry long,2024-10-04 15:30," | F:80,3,39,1,1,80.67",194.244,4275,830393.1,11.09,0.20,17.14,0.30,-5.76,-0.10,-680.96,-0.01
318,Exit long,2024-10-07 03:15,Long Exit,195.007,18344,3584289.192,-47.6,-0.20,28.36,0.12,-47.6,-0.20,-728.56,-0.01
318,Entry long,2024-10-07 01:00," | F:70,3,11,1,1,67.83",195.393,18344,3584289.192,-47.6,-0.20,28.36,0.12,-47.6,-0.20,-728.56,-0.01
319,Exit short,2024-10-08 05:05,Short Exit,193.494,51412,9963748.424,106.81,0.16,106.81,0.16,-24.27,-0.04,-621.75,-0.01
319,Entry short,2024-10-08 03:00," | F:80,3,105,1,0,55.73",193.802,51412,9963748.424,106.81,0.16,106.81,0.16,-24.27,-0.04,-621.75,-0.01
320,Exit short,2024-10-08 16:35,Short Exit,194.194,40896,7935173.568,-44.41,-0.08,29.52,0.06,-44.41,-0.08,-666.16,-0.01
320,Entry short,2024-10-08 16:05," | F:50,3,9,1,1,60",194.033,40896,7935173.568,-44.41,-0.08,29.52,0.06,-44.41,-0.08,-666.16,-0.01
321,Exit long,2024-10-10 00:00,Long Exit,195.047,111431,21739519.51,-35.32,-0.02,102.2,0.07,-35.32,-0.02,-701.48,-0.01
321,Entry long,2024-10-09 23:45," | F:75,3,8,1,1,51.98",195.094,111431,21739519.51,-35.32,-0.02,102.2,0.07,-35.32,-0.02,-701.48,-0.01
322,Exit short,2024-10-10 14:20,Short Exit,194.948,54342,10587506.2,-42.6,-0.06,19.66,0.03,-42.6,-0.06,-744.08,-0.01
322,Entry short,2024-10-10 14:00," | F:75,3,26,1,0,59.65",194.831,54342,10587506.2,-42.6,-0.06,19.66,0.03,-42.6,-0.06,-744.08,-0.01
323,Exit long,2024-10-11 06:00,Long Exit,193.956,64051,12429224.65,-41.38,-0.05,106.47,0.13,-41.38,-0.05,-785.46,-0.01
323,Entry long,2024-10-11 04:40," | F:50,3,8,1,0,48.81",194.052,64051,12429224.65,-41.38,-0.05,106.47,0.13,-41.38,-0.05,-785.46,-0.01
324,Exit short,2024-10-14 05:50,Short Exit,194.819,146313,28500016.64,-30.39,-0.02,4.9,0.00,-30.39,-0.02,-815.86,-0.01
324,Entry short,2024-10-14 05:45," | F:65,3,34,1,1,57.61",194.788,146313,28500016.64,-30.39,-0.02,4.9,0.00,-30.39,-0.02,-815.86,-0.01
325,Exit short,2024-10-14 08:20,Short Exit,194.995,100879,19665453.14,-36.5,-0.03,9.46,0.01,-36.5,-0.03,-852.36,-0.01
325,Entry short,2024-10-14 08:05," | F:50,3,12,1,1,50.9",194.941,100879,19665453.14,-36.5,-0.03,9.46,0.01,-36.5,-0.03,-852.36,-0.01
326,Exit long,2024-10-14 15:45,Long Exit,195.079,220143,42948358.3,-20.65,-0.01,0,0.00,-20.65,-0.01,-873.01,-0.01
326,Entry long,2024-10-14 15:40," | F:80,3,23,1,1,41.55",195.093,220143,42948358.3,-20.65,-0.01,0,0.00,-20.65,-0.01,-873.01,-0.01
327,Exit long,2024-10-14 18:25,Long Exit,195.559,88128,17239951.87,-38.39,-0.03,38.39,0.03,-38.39,-0.03,-911.4,-0.01
327,Entry long,2024-10-14 18:05," | F:75,3,10,1,1,64.17",195.624,88128,17239951.87,-38.39,-0.03,38.39,0.03,-38.39,-0.03,-911.4,-0.01
328,Exit short,2024-10-15 06:00,Time Stop (Bars),195.422,37788,7387024.968,16.14,0.03,59.28,0.12,-28.5,-0.06,-895.26,-0.01
328,Entry short,2024-10-15 03:00," | F:50,3,10,1,1,39.24",195.486,37788,7387024.968,16.14,0.03,59.28,0.12,-28.5,-0.06,-895.26,-0.01
329,Exit short,2024-10-17 06:55,Short Exit,194.189,97043,18839151.68,-36.96,-0.03,93.38,0.07,-36.96,-0.03,-932.22,-0.01
329,Entry short,2024-10-17 06:00," | F:70,3,24,1,0,52.01",194.132,97043,18839151.68,-36.96,-0.03,93.38,0.07,-36.96,-0.03,-932.22,-0.01
330,Exit long,2024-10-18 16:10,Time Stop (Bars),195.677,19928,3893592.424,39,0.15,54.66,0.21,-5.44,-0.02,-893.21,-0.01
330,Entry long,2024-10-18 13:10," | F:75,3,227,1,1,36.45",195.383,19928,3893592.424,39,0.15,54.66,0.21,-5.44,-0.02,-893.21,-0.01
331,Exit short,2024-10-21 00:10,Short Exit,195.141,88989,17359707.15,-37.91,-0.03,82.34,0.07,-37.91,-0.03,-931.13,-0.01
331,Entry short,2024-10-18 23:45," | F:75,3,35,1,0,56.53",195.077,88989,17359707.15,-37.91,-0.03,82.34,0.07,-37.91,-0.03,-931.13,-0.01
332,Exit short,2024-10-21 08:55,Short Exit,194.812,86803,16904537.04,-38.3,-0.03,105.05,0.09,-38.3,-0.03,-969.43,-0.01
332,Entry short,2024-10-21 07:35," | F:65,3,41,1,0,51.47",194.746,86803,16904537.04,-38.3,-0.03,105.05,0.09,-38.3,-0.03,-969.43,-0.01
333,Exit long,2024-10-24 02:15,Long Exit,197.105,74833,14756094.77,-40.17,-0.04,81.81,0.08,-40.17,-0.04,-1009.6,-0.01
333,Entry long,2024-10-24 00:00," | F:45,3,27,1,0,37.71",197.187,74833,14756094.77,-40.17,-0.04,81.81,0.08,-40.17,-0.04,-1009.6,-0.01
334,Exit long,2024-10-24 14:35,Time Stop (Bars),197.222,38969,7674749.705,70.66,0.14,79.59,0.16,-25.25,-0.05,-938.94,-0.01
334,Entry long,2024-10-24 11:35," | F:70,3,20,1,0,43.54",196.945,38969,7674749.705,70.66,0.14,79.59,0.16,-25.25,-0.05,-938.94,-0.01
335,Exit long,2024-10-24 18:10,Long Exit,196.712,97358,19157133.66,-36.96,-0.03,24.22,0.02,-36.96,-0.03,-975.9,-0.01
335,Entry long,2024-10-24 18:05," | F:50,3,124,1,0,27.14",196.77,97358,19157133.66,-36.96,-0.03,24.22,0.02,-36.96,-0.03,-975.9,-0.01
336,Exit long,2024-10-25 08:05,Long Exit,196.519,78992,15529432.24,-39.5,-0.04,60.81,0.06,-39.5,-0.04,-1015.41,-0.01
336,Entry long,2024-10-25 07:20," | F:55,3,145,1,0,26.29",196.595,78992,15529432.24,-39.5,-0.04,60.81,0.06,-39.5,-0.04,-1015.41,-0.01
337,Exit long,2024-10-25 12:20,Long Exit,197.355,37235,7332576.845,104.86,0.22,104.86,0.22,-4.41,-0.01,-910.54,-0.01
337,Entry long,2024-10-25 10:00," | F:70,3,12,1,1,56.58",196.927,37235,7332576.845,104.86,0.22,104.86,0.22,-4.41,-0.01,-910.54,-0.01
338,Exit short,2024-10-29 09:30,Short Exit,198.735,119659,23775166.37,-34.34,-0.02,38.25,0.02,-34.34,-0.02,-944.89,-0.01
338,Entry short,2024-10-29 09:25," | F:70,3,84,1,1,73.97",198.691,119659,23775166.37,-34.34,-0.02,38.25,0.02,-34.34,-0.02,-944.89,-0.01
339,Exit short,2024-10-29 13:30,Short Exit,199.22,99594,19835439.82,-37.03,-0.03,24.69,0.02,-37.03,-0.03,-981.92,-0.01
339,Entry short,2024-10-29 13:05," | F:50,3,9,1,1,56.08",199.163,99594,19835439.82,-37.03,-0.03,24.69,0.02,-37.03,-0.03,-981.92,-0.01
340,Exit long,2024-10-29 19:45,Long Exit,199.39,109547,21848053.68,-35.73,-0.03,32.87,0.02,-35.73,-0.03,-1017.65,-0.01
340,Entry long,2024-10-29 19:15," | F:75,3,28,1,1,44.66",199.44,109547,21848053.68,-35.73,-0.03,32.87,0.02,-35.73,-0.03,-1017.65,-0.01
341,Exit short,2024-10-30 10:45,Short Exit,199.123,51815,10333931.79,106.72,0.16,106.72,0.16,-33.44,-0.05,-910.92,-0.01
341,Entry short,2024-10-30 08:15," | F:50,3,46,1,1,64.12",199.439,51815,10333931.79,106.72,0.16,106.72,0.16,-33.44,-0.05,-910.92,-0.01
342,Exit short,2024-10-31 02:45,Short Exit,198.614,163121,32393710.03,-28.71,-0.01,5.32,0.00,-28.71,-0.01,-939.63,-0.01
342,Entry short,2024-10-31 02:40," | F:70,3,13,1,0,50.1",198.587,163121,32393710.03,-28.71,-0.01,5.32,0.00,-28.71,-0.01,-939.63,-0.01
343,Exit long,2024-10-31 10:25,Long Exit,197.4,81763,16145984.9,-38.91,-0.04,2.67,0.00,-38.91,-0.04,-978.54,-0.01
343,Entry long,2024-10-31 10:20," | F:55,3,16,1,0,36.73",197.473,81763,16145984.9,-38.91,-0.04,2.67,0.00,-38.91,-0.04,-978.54,-0.01
344,Exit short,2024-10-31 13:15,Short Exit,198.36,45986,9115069.004,-43.77,-0.07,2.1,0.00,-43.77,-0.07,-1022.31,-0.01
344,Entry short,2024-10-31 13:10," | F:65,3,96,1,0,61.46",198.214,45986,9115069.004,-43.77,-0.07,2.1,0.00,-43.77,-0.07,-1022.31,-0.01
345,Exit short,2024-11-01 19:30,Short Exit,197.929,79680,15791699.52,136.21,0.13,136.21,0.13,-36.67,-0.04,-886.1,-0.01
345,Entry short,2024-11-01 17:45," | F:50,3,7,1,1,59.82",198.189,79680,15791699.52,136.21,0.13,136.21,0.13,-36.67,-0.04,-886.1,-0.01
346,Exit short,2024-11-04 08:35,Short Exit,197.455,63813,12593878.43,-41.27,-0.05,27.93,0.03,-41.27,-0.05,-927.37,-0.01
346,Entry short,2024-11-04 08:20," | F:75,3,84,1,1,61.49",197.356,63813,12593878.43,-41.27,-0.05,27.93,0.03,-41.27,-0.05,-927.37,-0.01
347,Exit long,2024-11-04 11:15,Long Exit,196.995,63348,12485574.06,-41.39,-0.05,33.94,0.04,-41.39,-0.05,-968.76,-0.01
347,Entry long,2024-11-04 10:45," | F:45,3,66,1,0,31.72",197.095,63348,12485574.06,-41.39,-0.05,33.94,0.04,-41.39,-0.05,-968.76,-0.01
348,Exit long,2024-11-04 18:40,Long Exit,196.843,113437,22334610.93,-34.83,-0.02,0,0.00,-34.83,-0.02,-1003.59,-0.01
348,Entry long,2024-11-04 18:35," | F:55,3,27,1,0,38.72",196.89,113437,22334610.93,-34.83,-0.02,0,0.00,-34.83,-0.02,-1003.59,-0.01
349,Exit short,2024-11-05 09:10,Short Exit,197.632,65625,12963300,-41.4,-0.05,7.33,0.01,-41.4,-0.05,-1044.99,-0.01
349,Entry short,2024-11-05 09:05," | F:50,3,19,1,1,52.02",197.536,65625,12963300,-41.4,-0.05,7.33,0.01,-41.4,-0.05,-1044.99,-0.01
350,Exit short,2024-11-05 19:50,Short Exit,197.649,128535,25399801.35,-32.94,-0.02,22.8,0.01,-32.94,-0.02,-1077.93,-0.01
350,Entry short,2024-11-05 19:45," | F:50,3,8,1,1,46.98",197.61,128535,25399801.35,-32.94,-0.02,22.8,0.01,-32.94,-0.02,-1077.93,-0.01
351,Exit short,2024-11-06 15:05,Time Stop (Bars),198.321,25667,5096003.181,37.57,0.11,66,0.20,-25.38,-0.08,-1040.36,-0.01
351,Entry short,2024-11-06 12:05," | F:55,3,11,1,1,49.29",198.543,25667,5096003.181,37.57,0.11,66,0.20,-25.38,-0.08,-1040.36,-0.01
352,Exit short,2024-11-06 17:55,Short Exit,198.748,44037,8745439.941,-45,-0.08,30.78,0.05,-45,-0.08,-1085.36,-0.01
352,Entry short,2024-11-06 17:30," | F:50,3,66,1,1,58.74",198.593,44037,8745439.941,-45,-0.08,30.78,0.05,-45,-0.08,-1085.36,-0.01
353,Exit short,2024-11-07 12:00,Short Exit,198.697,42789,8518305.753,105.12,0.19,105.12,0.19,-31.26,-0.06,-980.24,-0.01
353,Entry short,2024-11-07 10:00," | F:65,3,14,1,1,47.72",199.077,42789,8518305.753,105.12,0.19,105.12,0.19,-31.26,-0.06,-980.24,-0.01
354,Exit short,2024-11-07 21:40,Short Exit,198.691,55084,10938140.05,-42.38,-0.06,60.9,0.09,-42.38,-0.06,-1022.62,-0.01
354,Entry short,2024-11-07 21:10," | F:65,3,15,1,0,47.98",198.572,55084,10938140.05,-42.38,-0.06,60.9,0.09,-42.38,-0.06,-1022.62,-0.01
355,Exit short,2024-11-12 03:30,Short Exit,197.975,102549,20296498.08,-36.68,-0.03,37.35,0.03,-36.68,-0.03,-1059.3,-0.01
355,Entry short,2024-11-12 03:05," | F:70,3,87,1,1,67.78",197.92,102549,20296498.08,-36.68,-0.03,37.35,0.03,-36.68,-0.03,-1059.3,-0.01
356,Exit long,2024-11-12 16:45,Long Exit,197.372,45409,8969276.498,-44.29,-0.08,12.11,0.02,-44.29,-0.08,-1103.59,-0.01
356,Entry long,2024-11-12 16:35," | F:75,3,50,1,0,42.9",197.522,45409,8969276.498,-44.29,-0.08,12.11,0.02,-44.29,-0.08,-1103.59,-0.01
357,Exit long,2024-11-13 13:35,Long Exit,197.385,115653,22833603.1,-35.14,-0.02,8.22,0.01,-35.14,-0.02,-1138.73,-0.01
357,Entry long,2024-11-13 13:30," | F:75,3,10,1,1,47.26",197.432,115653,22833603.1,-35.14,-0.02,8.22,0.01,-35.14,-0.02,-1138.73,-0.01
358,Exit long,2024-11-14 08:20,Long Exit,197.78,105407,20853088.44,-36.61,-0.03,103.04,0.08,-36.61,-0.03,-1175.34,-0.01
358,Entry long,2024-11-14 07:25," | F:75,3,17,1,1,47.13",197.834,105407,20853088.44,-36.61,-0.03,103.04,0.08,-36.61,-0.03,-1175.34,-0.01
359,Exit long,2024-11-14 15:15,Long Exit,197.488,91717,18118968.5,-38.34,-0.03,0.59,0.00,-38.34,-0.03,-1213.68,-0.01
359,Entry long,2024-11-14 15:10," | F:55,3,8,1,0,58.54",197.553,91717,18118968.5,-38.34,-0.03,0.59,0.00,-38.34,-0.03,-1213.68,-0.01
360,Exit short,2024-11-15 08:25,Short Exit,198.037,84118,16679758.22,136.14,0.13,136.14,0.13,-17.22,-0.02,-1077.54,-0.01
360,Entry short,2024-11-15 08:05," | F:55,3,24,1,1,54.35",198.29,84118,16679758.22,136.14,0.13,136.14,0.13,-17.22,-0.02,-1077.54,-0.01
361,Exit long,2024-11-15 09:15,Long Exit,197.806,37537,7432100.778,-45.14,-0.09,0.72,0.00,-45.14,-0.09,-1122.68,-0.01
361,Entry long,2024-11-15 09:00," | F:65,3,101,1,0,36.23",197.994,37537,7432100.778,-45.14,-0.09,0.72,0.00,-45.14,-0.09,-1122.68,-0.01
362,Exit short,2024-11-18 09:45,Short Exit,195.171,85916,16789361.06,136.25,0.13,136.25,0.13,-1.11,0.00,-986.43,-0.01
362,Entry short,2024-11-18 09:10," | F:70,3,42,1,0,59.42",195.416,85916,16789361.06,136.25,0.13,136.25,0.13,-1.11,0.00,-986.43,-0.01
363,Exit long,2024-11-18 17:45,Long Exit,195.804,48954,9568940.472,106.47,0.17,106.47,0.17,-21.23,-0.03,-879.96,-0.01
363,Entry long,2024-11-18 16:45," | F:80,3,62,1,0,36.47",195.468,48954,9568940.472,106.47,0.17,106.47,0.17,-21.23,-0.03,-879.96,-0.01
364,Exit long,2024-11-19 15:15,Long Exit,194.492,88400,17199015.6,-38.28,-0.03,2.29,0.00,-38.28,-0.03,-918.24,-0.01
364,Entry long,2024-11-19 15:10," | F:50,3,17,1,0,47.86",194.559,88400,17199015.6,-38.28,-0.03,2.29,0.00,-38.28,-0.03,-918.24,-0.01
365,Exit long,2024-11-19 15:30,Long Exit,194.329,54520,10601414,-42.64,-0.06,63.08,0.09,-42.64,-0.06,-960.88,-0.01
365,Entry long,2024-11-19 15:20," | F:50,3,23,1,0,42.84",194.45,54520,10601414,-42.64,-0.06,63.08,0.09,-42.64,-0.06,-960.88,-0.01
366,Exit short,2024-11-20 01:30,Short Exit,196.17,80506,15786743.56,-39.55,-0.04,6.24,0.01,-39.55,-0.04,-1000.43,-0.01
366,Entry short,2024-11-20 01:25," | F:50,3,22,1,1,56.7",196.094,80506,15786743.56,-39.55,-0.04,6.24,0.01,-39.55,-0.04,-1000.43,-0.01
367,Exit short,2024-11-20 11:45,Short Exit,197.284,87544,17292303.69,137.51,0.12,137.51,0.12,-2.83,0.00,-862.92,-0.01
367,Entry short,2024-11-20 11:20," | F:55,3,13,1,1,58.48",197.527,87544,17292303.69,137.51,0.12,137.51,0.12,-2.83,0.00,-862.92,-0.01
368,Exit long,2024-11-20 14:50,Long Exit,197.262,111240,21948986.88,-35.95,-0.03,48.18,0.03,-35.95,-0.03,-898.88,-0.01
368,Entry long,2024-11-20 14:40," | F:65,3,10,1,1,51.58",197.312,111240,21948986.88,-35.95,-0.03,48.18,0.03,-35.95,-0.03,-898.88,-0.01
369,Exit long,2024-11-20 23:40,Long Exit,196.525,83567,16429105.07,-39.43,-0.04,3.24,0.00,-39.43,-0.04,-938.31,-0.01
369,Entry long,2024-11-20 23:30," | F:50,3,13,1,0,53.22",196.598,83567,16429105.07,-39.43,-0.04,3.24,0.00,-39.43,-0.04,-938.31,-0.01
370,Exit long,2024-11-25 11:50,Long Exit,194.182,87809,17056898.25,-38.55,-0.04,43.65,0.04,-38.55,-0.04,-976.86,-0.01
370,Entry long,2024-11-25 11:40," | F:70,3,10,1,1,50.1",194.25,87809,17056898.25,-38.55,-0.04,43.65,0.04,-38.55,-0.04,-976.86,-0.01
371,Exit short,2024-11-26 08:25,Short Exit,193.094,114777,22157355.52,-34.99,-0.02,34.99,0.02,-34.99,-0.02,-1011.85,-0.01
371,Entry short,2024-11-26 08:15," | F:70,3,16,1,0,56.41",193.047,114777,22157355.52,-34.99,-0.02,34.99,0.02,-34.99,-0.02,-1011.85,-0.01
372,Exit long,2024-11-26 17:30,Long Exit,192.874,49548,9563209.932,-43.38,-0.07,39.21,0.06,-43.38,-0.07,-1055.23,-0.01
372,Entry long,2024-11-26 17:00," | F:55,3,15,1,0,44.45",193.009,49548,9563209.932,-43.38,-0.07,39.21,0.06,-43.38,-0.07,-1055.23,-0.01
373,Exit long,2024-11-29 00:00,Long Exit,192.133,74253,14272540.39,-40.16,-0.04,22.59,0.02,-40.16,-0.04,-1095.39,-0.01
373,Entry long,2024-11-28 23:00," | F:75,3,53,1,1,48.38",192.215,74253,14272540.39,-40.16,-0.04,22.59,0.02,-40.16,-0.04,-1095.39,-0.01
374,Exit long,2024-11-29 15:45,Long Exit,190.276,76556,14572740.82,-39.39,-0.04,2.02,0.00,-39.39,-0.04,-1134.78,-0.01
374,Entry long,2024-11-29 15:40," | F:50,3,29,1,0,39.28",190.354,76556,14572740.82,-39.39,-0.04,2.02,0.00,-39.39,-0.04,-1134.78,-0.01
375,Exit short,2024-12-02 01:55,Short Exit,190.284,85224,16237217.38,136.53,0.13,136.53,0.13,-36.41,-0.03,-998.25,-0.01
375,Entry short,2024-12-02 01:35," | F:70,3,15,1,0,52.92",190.524,85224,16237217.38,136.53,0.13,136.53,0.13,-36.41,-0.03,-998.25,-0.01
376,Exit long,2024-12-03 13:40,Long Exit,189.637,155975,29582998.38,-29.19,-0.01,13.55,0.01,-29.19,-0.01,-1027.44,-0.01
376,Entry long,2024-12-03 13:35," | F:70,3,96,1,0,30.93",189.665,155975,29582998.38,-29.19,-0.01,13.55,0.01,-29.19,-0.01,-1027.44,-0.01
377,Exit long,2024-12-05 02:20,Long Exit,190.883,60654,11584125.5,-41.87,-0.05,16.1,0.02,-41.87,-0.05,-1069.31,-0.01
377,Entry long,2024-12-05 02:10," | F:70,3,54,1,1,38.14",190.987,60654,11584125.5,-41.87,-0.05,16.1,0.02,-41.87,-0.05,-1069.31,-0.01
378,Exit long,2024-12-05 21:00,Long Exit,191.196,63610,12168211.34,-41.38,-0.05,83.6,0.10,-41.38,-0.05,-1110.69,-0.01
378,Entry long,2024-12-05 19:30," | F:70,3,62,1,1,33.56",191.294,63610,12168211.34,-41.38,-0.05,83.6,0.10,-41.38,-0.05,-1110.69,-0.01
379,Exit short,2024-12-06 01:30,Short Exit,191.616,56430,10806514.29,-42.47,-0.06,10.52,0.01,-42.47,-0.06,-1153.16,-0.01
379,Entry short,2024-12-06 01:05," | F:60,3,84,1,1,59.9",191.503,56430,10806514.29,-42.47,-0.06,10.52,0.01,-42.47,-0.06,-1153.16,-0.01
380,Exit long,2024-12-10 04:40,Long Exit,192.612,83982,16181819.72,-38.86,-0.04,2.22,0.00,-38.86,-0.04,-1192.02,-0.01
380,Entry long,2024-12-10 04:35," | F:70,3,53,1,1,33.68",192.682,83982,16181819.72,-38.86,-0.04,2.22,0.00,-38.86,-0.04,-1192.02,-0.01
381,Exit short,2024-12-10 09:30,Short Exit,193.021,63536,12257492.19,-41.58,-0.05,36.96,0.05,-41.58,-0.05,-1233.61,-0.01
381,Entry short,2024-12-10 08:40," | F:50,3,65,1,1,63.06",192.922,63536,12257492.19,-41.58,-0.05,36.96,0.05,-41.58,-0.05,-1233.61,-0.01
382,Exit long,2024-12-11 03:35,Time Stop (Bars),193.886,39974,7752757.43,-15.51,-0.03,32.08,0.06,-36.29,-0.07,-1249.12,-0.01
382,Entry long,2024-12-11 00:00," | F:70,3,68,1,1,40.44",193.945,39974,7752757.43,-15.51,-0.03,32.08,0.06,-36.29,-0.07,-1249.12,-0.01
383,Exit long,2024-12-13 05:55,Long Exit,193.609,87887,17021602.61,-38.56,-0.03,14.96,0.01,-38.56,-0.03,-1287.68,-0.01
383,Entry long,2024-12-13 05:45," | F:75,3,11,1,1,52.85",193.676,87887,17021602.61,-38.56,-0.03,14.96,0.01,-38.56,-0.03,-1287.68,-0.01
384,Exit long,2024-12-13 21:50,Long Exit,193.923,183011,35494068.39,-26.37,-0.01,17.98,0.01,-26.37,-0.01,-1314.05,-0.01
384,Entry long,2024-12-13 21:45," | F:70,3,20,1,1,40.98",193.945,183011,35494068.39,-26.37,-0.01,17.98,0.01,-26.37,-0.01,-1314.05,-0.01
385,Exit short,2024-12-16 09:30,Short Exit,193.951,81756,15877505.74,135.64,0.13,135.64,0.13,-24.47,-0.02,-1178.42,-0.01
385,Entry short,2024-12-16 08:30," | F:55,3,16,1,1,48.83",194.206,81756,15877505.74,135.64,0.13,135.64,0.13,-24.47,-0.02,-1178.42,-0.01
386,Exit long,2024-12-17 06:10,Long Exit,195.503,90552,17682089.04,136.82,0.12,136.82,0.12,-5.29,0.00,-1041.59,-0.01
386,Entry long,2024-12-17 05:40," | F:75,3,153,1,0,36.46",195.27,90552,17682089.04,136.82,0.12,136.82,0.12,-5.29,0.00,-1041.59,-0.01
387,Exit short,2024-12-18 13:05,Short Exit,195.355,91416,17852722.06,-38.11,-0.03,0,0.00,-38.11,-0.03,-1079.7,-0.01
387,Entry short,2024-12-18 13:00," | F:55,3,112,1,1,68.81",195.291,91416,17852722.06,-38.11,-0.03,0,0.00,-38.11,-0.03,-1079.7,-0.01
388,Exit long,2024-12-18 17:35,Long Exit,195.461,65722,12829394.45,108.72,0.13,108.72,0.13,-9.85,-0.01,-970.97,-0.01
388,Entry long,2024-12-18 17:05," | F:75,3,12,1,1,43.76",195.207,65722,12829394.45,108.72,0.13,108.72,0.13,-9.85,-0.01,-970.97,-0.01
389,Exit short,2024-12-19 02:40,Short Exit,194.835,40506,7885059.984,-44.72,-0.09,0,0.00,-44.72,-0.09,-1015.69,-0.01
389,Entry short,2024-12-19 02:30," | F:75,3,56,1,0,57.84",194.664,40506,7885059.984,-44.72,-0.09,0,0.00,-44.72,-0.09,-1015.69,-0.01
390,Exit short,2024-12-19 08:20,Time Stop (Bars),195.432,50435,9863976.43,47.54,0.07,97.36,0.15,-36.47,-0.06,-968.15,-0.01
390,Entry short,2024-12-19 05:20," | F:50,3,170,1,1,75.53",195.578,50435,9863976.43,47.54,0.07,97.36,0.15,-36.47,-0.06,-968.15,-0.01
391,Exit short,2024-12-23 10:00,Short Exit,196.75,97979,19298923.63,137.76,0.11,137.76,0.11,-1.25,0.00,-830.39,-0.01
391,Entry short,2024-12-23 09:15," | F:55,3,18,1,1,57.51",196.97,97979,19298923.63,137.76,0.11,137.76,0.11,-1.25,0.00,-830.39,-0.01
392,Exit short,2024-12-23 11:00,Short Exit,196.868,42539,8367591.456,-44.59,-0.08,29.91,0.06,-44.59,-0.08,-874.98,-0.01
392,Entry short,2024-12-23 10:40," | F:70,3,6,1,0,41.28",196.704,42539,8367591.456,-44.59,-0.08,29.91,0.06,-44.59,-0.08,-874.98,-0.01
393,Exit short,2024-12-24 08:35,Short Exit,196.769,145365,28598383.28,-31.44,-0.02,106.34,0.06,-31.44,-0.02,-906.42,-0.01
393,Entry short,2024-12-24 08:00," | F:65,3,12,1,0,51.91",196.735,145365,28598383.28,-31.44,-0.02,106.34,0.06,-31.44,-0.02,-906.42,-0.01
394,Exit short,2024-12-24 12:55,Short Exit,196.854,100671,19811650.12,-37.14,-0.03,94.13,0.07,-37.14,-0.03,-943.56,-0.01
394,Entry short,2024-12-24 11:35," | F:75,3,12,1,1,54.97",196.796,100671,19811650.12,-37.14,-0.03,94.13,0.07,-37.14,-0.03,-943.56,-0.01
395,Exit long,2024-12-26 11:00,Long Exit,197.08,84631,16685255.54,-39.3,-0.04,73.75,0.07,-39.3,-0.04,-982.86,-0.01
395,Entry long,2024-12-26 09:25," | F:65,3,83,1,0,26.09",197.153,84631,16685255.54,-39.3,-0.04,73.75,0.07,-39.3,-0.04,-982.86,-0.01
396,Exit long,2024-12-26 22:30,Time Stop (Bars),197.808,73143,14466368.83,12.1,0.01,103.75,0.11,-23.26,-0.03,-970.76,-0.01
396,Entry long,2024-12-26 19:30," | F:80,3,17,1,1,54.72",197.782,73143,14466368.83,12.1,0.01,103.75,0.11,-23.26,-0.03,-970.76,-0.01
397,Exit short,2024-12-27 13:25,Short Exit,197.895,75824,14998821.26,-40.3,-0.04,9.59,0.01,-40.3,-0.04,-1011.06,-0.01
397,Entry short,2024-12-27 13:20," | F:45,3,165,1,1,65.34",197.811,75824,14998821.26,-40.3,-0.04,9.59,0.01,-40.3,-0.04,-1011.06,-0.01
398,Exit long,2024-12-30 09:25,Long Exit,198.5,148886,29558784.24,-31.12,-0.02,57.52,0.03,-31.12,-0.02,-1042.17,-0.01
398,Entry long,2024-12-30 09:10," | F:75,3,28,1,1,40.38",198.533,148886,29558784.24,-31.12,-0.02,57.52,0.03,-31.12,-0.02,-1042.17,-0.01
399,Exit long,2024-12-30 10:05,Long Exit,198.654,108099,21452354.65,138.97,0.10,138.97,0.10,-7.53,-0.01,-903.2,-0.01
399,Entry long,2024-12-30 09:45," | F:65,3,64,1,1,37.43",198.451,108099,21452354.65,138.97,0.10,138.97,0.10,-7.53,-0.01,-903.2,-0.01
400,Exit short,2024-12-31 01:30,Short Exit,197.017,90239,17772571.05,-38.52,-0.03,5.75,0.01,-38.52,-0.03,-941.72,-0.01
400,Entry short,2024-12-31 01:15," | F:75,3,36,1,0,63.53",196.95,90239,17772571.05,-38.52,-0.03,5.75,0.01,-38.52,-0.03,-941.72,-0.01
401,Exit long,2024-12-31 03:25,Long Exit,196.548,90078,17710685.97,-38.45,-0.03,60.26,0.05,-38.45,-0.03,-980.17,-0.01
401,Entry long,2024-12-31 03:00," | F:50,3,107,1,0,30.09",196.615,90078,17710685.97,-38.45,-0.03,60.26,0.05,-38.45,-0.03,-980.17,-0.01
402,Exit long,2024-12-31 20:25,Long Exit,196.827,51443,10132213.28,-43.59,-0.07,29.5,0.05,-43.59,-0.07,-1023.76,-0.01
402,Entry long,2024-12-31 19:35," | F:70,3,12,1,1,53.83",196.96,51443,10132213.28,-43.59,-0.07,29.5,0.05,-43.59,-0.07,-1023.76,-0.01
403,Exit long,2025-01-03 01:55,Long Exit,194.818,60124,11719911.2,-42.35,-0.06,37.77,0.05,-42.35,-0.06,-1066.11,-0.01
403,Entry long,2025-01-03 00:00," | F:50,3,34,1,0,35.75",194.929,60124,11719911.2,-42.35,-0.06,37.77,0.05,-42.35,-0.06,-1066.11,-0.01
404,Exit long,2025-01-03 15:25,Time Stop (Bars),195.025,43686,8513920.854,37.7,0.07,100.63,0.19,-16.63,-0.03,-1028.41,-0.01
404,Entry long,2025-01-03 12:25," | F:50,3,31,1,0,44.72",194.889,43686,8513920.854,37.7,0.07,100.63,0.19,-16.63,-0.03,-1028.41,-0.01
405,Exit short,2025-01-03 17:10,Short Exit,195.244,72790,14205405.24,-40.65,-0.05,77.14,0.09,-40.65,-0.05,-1069.06,-0.01
405,Entry short,2025-01-03 16:40," | F:45,3,39,1,1,63.36",195.156,72790,14205405.24,-40.65,-0.05,77.14,0.09,-40.65,-0.05,-1069.06,-0.01
406,Exit short,2025-01-06 12:40,Short Exit,196.911,108107,21281727.81,-36.41,-0.03,9.62,0.01,-36.41,-0.03,-1105.46,-0.01
406,Entry short,2025-01-06 12:30," | F:60,3,15,1,1,60.64",196.858,108107,21281727.81,-36.41,-0.03,9.62,0.01,-36.41,-0.03,-1105.46,-0.01
407,Exit long,2025-01-06 14:25,Long Exit,196.792,34741,6843907.518,-45.47,-0.10,19.43,0.04,-45.47,-0.10,-1150.94,-0.01
407,Entry long,2025-01-06 14:05," | F:75,3,14,1,1,49.61",196.998,34741,6843907.518,-45.47,-0.10,19.43,0.04,-45.47,-0.10,-1150.94,-0.01
408,Exit long,2025-01-06 15:10,Long Exit,196.357,38796,7624927.044,-44.86,-0.09,11.34,0.02,-44.86,-0.09,-1195.8,-0.01
408,Entry long,2025-01-06 14:45," | F:80,3,58,1,1,35.31",196.539,38796,7624927.044,-44.86,-0.09,11.34,0.02,-44.86,-0.09,-1195.8,-0.01
409,Exit long,2025-01-06 15:20,Long Exit,196.172,53245,10451940.26,-42.97,-0.06,7.44,0.01,-42.97,-0.06,-1238.77,-0.01
409,Entry long,2025-01-06 15:15," | F:75,3,70,1,1,29.47",196.299,53245,10451940.26,-42.97,-0.06,7.44,0.01,-42.97,-0.06,-1238.77,-0.01
410,Exit short,2025-01-06 16:50,Short Exit,196.731,32108,6309414.648,-45.9,-0.11,16.53,0.04,-45.9,-0.11,-1284.67,-0.01
410,Entry short,2025-01-06 16:40," | F:45,3,26,1,1,52.35",196.506,32108,6309414.648,-45.9,-0.11,16.53,0.04,-45.9,-0.11,-1284.67,-0.01
411,Exit long,2025-01-06 20:45,Long Exit,197.042,133456,26301641.94,-33.07,-0.02,43.25,0.03,-33.07,-0.02,-1317.74,-0.01
411,Entry long,2025-01-06 20:35," | F:65,3,14,1,1,47.86",197.081,133456,26301641.94,-33.07,-0.02,43.25,0.03,-33.07,-0.02,-1317.74,-0.01
412,Exit short,2025-01-06 22:05,Short Exit,197.192,127052,25048301.8,-33.91,-0.02,81.54,0.05,-33.91,-0.02,-1351.65,-0.01
412,Entry short,2025-01-06 21:15," | F:50,3,13,1,1,54.97",197.15,127052,25048301.8,-33.91,-0.02,81.54,0.05,-33.91,-0.02,-1351.65,-0.01
413,Exit short,2025-01-06 23:00,Short Exit,197.344,133541,26348307.01,-33.09,-0.02,44.97,0.03,-33.09,-0.02,-1384.74,-0.01
413,Entry short,2025-01-06 22:25," | F:60,3,43,1,1,69.22",197.305,133541,26348307.01,-33.09,-0.02,44.97,0.03,-33.09,-0.02,-1384.74,-0.01
414,Exit long,2025-01-07 19:45,Long Exit,196.998,40243,7934873.282,-44.92,-0.09,35.22,0.07,-44.92,-0.09,-1429.66,-0.01
414,Entry long,2025-01-07 18:35," | F:70,3,259,1,0,32.87",197.174,40243,7934873.282,-44.92,-0.09,35.22,0.07,-44.92,-0.09,-1429.66,-0.01
415,Exit long,2025-01-08 07:10,Long Exit,197.438,85072,16802655.79,-39.27,-0.04,5.38,0.01,-39.27,-0.04,-1468.93,-0.01
415,Entry long,2025-01-08 07:00," | F:70,3,6,1,1,61.68",197.511,85072,16802655.79,-39.27,-0.04,5.38,0.01,-39.27,-0.04,-1468.93,-0.01
416,Exit short,2025-01-08 18:20,Short Exit,195.633,43733,8548576.976,-44.53,-0.08,96.52,0.18,-44.53,-0.08,-1513.46,-0.02
416,Entry short,2025-01-08 15:25," | F:75,3,7,1,0,36.42",195.472,43733,8548576.976,-44.53,-0.08,96.52,0.18,-44.53,-0.08,-1513.46,-0.02
417,Exit short,2025-01-08 20:35,Short Exit,195.835,67111,13136105.81,-41.59,-0.05,106.1,0.13,-41.59,-0.05,-1555.05,-0.02
417,Entry short,2025-01-08 19:00," | F:70,3,59,1,0,63.19",195.737,67111,13136105.81,-41.59,-0.05,106.1,0.13,-41.59,-0.05,-1555.05,-0.02
418,Exit long,2025-01-08 22:10,Long Exit,195.732,83388,16327954.12,-39.55,-0.04,6.86,0.01,-39.55,-0.04,-1594.6,-0.02
418,Entry long,2025-01-08 22:00," | F:50,3,21,1,0,51.17",195.807,83388,16327954.12,-39.55,-0.04,6.86,0.01,-39.55,-0.04,-1594.6,-0.02
419,Exit long,2025-01-09 14:05,Long Exit,193.98,140929,27342480.86,-32.03,-0.02,69.4,0.04,-32.03,-0.02,-1626.63,-0.02
419,Entry long,2025-01-09 13:45," | F:45,3,7,1,0,46.45",194.016,140929,27342480.86,-32.03,-0.02,69.4,0.04,-32.03,-0.02,-1626.63,-0.02
420,Exit short,2025-01-10 01:00,Short Exit,194.667,101351,19723816.76,-37.16,-0.03,26.91,0.02,-37.16,-0.03,-1663.79,-0.02
420,Entry short,2025-01-10 00:25," | F:50,3,20,1,1,51.74",194.609,101351,19723816.76,-37.16,-0.03,26.91,0.02,-37.16,-0.03,-1663.79,-0.02
421,Exit long,2025-01-10 22:15,Long Exit,192.687,51599,9949319.18,-43.38,-0.07,28.7,0.05,-43.38,-0.07,-1707.17,-0.02
421,Entry long,2025-01-10 21:15," | F:55,3,16,1,0,53.12",192.82,51599,9949319.18,-43.38,-0.07,28.7,0.05,-43.38,-0.07,-1707.17,-0.02
422,Exit short,2025-01-13 06:30,Short Exit,191.122,83791,16035670.21,135.44,0.13,135.44,0.13,-7.44,-0.01,-1571.72,-0.02
422,Entry short,2025-01-13 06:10," | F:75,3,9,1,0,38.41",191.377,83791,16035670.21,135.44,0.13,135.44,0.13,-7.44,-0.01,-1571.72,-0.02
423,Exit long,2025-01-13 17:45,Long Exit,191.465,57477,10987935.57,107.12,0.15,107.12,0.15,-0.73,0.00,-1464.61,-0.01
423,Entry long,2025-01-13 17:30," | F:50,3,9,1,0,59.88",191.171,57477,10987935.57,107.12,0.15,107.12,0.15,-0.73,0.00,-1464.61,-0.01
424,Exit long,2025-01-14 06:30,Time Stop (Bars),192.405,11310,2177559.54,-9.26,-0.07,16.87,0.12,-31.3,-0.23,-1473.87,-0.01
424,Entry long,2025-01-14 03:30," | F:65,3,46,1,1,61.92",192.534,11310,2177559.54,-9.26,-0.07,16.87,0.12,-31.3,-0.23,-1473.87,-0.01
425,Exit short,2025-01-14 07:05,Short Exit,192.447,121185,23316236.37,-34.61,-0.02,107.68,0.07,-34.61,-0.02,-1508.48,-0.02
425,Entry short,2025-01-14 06:35," | F:50,3,10,1,1,52.97",192.402,121185,23316236.37,-34.61,-0.02,107.68,0.07,-34.61,-0.02,-1508.48,-0.02
426,Exit short,2025-01-14 13:10,Short Exit,192.518,74502,14336568.86,-40.67,-0.04,61.47,0.07,-40.67,-0.04,-1549.15,-0.02
426,Entry short,2025-01-14 12:30," | F:60,3,10,1,1,48.96",192.432,74502,14336568.86,-40.67,-0.04,61.47,0.07,-40.67,-0.04,-1549.15,-0.02
427,Exit short,2025-01-14 19:40,Short Exit,192.707,78278,15078378.03,-40.24,-0.04,16.89,0.02,-40.24,-0.04,-1589.39,-0.02
427,Entry short,2025-01-14 19:30," | F:55,3,13,1,1,57.33",192.626,78278,15078378.03,-40.24,-0.04,16.89,0.02,-40.24,-0.04,-1589.39,-0.02
428,Exit long,2025-01-15 16:15,Long Exit,191.982,39272,7546546.792,-44.48,-0.09,0,0.00,-44.48,-0.09,-1633.87,-0.02
428,Entry long,2025-01-15 16:10," | F:70,3,9,1,1,58.47",192.161,39272,7546546.792,-44.48,-0.09,0,0.00,-44.48,-0.09,-1633.87,-0.02
429,Exit long,2025-01-16 16:35,Long Exit,190.023,82997,15777480.71,-39.24,-0.04,5.3,0.01,-39.24,-0.04,-1673.11,-0.02
429,Entry long,2025-01-16 16:30," | F:60,3,43,1,0,37.69",190.097,82997,15777480.71,-39.24,-0.04,5.3,0.01,-39.24,-0.04,-1673.11,-0.02
430,Exit short,2025-01-17 00:05,Short Exit,189.911,119334,22657469.24,-34.6,-0.02,111.31,0.08,-34.6,-0.02,-1707.72,-0.02
430,Entry short,2025-01-16 23:35," | F:65,3,13,1,0,48.4",189.866,119334,22657469.24,-34.6,-0.02,111.31,0.08,-34.6,-0.02,-1707.72,-0.02
431,Exit short,2025-01-20 04:05,Short Exit,190.172,156020,29665954.84,-29.94,-0.02,105.78,0.06,-29.94,-0.02,-1737.65,-0.02
431,Entry short,2025-01-20 03:45," | F:70,3,13,1,1,52.48",190.142,156020,29665954.84,-29.94,-0.02,105.78,0.06,-29.94,-0.02,-1737.65,-0.02
432,Exit long,2025-01-20 09:30,Long Exit,190.655,97614,18616454.01,-37.46,-0.03,47.45,0.04,-37.46,-0.03,-1775.11,-0.02
432,Entry long,2025-01-20 09:20," | F:65,3,8,1,1,61.34",190.715,97614,18616454.01,-37.46,-0.03,47.45,0.04,-37.46,-0.03,-1775.11,-0.02
433,Exit long,2025-01-20 15:25,Long Exit,190.639,128202,24445557.36,-33.62,-0.02,0,0.00,-33.62,-0.02,-1808.73,-0.02
433,Entry long,2025-01-20 15:20," | F:70,3,8,1,1,47.92",190.68,128202,24445557.36,-33.62,-0.02,0,0.00,-33.62,-0.02,-1808.73,-0.02
434,Exit short,2025-01-21 12:00,Short Exit,191.02,49626,9472759.758,-43.67,-0.07,35.7,0.06,-43.67,-0.07,-1852.4,-0.02
434,Entry short,2025-01-21 11:05," | F:75,3,15,1,0,50.85",190.883,49626,9472759.758,-43.67,-0.07,35.7,0.06,-43.67,-0.07,-1852.4,-0.02
435,Exit short,2025-01-23 19:40,Short Exit,192.816,75740,14597597.42,-40.15,-0.04,62.88,0.07,-40.15,-0.04,-1892.55,-0.02
435,Entry short,2025-01-23 19:10," | F:70,3,68,1,1,59.76",192.733,75740,14597597.42,-40.15,-0.04,62.88,0.07,-40.15,-0.04,-1892.55,-0.02
436,Exit long,2025-01-24 02:50,Long Exit,192.95,68432,13186983.26,108.72,0.13,108.72,0.13,-35.95,-0.04,-1783.83,-0.02
436,Entry long,2025-01-24 00:00," | F:70,3,16,1,1,52.93",192.702,68432,13186983.26,108.72,0.13,108.72,0.13,-35.95,-0.04,-1783.83,-0.02
437,Exit long,2025-01-24 05:30,Long Exit,193.034,12527,2425703.226,-48.47,-0.31,0.56,0.00,-48.47,-0.31,-1832.3,-0.02
437,Entry long,2025-01-24 05:20," | F:70,3,20,1,1,68.27",193.638,12527,2425703.226,-48.47,-0.31,0.56,0.00,-48.47,-0.31,-1832.3,-0.02
438,Exit long,2025-01-24 05:40,Long Exit,192.85,21847,4220556.389,-47.16,-0.17,0.7,0.00,-47.16,-0.17,-1879.46,-0.02
438,Entry long,2025-01-24 05:30," | F:70,3,34,1,1,48.88",193.187,21847,4220556.389,-47.16,-0.17,0.7,0.00,-47.16,-0.17,-1879.46,-0.02
439,Exit long,2025-01-27 16:20,Long Exit,192.568,66996,12907650.35,-40.78,-0.05,20.18,0.02,-40.78,-0.05,-1920.25,-0.02
439,Entry long,2025-01-27 16:10," | F:55,3,24,1,0,43.65",192.663,66996,12907650.35,-40.78,-0.05,20.18,0.02,-40.78,-0.05,-1920.25,-0.02
440,Exit short,2025-01-28 02:20,Short Exit,193.122,87069,16808931.66,-38.88,-0.04,27.04,0.02,-38.88,-0.04,-1959.12,-0.02
440,Entry short,2025-01-28 02:10," | F:65,3,28,1,1,54.49",193.053,87069,16808931.66,-38.88,-0.04,27.04,0.02,-38.88,-0.04,-1959.12,-0.02
441,Exit short,2025-01-28 08:50,Short Exit,193.853,66524,12889424.14,-41.76,-0.05,73.61,0.09,-41.76,-0.05,-2000.88,-0.02
441,Entry short,2025-01-28 07:45," | F:45,3,9,1,1,48.44",193.756,66524,12889424.14,-41.76,-0.05,73.61,0.09,-41.76,-0.05,-2000.88,-0.02
442,Exit short,2025-01-28 16:20,Short Exit,193.396,55899,10803991.02,-43.04,-0.06,7.96,0.01,-43.04,-0.06,-2043.93,-0.02
442,Entry short,2025-01-28 16:10," | F:75,3,37,1,0,58.71",193.277,55899,10803991.02,-43.04,-0.06,7.96,0.01,-43.04,-0.06,-2043.93,-0.02
443,Exit long,2025-01-29 03:05,Long Exit,193.665,100978,19534396.06,138.28,0.11,138.28,0.11,-24.02,-0.02,-1905.65,-0.02
443,Entry long,2025-01-29 01:00," | F:70,3,11,1,1,46.82",193.452,100978,19534396.06,138.28,0.11,138.28,0.11,-24.02,-0.02,-1905.65,-0.02
444,Exit long,2025-01-29 10:20,Long Exit,193.035,65166,12585770.24,-41.48,-0.05,38.54,0.05,-41.48,-0.05,-1947.12,-0.02
444,Entry long,2025-01-29 10:15," | F:50,3,28,1,0,37.1",193.134,65166,12585770.24,-41.48,-0.05,38.54,0.05,-41.48,-0.05,-1947.12,-0.02
445,Exit long,2025-01-29 14:30,Long Exit,192.911,73314,14149382.06,-40.53,-0.04,8.01,0.01,-40.53,-0.04,-1987.66,-0.02
445,Entry long,2025-01-29 14:10," | F:45,3,13,1,0,49.51",192.997,73314,14149382.06,-40.53,-0.04,8.01,0.01,-40.53,-0.04,-1987.66,-0.02
446,Exit long,2025-01-29 16:40,Long Exit,192.702,57142,11018006.16,-42.61,-0.06,14.33,0.02,-42.61,-0.06,-2030.27,-0.02
446,Entry long,2025-01-29 16:35," | F:60,3,8,1,0,50.4",192.818,57142,11018006.16,-42.61,-0.06,14.33,0.02,-42.61,-0.06,-2030.27,-0.02
447,Exit short,2025-01-29 21:35,Short Exit,193.28,39230,7575391.46,-44.89,-0.09,25.73,0.05,-44.89,-0.09,-2075.17,-0.02
447,Entry short,2025-01-29 21:00," | F:70,3,132,1,1,60.69",193.102,39230,7575391.46,-44.89,-0.09,25.73,0.05,-44.89,-0.09,-2075.17,-0.02
448,Exit long,2025-01-30 02:50,Long Exit,192.826,69761,13458082.84,-40.88,-0.05,25.6,0.03,-40.88,-0.05,-2116.04,-0.02
448,Entry long,2025-01-30 02:45," | F:55,3,100,1,0,38.4",192.917,69761,13458082.84,-40.88,-0.05,25.6,0.03,-40.88,-0.05,-2116.04,-0.02
449,Exit short,2025-01-31 07:15,Short Exit,191.995,93061,17861383.85,-38,-0.03,0.6,0.00,-38,-0.03,-2154.04,-0.02
449,Entry short,2025-01-31 07:10," | F:65,3,104,1,1,72.65",191.932,93061,17861383.85,-38,-0.03,0.6,0.00,-38,-0.03,-2154.04,-0.02
450,Exit long,2025-02-03 10:20,Long Exit,191.491,43956,8400738.852,105.92,0.20,105.92,0.20,-24.07,-0.04,-2048.12,-0.02
450,Entry long,2025-02-03 09:35," | F:45,3,8,1,0,56.92",191.117,43956,8400738.852,105.92,0.20,105.92,0.20,-24.07,-0.04,-2048.12,-0.02
451,Exit short,2025-02-03 15:40,Short Exit,191.285,48001,9175103.144,-43.61,-0.07,53.5,0.09,-43.61,-0.07,-2091.73,-0.02
451,Entry short,2025-02-03 15:15," | F:75,3,52,1,1,73.88",191.144,48001,9175103.144,-43.61,-0.07,53.5,0.09,-43.61,-0.07,-2091.73,-0.02
452,Exit short,2025-02-04 10:20,Short Exit,193.107,58866,11360843.67,-42.58,-0.06,13.31,0.02,-42.58,-0.06,-2134.31,-0.02
452,Entry short,2025-02-04 10:15," | F:50,3,107,1,1,64.3",192.995,58866,11360843.67,-42.58,-0.06,13.31,0.02,-42.58,-0.06,-2134.31,-0.02
453,Exit long,2025-02-04 10:45,Long Exit,192.598,46476,8958016.62,-44.13,-0.08,24.32,0.04,-44.13,-0.08,-2178.44,-0.02
453,Entry long,2025-02-04 10:35," | F:80,3,19,1,1,48.33",192.745,46476,8958016.62,-44.13,-0.08,24.32,0.04,-44.13,-0.08,-2178.44,-0.02
454,Exit short,2025-02-04 23:00,Short Exit,192.686,70125,13505794.5,-40.76,-0.05,57.52,0.07,-40.76,-0.05,-2219.2,-0.02
454,Entry short,2025-02-04 20:35," | F:70,3,15,1,0,42.98",192.596,70125,13505794.5,-40.76,-0.05,57.52,0.07,-40.76,-0.05,-2219.2,-0.02
455,Exit long,2025-02-11 16:25,Long Exit,189.091,68586,12952397.51,109.16,0.13,109.16,0.13,-0.45,0.00,-2110.04,-0.02
455,Entry long,2025-02-11 16:00," | F:75,3,7,1,1,67.48",188.849,68586,12952397.51,109.16,0.13,109.16,0.13,-0.45,0.00,-2110.04,-0.02
456,Exit long,2025-02-12 14:55,Long Exit,191.201,66770,12772833.92,-41.59,-0.05,21.45,0.03,-41.59,-0.05,-2151.63,-0.02
456,Entry long,2025-02-12 14:40," | F:75,3,12,1,1,54.98",191.296,66770,12772833.92,-41.59,-0.05,21.45,0.03,-41.59,-0.05,-2151.63,-0.02
457,Exit long,2025-02-13 10:15,Long Exit,192.689,58453,11269796.85,-42.39,-0.06,0,0.00,-42.39,-0.06,-2194.02,-0.02
457,Entry long,2025-02-13 10:10," | F:70,3,9,1,1,53.06",192.801,58453,11269796.85,-42.39,-0.06,0,0.00,-42.39,-0.06,-2194.02,-0.02
458,Exit long,2025-02-13 10:30,Long Exit,192.407,64223,12363377.06,-41.58,-0.05,7.9,0.01,-41.58,-0.05,-2235.6,-0.02
458,Entry long,2025-02-13 10:25," | F:70,3,18,1,1,40.15",192.507,64223,12363377.06,-41.58,-0.05,7.9,0.01,-41.58,-0.05,-2235.6,-0.02
459,Exit short,2025-02-13 17:35,Short Exit,191.798,50841,9767572.92,106,0.17,106,0.17,-2.96,0.00,-2129.6,-0.02
459,Entry short,2025-02-13 17:15," | F:70,3,49,1,1,67.42",192.12,50841,9767572.92,106,0.17,106,0.17,-2.96,0.00,-2129.6,-0.02
460,Exit short,2025-02-17 10:10,Short Exit,191.337,61248,11712638.78,-41.82,-0.05,8.44,0.01,-41.82,-0.05,-2171.42,-0.02
460,Entry short,2025-02-17 10:00," | F:70,3,73,1,0,61.72",191.233,61248,11712638.78,-41.82,-0.05,8.44,0.01,-41.82,-0.05,-2171.42,-0.02
461,Exit long,2025-02-19 08:20,Long Exit,191.464,74378,14246808.39,-40.09,-0.04,22.98,0.02,-40.09,-0.04,-2211.51,-0.02
461,Entry long,2025-02-19 08:05," | F:45,3,13,1,0,49.03",191.546,74378,14246808.39,-40.09,-0.04,22.98,0.02,-40.09,-0.04,-2211.51,-0.02
462,Exit long,2025-02-19 10:30,Long Exit,191.682,51929,9937652.73,106.51,0.16,106.51,0.16,-37.89,-0.06,-2105,-0.02
462,Entry long,2025-02-19 09:00," | F:75,3,183,1,0,39.92",191.37,51929,9937652.73,106.51,0.16,106.51,0.16,-37.89,-0.06,-2105,-0.02
463,Exit long,2025-02-19 20:55,Long Exit,190.673,126376,24101546.09,-33.23,-0.02,34.89,0.02,-33.23,-0.02,-2138.23,-0.02
463,Entry long,2025-02-19 20:45," | F:50,3,15,1,0,48.27",190.713,126376,24101546.09,-33.23,-0.02,34.89,0.02,-33.23,-0.02,-2138.23,-0.02
464,Exit long,2025-02-21 11:15,Long Exit,190.282,96421,18352773.14,-37.36,-0.03,17.39,0.01,-37.36,-0.03,-2175.6,-0.02
464,Entry long,2025-02-21 11:10," | F:70,3,55,1,1,41.13",190.34,96421,18352773.14,-37.36,-0.03,17.39,0.01,-37.36,-0.03,-2175.6,-0.02
465,Exit short,2025-02-24 11:45,Short Exit,188.818,50486,9548619.124,106.79,0.17,106.79,0.17,-17.57,-0.03,-2068.8,-0.02
465,Entry short,2025-02-24 11:15," | F:75,3,23,1,1,57.69",189.134,50486,9548619.124,106.79,0.17,106.79,0.17,-17.57,-0.03,-2068.8,-0.02
466,Exit short,2025-02-24 20:30,Short Exit,188.953,76356,14447929.61,135.45,0.14,135.45,0.14,-10.73,-0.01,-1933.35,-0.02
466,Entry short,2025-02-24 19:45," | F:75,3,43,1,1,61.47",189.218,76356,14447929.61,135.45,0.14,135.45,0.14,-10.73,-0.01,-1933.35,-0.02
467,Exit long,2025-02-25 16:05,Long Exit,189.266,72576,13742193.02,-40.23,-0.04,1.94,0.00,-40.23,-0.04,-1973.59,-0.02
467,Entry long,2025-02-25 16:00," | F:70,3,15,1,1,46.69",189.349,72576,13742193.02,-40.23,-0.04,1.94,0.00,-40.23,-0.04,-1973.59,-0.02
468,Exit long,2025-02-25 17:30,Long Exit,188.352,39559,7457662.68,-44.39,-0.09,13.21,0.03,-44.39,-0.09,-2017.98,-0.02
468,Entry long,2025-02-25 17:20," | F:55,3,89,1,0,27.65",188.52,39559,7457662.68,-44.39,-0.09,13.21,0.03,-44.39,-0.09,-2017.98,-0.02
469,Exit short,2025-02-26 02:10,Short Exit,188.525,45172,8531861.5,106.05,0.19,106.05,0.19,-24.85,-0.04,-1911.92,-0.02
469,Entry short,2025-02-26 01:05," | F:75,3,53,1,0,57.49",188.875,45172,8531861.5,106.05,0.19,106.05,0.19,-24.85,-0.04,-1911.92,-0.02
470,Exit short,2025-02-26 22:30,Time Stop (Bars),188.749,21234,4018131.054,68.65,0.25,87.74,0.33,-14.39,-0.05,-1843.27,-0.02
470,Entry short,2025-02-26 19:30," | F:60,3,10,1,1,39.4",189.231,21234,4018131.054,68.65,0.25,87.74,0.33,-14.39,-0.05,-1843.27,-0.02
471,Exit short,2025-02-27 02:50,Short Exit,188.938,54371,10266386.59,-42.66,-0.06,94.8,0.14,-42.66,-0.06,-1885.93,-0.02
471,Entry short,2025-02-27 02:05," | F:75,3,25,1,0,49.74",188.821,54371,10266386.59,-42.66,-0.06,94.8,0.14,-42.66,-0.06,-1885.93,-0.02
472,Exit long,2025-02-27 06:45,Long Exit,188.704,105047,19828146.48,-35.93,-0.03,47.9,0.04,-35.93,-0.03,-1921.85,-0.02
472,Entry long,2025-02-27 06:35," | F:50,3,49,1,0,33.94",188.755,105047,19828146.48,-35.93,-0.03,47.9,0.04,-35.93,-0.03,-1921.85,-0.02
473,Exit long,2025-02-27 10:10,Long Exit,188.943,51099,9661236.831,-43.18,-0.07,8.57,0.01,-43.18,-0.07,-1965.03,-0.02
473,Entry long,2025-02-27 10:00," | F:80,3,11,1,1,57.6",189.069,51099,9661236.831,-43.18,-0.07,8.57,0.01,-43.18,-0.07,-1965.03,-0.02
474,Exit short,2025-02-27 15:50,Short Exit,189.051,31157,5905840.507,104.47,0.26,104.47,0.26,-39.91,-0.10,-1860.56,-0.02
474,Entry short,2025-02-27 15:30," | F:45,3,10,1,1,40.96",189.551,31157,5905840.507,104.47,0.26,104.47,0.26,-39.91,-0.10,-1860.56,-0.02
475,Exit long,2025-02-28 00:55,Long Exit,188.688,81393,15363742.68,-39.12,-0.04,16.84,0.02,-39.12,-0.04,-1899.68,-0.02
475,Entry long,2025-02-28 00:45," | F:50,3,7,1,0,48.93",188.76,81393,15363742.68,-39.12,-0.04,16.84,0.02,-39.12,-0.04,-1899.68,-0.02
476,Exit short,2025-02-28 07:05,Short Exit,188.416,68651,12928836.88,-40.78,-0.05,60.49,0.07,-40.78,-0.05,-1940.46,-0.02
476,Entry short,2025-02-28 06:40," | F:65,3,40,1,0,55.97",188.327,68651,12928836.88,-40.78,-0.05,60.49,0.07,-40.78,-0.05,-1940.46,-0.02
477,Exit short,2025-02-28 22:50,Short Exit,189.382,32704,6186681.088,-45.84,-0.11,80.55,0.20,-45.84,-0.11,-1986.3,-0.02
477,Entry short,2025-02-28 20:40," | F:70,3,10,1,0,42.21",189.172,32704,6186681.088,-45.84,-0.11,80.55,0.20,-45.84,-0.11,-1986.3,-0.02
478,Exit short,2025-03-03 08:50,Short Exit,189.614,67144,12725265.17,-41,-0.05,28.97,0.03,-41,-0.05,-2027.31,-0.02
478,Entry short,2025-03-03 08:30," | F:65,3,6,1,0,46.69",189.522,67144,12725265.17,-41,-0.05,28.97,0.03,-41,-0.05,-2027.31,-0.02
479,Exit short,2025-03-03 12:25,Short Exit,190.297,65996,12552637.19,-41.18,-0.05,9.2,0.01,-41.18,-0.05,-2068.49,-0.02
479,Entry short,2025-03-03 12:20," | F:50,3,130,1,1,77.71",190.203,65996,12552637.19,-41.18,-0.05,9.2,0.01,-41.18,-0.05,-2068.49,-0.02
480,Exit long,2025-03-04 03:10,Long Exit,189.079,34202,6473651.954,-45.28,-0.10,62.2,0.14,-45.28,-0.10,-2113.76,-0.02
480,Entry long,2025-03-04 02:45," | F:55,3,188,1,0,37.47",189.277,34202,6473651.954,-45.28,-0.10,62.2,0.14,-45.28,-0.10,-2113.76,-0.02
481,Exit long,2025-03-06 09:10,Long Exit,191.707,53430,10249263.18,-42.7,-0.06,14.71,0.02,-42.7,-0.06,-2156.46,-0.02
481,Entry long,2025-03-06 09:05," | F:70,3,149,1,0,28.35",191.826,53430,10249263.18,-42.7,-0.06,14.71,0.02,-42.7,-0.06,-2156.46,-0.02
482,Exit long,2025-03-06 19:15,Long Exit,190.464,54763,10436677.78,-42.29,-0.06,23.53,0.03,-42.29,-0.06,-2198.75,-0.02
482,Entry long,2025-03-06 19:05," | F:50,3,26,1,0,38.41",190.579,54763,10436677.78,-42.29,-0.06,23.53,0.03,-42.29,-0.06,-2198.75,-0.02
483,Exit long,2025-03-07 04:50,Long Exit,190.226,26029,4958264.21,-46.42,-0.14,51.87,0.15,-46.42,-0.14,-2245.17,-0.02
483,Entry long,2025-03-07 02:30," | F:50,3,60,1,0,46.37",190.49,26029,4958264.21,-46.42,-0.14,51.87,0.15,-46.42,-0.14,-2245.17,-0.02
484,Exit short,2025-03-07 13:30,Short Exit,190.767,79361,15133666.53,-39.13,-0.04,13.94,0.01,-39.13,-0.04,-2284.3,-0.02
484,Entry short,2025-03-07 13:25," | F:55,3,17,1,1,53.86",190.694,79361,15133666.53,-39.13,-0.04,13.94,0.01,-39.13,-0.04,-2284.3,-0.02
485,Exit long,2025-03-10 13:55,Long Exit,190.17,72032,13678516.64,133.77,0.14,133.77,0.14,-0.49,0.00,-2150.53,-0.02
485,Entry long,2025-03-10 13:40," | F:55,3,8,1,0,47.77",189.895,72032,13678516.64,133.77,0.14,133.77,0.14,-0.49,0.00,-2150.53,-0.02
486,Exit long,2025-03-10 16:20,Long Exit,189.56,31264,5933125.6,-45.39,-0.11,20.48,0.05,-45.39,-0.11,-2195.92,-0.02
486,Entry long,2025-03-10 16:10," | F:50,3,60,1,0,42.78",189.775,31264,5933125.6,-45.39,-0.11,20.48,0.05,-45.39,-0.11,-2195.92,-0.02
487,Exit short,2025-03-10 21:30,Short Exit,189.759,35920,6809498.08,-44.88,-0.10,94.84,0.21,-44.88,-0.10,-2240.8,-0.02
487,Entry short,2025-03-10 20:10," | F:75,3,10,1,0,44.07",189.574,35920,6809498.08,-44.88,-0.10,94.84,0.21,-44.88,-0.10,-2240.8,-0.02
488,Exit long,2025-03-11 09:45,Long Exit,189.565,53213,10093601.48,-42.65,-0.06,0,0.00,-42.65,-0.06,-2283.45,-0.02
488,Entry long,2025-03-11 09:40," | F:65,3,20,1,1,43.92",189.683,53213,10093601.48,-42.65,-0.06,0,0.00,-42.65,-0.06,-2283.45,-0.02
489,Exit long,2025-03-13 10:15,Long Exit,191.27,48599,9301945.798,-43.26,-0.07,21.3,0.03,-43.26,-0.07,-2326.71,-0.02
489,Entry long,2025-03-13 10:05," | F:50,3,17,1,0,47.69",191.402,48599,9301945.798,-43.26,-0.07,21.3,0.03,-43.26,-0.07,-2326.71,-0.02
490,Exit long,2025-03-14 02:50,Long Exit,192.029,27677,5299453.575,103.73,0.29,103.73,0.29,0,0.00,-2222.98,-0.02
490,Entry long,2025-03-14 00:00," | F:45,3,23,1,1,62.16",191.475,27677,5299453.575,103.73,0.29,103.73,0.29,0,0.00,-2222.98,-0.02
491,Exit long,2025-03-14 16:35,Long Exit,191.951,27612,5307026.4,-46.51,-0.13,16.44,0.05,-46.51,-0.13,-2269.49,-0.02
491,Entry long,2025-03-14 16:20," | F:70,3,127,1,1,43.77",192.2,27612,5307026.4,-46.51,-0.13,16.44,0.05,-46.51,-0.13,-2269.49,-0.02
492,Exit short,2025-03-17 09:20,Short Exit,192.499,103428,19930472.17,139.36,0.10,139.36,0.10,-7.66,-0.01,-2130.14,-0.02
492,Entry short,2025-03-17 09:05," | F:50,3,11,1,1,56.46",192.699,103428,19930472.17,139.36,0.10,139.36,0.10,-7.66,-0.01,-2130.14,-0.02
493,Exit short,2025-03-17 19:05,Short Exit,193.239,66386,12822256.74,-41.15,-0.05,6.26,0.01,-41.15,-0.05,-2171.28,-0.02
493,Entry short,2025-03-17 19:00," | F:55,3,38,1,1,61.53",193.147,66386,12822256.74,-41.15,-0.05,6.26,0.01,-41.15,-0.05,-2171.28,-0.02
494,Exit short,2025-03-18 07:45,Short Exit,194.181,116876,22689956.01,-34.47,-0.02,26.63,0.02,-34.47,-0.02,-2205.75,-0.02
494,Entry short,2025-03-18 07:35," | F:55,3,14,1,1,52.23",194.137,116876,22689956.01,-34.47,-0.02,26.63,0.02,-34.47,-0.02,-2205.75,-0.02
495,Exit long,2025-03-18 11:55,Long Exit,194.801,60387,11747264.27,108.46,0.14,108.46,0.14,-2.83,0.00,-2097.28,-0.02
495,Entry long,2025-03-18 11:15," | F:80,3,22,1,1,47.88",194.533,60387,11747264.27,108.46,0.14,108.46,0.14,-2.83,0.00,-2097.28,-0.02
496,Exit short,2025-03-18 15:20,Short Exit,194.362,105546,20508748.81,-36.08,-0.03,106.11,0.08,-36.08,-0.03,-2133.36,-0.02
496,Entry short,2025-03-18 14:45," | F:45,3,15,1,1,51.28",194.311,105546,20508748.81,-36.08,-0.03,106.11,0.08,-36.08,-0.03,-2133.36,-0.02
497,Exit long,2025-03-18 16:00,Long Exit,193.873,34336,6663621.856,-45.56,-0.10,7.59,0.02,-45.56,-0.10,-2178.92,-0.02
497,Entry long,2025-03-18 15:45," | F:70,3,161,1,0,42.24",194.071,34336,6663621.856,-45.56,-0.10,7.59,0.02,-45.56,-0.10,-2178.92,-0.02
498,Exit short,2025-03-18 18:25,Short Exit,194.352,50530,9814138.72,-43.35,-0.07,9.82,0.01,-43.35,-0.07,-2222.27,-0.02
498,Entry short,2025-03-18 18:15," | F:80,3,35,1,1,55.15",194.224,50530,9814138.72,-43.35,-0.07,9.82,0.01,-43.35,-0.07,-2222.27,-0.02
499,Exit long,2025-03-19 02:00,Time Stop (Bars),194.239,60173,11676630.82,75.74,0.10,102.73,0.13,-41.13,-0.05,-2146.53,-0.02
499,Entry long,2025-03-18 23:00," | F:50,3,28,1,0,41.19",194.051,60173,11676630.82,75.74,0.10,102.73,0.13,-41.13,-0.05,-2146.53,-0.02
500,Exit long,2025-03-19 02:35,Long Exit,194.345,116652,22646002.72,165.57,0.11,165.57,0.11,-17.18,-0.01,-1980.96,-0.02
500,Entry long,2025-03-19 02:20," | F:70,3,24,1,1,45.76",194.133,116652,22646002.72,165.57,0.11,165.57,0.11,-17.18,-0.01,-1980.96,-0.02
501,Exit short,2025-03-20 15:50,Short Exit,192.629,56772,10929631.9,-42.33,-0.06,5.72,0.01,-42.33,-0.06,-2023.29,-0.02
501,Entry short,2025-03-20 15:45," | F:70,3,20,1,0,53.62",192.518,56772,10929631.9,-42.33,-0.06,5.72,0.01,-42.33,-0.06,-2023.29,-0.02
502,Exit long,2025-03-21 09:55,Long Exit,193.058,81169,15676168.97,-39.26,-0.04,8.72,0.01,-39.26,-0.04,-2062.55,-0.02
502,Entry long,2025-03-21 09:40," | F:70,3,50,1,1,37.11",193.13,81169,15676168.97,-39.26,-0.04,8.72,0.01,-39.26,-0.04,-2062.55,-0.02
503,Exit long,2025-03-26 00:55,Long Exit,194.063,131542,25532302.2,-32.45,-0.02,28.95,0.02,-32.45,-0.02,-2095.01,-0.02
503,Entry long,2025-03-26 00:35," | F:45,3,8,1,0,57.11",194.1,131542,25532302.2,-32.45,-0.02,28.95,0.02,-32.45,-0.02,-2095.01,-0.02
504,Exit long,2025-03-26 05:00,Long Exit,194.558,37312,7243602.432,104.99,0.22,104.99,0.22,-32.09,-0.07,-1990.02,-0.02
504,Entry long,2025-03-26 02:05," | F:55,3,64,1,0,55.87",194.136,37312,7243602.432,104.99,0.22,104.99,0.22,-32.09,-0.07,-1990.02,-0.02
505,Exit long,2025-03-26 14:50,Long Exit,193.949,61074,11828995.54,108.33,0.14,108.33,0.14,-40.32,-0.05,-1881.69,-0.02
505,Entry long,2025-03-26 14:00," | F:55,3,32,1,0,40.34",193.683,61074,11828995.54,108.33,0.14,108.33,0.14,-40.32,-0.05,-1881.69,-0.02
506,Exit short,2025-03-26 18:50,Short Exit,194.249,76031,14762939.27,-40.05,-0.04,20.28,0.02,-40.05,-0.04,-1921.74,-0.02
506,Entry short,2025-03-26 18:40," | F:50,3,12,1,1,54.08",194.17,76031,14762939.27,-40.05,-0.04,20.28,0.02,-40.05,-0.04,-1921.74,-0.02
507,Exit short,2025-03-27 02:25,Short Exit,193.993,103114,19997929.16,-36.28,-0.03,5.48,0.00,-36.28,-0.03,-1958.02,-0.02
507,Entry short,2025-03-27 02:20," | F:65,3,38,1,0,65.66",193.94,103114,19997929.16,-36.28,-0.03,5.48,0.00,-36.28,-0.03,-1958.02,-0.02
508,Exit short,2025-03-27 10:15,Short Exit,194.442,59748,11611187.33,-42.04,-0.05,55.53,0.07,-42.04,-0.05,-2000.06,-0.02
508,Entry short,2025-03-27 10:00," | F:50,3,15,1,1,57.54",194.336,59748,11611187.33,-42.04,-0.05,55.53,0.07,-42.04,-0.05,-2000.06,-0.02
509,Exit long,2025-03-27 21:45,Long Exit,195.642,98117,19201398.78,-37.12,-0.03,63.83,0.05,-37.12,-0.03,-2037.18,-0.02
509,Entry long,2025-03-27 21:05," | F:75,3,14,1,1,48.4",195.699,98117,19201398.78,-37.12,-0.03,63.83,0.05,-37.12,-0.03,-2037.18,-0.02
510,Exit long,2025-03-28 04:05,Long Exit,195.33,57166,11172637.37,-42.37,-0.06,6.43,0.01,-42.37,-0.06,-2079.55,-0.02
510,Entry long,2025-03-28 04:00," | F:70,3,12,1,1,44.62",195.442,57166,11172637.37,-42.37,-0.06,6.43,0.01,-42.37,-0.06,-2079.55,-0.02
511,Exit long,2025-03-28 10:45,Long Exit,194.868,53791,10488599.51,-42.72,-0.06,60.16,0.09,-42.72,-0.06,-2122.27,-0.02
511,Entry long,2025-03-28 10:00," | F:80,3,209,1,0,40.87",194.988,53791,10488599.51,-42.72,-0.06,60.16,0.09,-42.72,-0.06,-2122.27,-0.02
512,Exit long,2025-03-31 18:25,Long Exit,193.563,34628,6687047.708,104.41,0.23,104.41,0.23,-13.86,-0.03,-2017.86,-0.02
512,Entry long,2025-03-31 18:00," | F:55,3,58,1,0,37.71",193.111,34628,6687047.708,104.41,0.23,104.41,0.23,-13.86,-0.03,-2017.86,-0.02
513,Exit long,2025-04-02 11:30,Long Exit,193.094,75602,14604265.15,-39.89,-0.04,80.29,0.08,-39.89,-0.04,-2057.75,-0.02
513,Entry long,2025-04-02 10:15," | F:70,3,142,1,0,27.79",193.173,75602,14604265.15,-39.89,-0.04,80.29,0.08,-39.89,-0.04,-2057.75,-0.02
514,Exit long,2025-04-03 10:15,Long Exit,193.123,39923,7694559.405,104.05,0.20,104.05,0.20,-2.68,-0.01,-1953.7,-0.02
514,Entry long,2025-04-03 10:00," | F:55,3,11,1,0,51.33",192.735,39923,7694559.405,104.05,0.20,104.05,0.20,-2.68,-0.01,-1953.7,-0.02
515,Exit short,2025-04-04 08:50,Short Exit,191.003,58319,11132980.46,-41.93,-0.06,19.57,0.03,-41.93,-0.06,-1995.63,-0.02
515,Entry short,2025-04-04 08:45," | F:70,3,20,1,0,53.76",190.898,58319,11132980.46,-41.93,-0.06,19.57,0.03,-41.93,-0.06,-1995.63,-0.02
516,Exit long,2025-04-04 09:35,Long Exit,190.78,43955,8392152.33,-43.94,-0.08,56.88,0.10,-43.94,-0.08,-2039.57,-0.02
516,Entry long,2025-04-04 09:20," | F:50,3,9,1,0,52.21",190.926,43955,8392152.33,-43.94,-0.08,56.88,0.10,-43.94,-0.08,-2039.57,-0.02
517,Exit long,2025-04-07 09:25,Long Exit,187.983,37350,7027701.3,-44.41,-0.09,9.64,0.02,-44.41,-0.09,-2083.98,-0.02
517,Entry long,2025-04-07 09:20," | F:55,3,68,1,0,43.19",188.158,37350,7027701.3,-44.41,-0.09,9.64,0.02,-44.41,-0.09,-2083.98,-0.02
518,Exit long,2025-04-07 22:05,Long Exit,188.317,40609,7653943.711,-44.7,-0.09,19.87,0.04,-44.7,-0.09,-2128.69,-0.02
518,Entry long,2025-04-07 22:00," | F:75,3,25,1,1,43.26",188.479,40609,7653943.711,-44.7,-0.09,19.87,0.04,-44.7,-0.09,-2128.69,-0.02
519,Exit short,2025-04-08 01:00,Short Exit,188.227,19985,3754721.845,-47.31,-0.19,2.72,0.01,-47.31,-0.19,-2175.99,-0.02
519,Entry short,2025-04-08 00:00," | F:75,3,6,1,0,36.08",187.877,19985,3754721.845,-47.31,-0.19,2.72,0.01,-47.31,-0.19,-2175.99,-0.02
520,Exit long,2025-04-08 09:30,Long Exit,188.484,71679,13516293.99,-40.24,-0.04,88.23,0.10,-40.24,-0.04,-2216.23,-0.02
520,Entry long,2025-04-08 08:45," | F:75,3,25,1,1,46.9",188.567,71679,13516293.99,-40.24,-0.04,88.23,0.10,-40.24,-0.04,-2216.23,-0.02
521,Exit long,2025-04-08 10:10,Long Exit,187.921,61807,11620952.14,-41.38,-0.05,33.02,0.04,-41.38,-0.05,-2257.61,-0.02
521,Entry long,2025-04-08 10:05," | F:75,3,111,1,0,31.17",188.02,61807,11620952.14,-41.38,-0.05,33.02,0.04,-41.38,-0.05,-2257.61,-0.02
522,Exit short,2025-04-09 03:15,Short Exit,185.872,30758,5732245.428,103.81,0.27,103.81,0.27,-21.64,-0.06,-2153.8,-0.02
522,Entry short,2025-04-09 03:00," | F:70,3,14,1,0,45.66",186.366,30758,5732245.428,103.81,0.27,103.81,0.27,-21.64,-0.06,-2153.8,-0.02
523,Exit short,2025-04-09 12:10,Short Exit,186.498,25188,4690736.052,-46.29,-0.14,37,0.12,-46.29,-0.14,-2200.09,-0.02
523,Entry short,2025-04-09 11:00," | F:70,3,18,1,0,51.5",186.229,25188,4690736.052,-46.29,-0.14,37,0.12,-46.29,-0.14,-2200.09,-0.02
524,Exit long,2025-04-09 20:35,Long Exit,187.652,6927,1285194.018,100.23,1.14,100.23,1.14,-9.75,-0.11,-2099.86,-0.02
524,Entry long,2025-04-09 20:15," | F:60,3,29,1,0,59.35",185.534,6927,1285194.018,100.23,1.14,100.23,1.14,-9.75,-0.11,-2099.86,-0.02
525,Exit short,2025-04-10 21:10,Short Exit,187.532,56547,10619978.98,105.86,0.15,105.86,0.15,-29.15,-0.04,-1993.99,-0.02
525,Entry short,2025-04-10 21:00," | F:70,3,61,1,1,68.32",187.808,56547,10619978.98,105.86,0.15,105.86,0.15,-29.15,-0.04,-1993.99,-0.02
526,Exit short,2025-04-11 19:10,Short Exit,187.624,17664,3307372.032,-47.16,-0.21,25.17,0.11,-47.16,-0.21,-2041.16,-0.02
526,Entry short,2025-04-11 18:00," | F:70,3,222,1,1,52.12",187.238,17664,3307372.032,-47.16,-0.21,25.17,0.11,-47.16,-0.21,-2041.16,-0.02
527,Exit long,2025-04-14 18:55,Long Exit,188.376,32663,6159425.225,-45.27,-0.11,28.21,0.07,-45.27,-0.11,-2086.43,-0.02
527,Entry long,2025-04-14 18:30," | F:70,3,69,1,1,36.1",188.575,32663,6159425.225,-45.27,-0.11,28.21,0.07,-45.27,-0.11,-2086.43,-0.02
528,Exit long,2025-04-14 19:05,Long Exit,188.224,47329,8914653.795,-43.18,-0.07,18.79,0.03,-43.18,-0.07,-2129.61,-0.02
528,Entry long,2025-04-14 19:00," | F:80,3,81,1,1,33.15",188.355,47329,8914653.795,-43.18,-0.07,18.79,0.03,-43.18,-0.07,-2129.61,-0.02
529,Exit short,2025-04-15 16:55,Short Exit,189.249,54562,10319747.56,-42.32,-0.06,8.77,0.01,-42.32,-0.06,-2171.93,-0.02
529,Entry short,2025-04-15 16:45," | F:45,3,25,1,1,58.01",189.138,54562,10319747.56,-42.32,-0.06,8.77,0.01,-42.32,-0.06,-2171.93,-0.02
530,Exit short,2025-04-15 20:40,Short Exit,189.309,91767,17366996.52,-37.19,-0.03,42.32,0.03,-37.19,-0.03,-2209.12,-0.02
530,Entry short,2025-04-15 20:10," | F:60,3,11,1,1,54.76",189.251,91767,17366996.52,-37.19,-0.03,42.32,0.03,-37.19,-0.03,-2209.12,-0.02
531,Exit short,2025-04-16 08:20,Short Exit,188.842,82903,15675050.53,135.95,0.12,135.95,0.12,-27.19,-0.02,-2073.17,-0.02
531,Entry short,2025-04-16 07:40," | F:70,3,33,1,0,59.32",189.077,82903,15675050.53,135.95,0.12,135.95,0.12,-27.19,-0.02,-2073.17,-0.02
532,Exit short,2025-04-17 03:55,Short Exit,188.365,28241,5313064.053,-46.16,-0.12,45.96,0.12,-46.16,-0.12,-2119.33,-0.02
532,Entry short,2025-04-17 03:05," | F:70,3,76,1,0,66.67",188.133,28241,5313064.053,-46.16,-0.12,45.96,0.12,-46.16,-0.12,-2119.33,-0.02
533,Exit short,2025-04-17 07:45,Time Stop (Bars),188.43,58985,11121444.79,48.62,0.06,94.33,0.12,-32.41,-0.04,-2070.71,-0.02
533,Entry short,2025-04-17 04:45," | F:75,3,109,1,1,64.72",188.547,58985,11121444.79,48.62,0.06,94.33,0.12,-32.41,-0.04,-2070.71,-0.02
534,Exit short,2025-04-17 18:50,Short Exit,188.581,50083,9438592.097,-43.05,-0.06,10.94,0.02,-43.05,-0.06,-2113.76,-0.02
534,Entry short,2025-04-17 18:40," | F:75,3,27,1,0,54.22",188.459,50083,9438592.097,-43.05,-0.06,10.94,0.02,-43.05,-0.06,-2113.76,-0.02
535,Exit short,2025-04-18 03:50,Short Exit,189.006,59288,11199858.93,-41.55,-0.05,5.4,0.01,-41.55,-0.05,-2155.3,-0.02
535,Entry short,2025-04-18 03:35," | F:50,3,42,1,1,56.96",188.906,59288,11199858.93,-41.55,-0.05,5.4,0.01,-41.55,-0.05,-2155.3,-0.02
536,Exit short,2025-04-18 17:00,Time Stop (Bars),188.937,45039,8507867.1,-11.68,-0.02,39.14,0.07,-29.67,-0.05,-2166.98,-0.02
536,Entry short,2025-04-18 14:00," | F:50,3,112,1,1,51.33",188.9,45039,8507867.1,-11.68,-0.02,39.14,0.07,-29.67,-0.05,-2166.98,-0.02
537,Exit short,2025-04-18 23:05,Time Stop (Bars),188.836,59270,11193791.47,10.38,0.01,60.64,0.08,-36.97,-0.05,-2156.6,-0.02
537,Entry short,2025-04-18 20:05," | F:75,3,26,1,1,53.88",188.861,59270,11193791.47,10.38,0.01,60.64,0.08,-36.97,-0.05,-2156.6,-0.02
538,Exit long,2025-04-23 14:30,Time Stop (Bars),188.711,17332,3268485.892,15.79,0.07,66.55,0.29,-5.83,-0.03,-2140.81,-0.02
538,Entry long,2025-04-23 11:30," | F:75,3,224,1,0,40.16",188.581,17332,3268485.892,15.79,0.07,66.55,0.29,-5.83,-0.03,-2140.81,-0.02
539,Exit short,2025-04-24 19:40,Short Exit,190.027,109804,20860783.53,-34.51,-0.02,9.97,0.01,-34.51,-0.02,-2175.32,-0.02
539,Entry short,2025-04-24 19:35," | F:50,3,192,1,1,67.69",189.982,109804,20860783.53,-34.51,-0.02,9.97,0.01,-34.51,-0.02,-2175.32,-0.02
540,Exit long,2025-04-28 00:00,Long Exit,190.976,52018,9949326.806,-105.93,-0.15,69.89,0.10,-105.93,-0.15,-2281.25,-0.02
540,Entry long,2025-04-25 21:00," | F:70,3,56,1,1,31.01",191.267,52018,9949326.806,-105.93,-0.15,69.89,0.10,-105.93,-0.15,-2281.25,-0.02
541,Exit long,2025-04-28 08:10,Long Exit,191.032,110295,21046161.02,165.02,0.11,165.02,0.11,-9.21,-0.01,-2116.23,-0.02
541,Entry long,2025-04-28 07:45," | F:55,3,42,1,0,39.2",190.817,110295,21046161.02,165.02,0.11,165.02,0.11,-9.21,-0.01,-2116.23,-0.02
542,Exit long,2025-04-28 09:55,Long Exit,191.141,74105,14170209.89,-39.71,-0.04,20.11,0.02,-39.71,-0.04,-2155.94,-0.02
542,Entry long,2025-04-28 09:40," | F:75,3,6,1,1,61.57",191.218,74105,14170209.89,-39.71,-0.04,20.11,0.02,-39.71,-0.04,-2155.94,-0.02
543,Exit short,2025-04-29 04:50,Short Exit,191.121,106257,20302950.02,-35.14,-0.02,1.5,0.00,-35.14,-0.02,-2191.08,-0.02
543,Entry short,2025-04-29 04:45," | F:75,3,25,1,1,58.96",191.074,106257,20302950.02,-35.14,-0.02,1.5,0.00,-35.14,-0.02,-2191.08,-0.02
544,Exit long,2025-04-29 13:35,Long Exit,191.04,85975,16430080.43,-38.12,-0.03,18.76,0.02,-38.12,-0.03,-2229.2,-0.02
544,Entry long,2025-04-29 13:20," | F:70,3,26,1,1,43.59",191.103,85975,16430080.43,-38.12,-0.03,18.76,0.02,-38.12,-0.03,-2229.2,-0.02
545,Exit long,2025-04-29 15:55,Long Exit,190.818,73448,14020855.96,-39.8,-0.04,55.82,0.06,-39.8,-0.04,-2268.99,-0.02
545,Entry long,2025-04-29 15:35," | F:70,3,177,1,0,40.58",190.895,73448,14020855.96,-39.8,-0.04,55.82,0.06,-39.8,-0.04,-2268.99,-0.02
546,Exit short,2025-04-29 17:30,Short Exit,190.542,69738,13307195.95,134.96,0.14,134.96,0.14,-8.83,-0.01,-2134.04,-0.02
546,Entry short,2025-04-29 17:10," | F:65,3,16,1,0,50.36",190.817,69738,13307195.95,134.96,0.14,134.96,0.14,-8.83,-0.01,-2134.04,-0.02
547,Exit long,2025-05-01 13:35,Time Stop (Bars),192.375,33587,6450752.807,73.72,0.16,98.14,0.22,-16.9,-0.04,-2060.32,-0.02
547,Entry long,2025-05-01 10:35," | F:65,3,12,1,1,64.91",192.061,33587,6450752.807,73.72,0.16,98.14,0.22,-16.9,-0.04,-2060.32,-0.02
548,Exit long,2025-05-01 15:50,Long Exit,192.712,47773,9191047.47,107.53,0.17,107.53,0.17,-13.69,-0.02,-1952.79,-0.02
548,Entry long,2025-05-01 15:30," | F:75,3,30,1,1,44.33",192.39,47773,9191047.47,107.53,0.17,107.53,0.17,-13.69,-0.02,-1952.79,-0.02
549,Exit short,2025-05-05 20:00,Time Stop (Bars),191.313,29711,5686566.556,17,0.04,72.5,0.18,-13.52,-0.03,-1935.79,-0.02
549,Entry short,2025-05-05 17:00," | F:75,3,16,1,0,44.62",191.396,29711,5686566.556,17,0.04,72.5,0.18,-13.52,-0.03,-1935.79,-0.02
550,Exit long,2025-05-05 22:30,Long Exit,191.176,74169,14185043.76,-39.37,-0.04,33.23,0.03,-39.37,-0.04,-1975.16,-0.02
550,Entry long,2025-05-05 22:00," | F:60,3,36,1,0,38.44",191.253,74169,14185043.76,-39.37,-0.04,33.23,0.03,-39.37,-0.04,-1975.16,-0.02
551,Exit long,2025-05-06 08:20,Time Stop (Bars),191.188,47601,9094694.661,42.05,0.07,54.96,0.09,-14.9,-0.02,-1933.11,-0.02
551,Entry long,2025-05-06 05:20," | F:50,3,19,1,0,47.32",191.061,47601,9094694.661,42.05,0.07,54.96,0.09,-14.9,-0.02,-1933.11,-0.02
552,Exit short,2025-05-07 01:00,Short Exit,190.578,42385,8071375.55,-44.03,-0.08,34.79,0.06,-44.03,-0.08,-1977.14,-0.02
552,Entry short,2025-05-07 00:05," | F:75,3,10,1,0,45.09",190.43,42385,8071375.55,-44.03,-0.08,34.79,0.06,-44.03,-0.08,-1977.14,-0.02
553,Exit short,2025-05-07 04:00,Short Exit,190.792,56365,10769435.09,108.4,0.14,108.4,0.14,-41.94,-0.06,-1868.74,-0.02
553,Entry short,2025-05-07 03:30," | F:50,3,14,1,1,54.99",191.066,56365,10769435.09,108.4,0.14,108.4,0.14,-41.94,-0.06,-1868.74,-0.02
554,Exit long,2025-05-07 10:50,Long Exit,191.282,65014,12416828.82,134.62,0.15,134.62,0.15,-38.33,-0.04,-1734.12,-0.02
554,Entry long,2025-05-07 10:00," | F:65,3,61,1,1,45.6",190.987,65014,12416828.82,134.62,0.15,134.62,0.15,-38.33,-0.04,-1734.12,-0.02
555,Exit long,2025-05-07 18:10,Long Exit,191.382,90672,17358338.35,-37.55,-0.03,18.46,0.02,-37.55,-0.03,-1771.67,-0.02
555,Entry long,2025-05-07 18:05," | F:75,3,13,1,1,47.61",191.441,90672,17358338.35,-37.55,-0.03,18.46,0.02,-37.55,-0.03,-1771.67,-0.02
556,Exit short,2025-05-08 04:05,Short Exit,191.328,50266,9611110.53,-42.98,-0.06,18.17,0.03,-42.98,-0.06,-1814.65,-0.02
556,Entry short,2025-05-08 04:00," | F:70,3,11,1,1,52.66",191.205,50266,9611110.53,-42.98,-0.06,18.17,0.03,-42.98,-0.06,-1814.65,-0.02
557,Exit long,2025-05-12 22:10,Long Exit,195.459,74184,14505865.18,-40.81,-0.04,8.16,0.01,-40.81,-0.04,-1855.46,-0.02
557,Entry long,2025-05-12 22:00," | F:75,3,37,1,1,42.79",195.539,74184,14505865.18,-40.81,-0.04,8.16,0.01,-40.81,-0.04,-1855.46,-0.02
558,Exit long,2025-05-14 04:20,Long Exit,195.994,133845,26237501.5,-31.75,-0.02,9.98,0.01,-31.75,-0.02,-1887.21,-0.02
558,Entry long,2025-05-14 04:15," | F:80,3,104,1,1,36.81",196.029,133845,26237501.5,-31.75,-0.02,9.98,0.01,-31.75,-0.02,-1887.21,-0.02
559,Exit long,2025-05-14 15:55,Long Exit,194.693,79393,15462977.64,-38.75,-0.04,115.7,0.11,-38.75,-0.04,-1925.96,-0.02
559,Entry long,2025-05-14 14:25," | F:55,3,7,1,0,44.38",194.765,79393,15462977.64,-38.75,-0.04,115.7,0.11,-38.75,-0.04,-1925.96,-0.02
560,Exit short,2025-05-14 18:50,Short Exit,194.912,104694,20400882.23,-35.48,-0.03,2.13,0.00,-35.48,-0.03,-1961.44,-0.02
560,Entry short,2025-05-14 18:45," | F:70,3,41,1,0,64.33",194.862,104694,20400882.23,-35.48,-0.03,2.13,0.00,-35.48,-0.03,-1961.44,-0.02
561,Exit long,2025-05-15 15:50,Long Exit,194.216,36798,7131452.4,104.37,0.21,104.37,0.21,-1.25,0.00,-1857.07,-0.02
561,Entry long,2025-05-15 15:30," | F:55,3,44,1,0,44.64",193.8,36798,7131452.4,104.37,0.21,104.37,0.21,-1.25,0.00,-1857.07,-0.02
562,Exit long,2025-05-16 03:00,Long Exit,193.544,74230,14372561.06,-39.75,-0.04,107.01,0.11,-39.75,-0.04,-1896.81,-0.02
562,Entry long,2025-05-16 02:00," | F:50,3,73,1,0,43.35",193.622,74230,14372561.06,-39.75,-0.04,107.01,0.11,-39.75,-0.04,-1896.81,-0.02
563,Exit long,2025-05-20 03:05,Long Exit,193.826,75460,14606490.36,135.39,0.13,135.39,0.13,-23.95,-0.02,-1761.42,-0.02
563,Entry long,2025-05-20 02:20," | F:70,3,17,1,0,50.29",193.566,75460,14606490.36,135.39,0.13,135.39,0.13,-23.95,-0.02,-1761.42,-0.02
564,Exit short,2025-05-21 09:25,Short Exit,193.272,56103,10837079.89,-41.93,-0.06,13.98,0.02,-41.93,-0.06,-1803.35,-0.02
564,Entry short,2025-05-21 09:15," | F:70,3,37,1,0,57.96",193.164,56103,10837079.89,-41.93,-0.06,13.98,0.02,-41.93,-0.06,-1803.35,-0.02
565,Exit long,2025-05-21 20:10,Long Exit,193.109,101138,19535816.08,-35.69,-0.03,1.4,0.00,-35.69,-0.03,-1839.04,-0.02
565,Entry long,2025-05-21 20:05," | F:70,3,15,1,1,50.79",193.16,101138,19535816.08,-35.69,-0.03,1.4,0.00,-35.69,-0.03,-1839.04,-0.02
566,Exit long,2025-05-21 23:30,Time Stop (Bars),192.825,34989,6745599.288,7.99,0.02,36.32,0.08,-13.8,-0.03,-1831.05,-0.02
566,Entry long,2025-05-21 20:30," | F:45,3,74,1,0,31.57",192.792,34989,6745599.288,7.99,0.02,36.32,0.08,-13.8,-0.03,-1831.05,-0.02
567,Exit short,2025-05-22 08:30,Short Exit,192.467,64544,12416716.54,-40.87,-0.05,14.82,0.02,-40.87,-0.05,-1871.92,-0.02
567,Entry short,2025-05-22 07:25," | F:65,3,24,1,0,46.15",192.376,64544,12416716.54,-40.87,-0.05,14.82,0.02,-40.87,-0.05,-1871.92,-0.02
568,Exit long,2025-05-22 13:30,Long Exit,192.394,52704,10124543.81,107.08,0.15,107.08,0.15,-6.6,-0.01,-1764.84,-0.02
568,Entry long,2025-05-22 12:00," | F:55,3,10,1,0,45.41",192.102,52704,10124543.81,107.08,0.15,107.08,0.15,-6.6,-0.01,-1764.84,-0.02
569,Exit short,2025-05-23 18:35,Short Exit,192.762,68636,13224647.21,-40.01,-0.04,4.29,0.00,-40.01,-0.04,-1804.85,-0.02
569,Entry short,2025-05-23 18:25," | F:70,3,22,1,0,52.68",192.678,68636,13224647.21,-40.01,-0.04,4.29,0.00,-40.01,-0.04,-1804.85,-0.02
570,Exit short,2025-05-26 19:00,Short Exit,193.755,91555,17733928.84,-37.24,-0.03,0.64,0.00,-37.24,-0.03,-1842.09,-0.02
570,Entry short,2025-05-26 18:45," | F:50,3,22,1,1,51.73",193.697,91555,17733928.84,-37.24,-0.03,0.64,0.00,-37.24,-0.03,-1842.09,-0.02
571,Exit short,2025-05-27 08:20,Short Exit,193.945,76131,14759593.1,-39.46,-0.04,22.93,0.02,-39.46,-0.04,-1881.54,-0.02
571,Entry short,2025-05-27 08:10," | F:50,3,265,1,1,80.84",193.871,76131,14759593.1,-39.46,-0.04,22.93,0.02,-39.46,-0.04,-1881.54,-0.02
572,Exit short,2025-05-28 02:50,Short Exit,194.776,160284,31244320.4,172.17,0.08,172.17,0.08,-5.55,0.00,-1709.38,-0.02
572,Entry short,2025-05-28 02:25," | F:50,3,24,1,1,57.39",194.931,160284,31244320.4,172.17,0.08,172.17,0.08,-5.55,0.00,-1709.38,-0.02
573,Exit long,2025-05-28 03:15,Long Exit,194.644,138482,26959121.83,-30.71,-0.02,24.95,0.01,-30.71,-0.02,-1740.09,-0.02
573,Entry long,2025-05-28 03:10," | F:75,3,187,1,0,32.52",194.676,138482,26959121.83,-30.71,-0.02,24.95,0.01,-30.71,-0.02,-1740.09,-0.02
574,Exit long,2025-05-29 00:00,Long Exit,194.934,43900,8566031.4,-58.41,-0.10,23.12,0.04,-58.41,-0.10,-1798.5,-0.02
574,Entry long,2025-05-28 22:00," | F:75,3,50,1,1,42.98",195.126,43900,8566031.4,-58.41,-0.10,23.12,0.04,-58.41,-0.10,-1798.5,-0.02
575,Exit long,2025-05-29 05:35,Long Exit,195.836,47663,9340470.447,-43.77,-0.07,27.97,0.04,-43.77,-0.07,-1842.26,-0.02
575,Entry long,2025-05-29 04:40," | F:70,3,19,1,1,56",195.969,47663,9340470.447,-43.77,-0.07,27.97,0.04,-43.77,-0.07,-1842.26,-0.02
576,Exit long,2025-05-30 06:50,Long Exit,193.807,86679,16804457.73,-37.88,-0.03,63.14,0.05,-37.88,-0.03,-1880.14,-0.02
576,Entry long,2025-05-30 05:35," | F:50,3,16,1,0,41.11",193.87,86679,16804457.73,-37.88,-0.03,63.14,0.05,-37.88,-0.03,-1880.14,-0.02
577,Exit short,2025-05-30 09:05,Short Exit,193.955,60441,11716850.5,-41.51,-0.05,1.26,0.00,-41.51,-0.05,-1921.65,-0.02
577,Entry short,2025-05-30 09:00," | F:75,3,10,1,0,51.84",193.856,60441,11716850.5,-41.51,-0.05,1.26,0.00,-41.51,-0.05,-1921.65,-0.02
578,Exit short,2025-06-04 06:45,Short Exit,194.787,76611,14917157.64,-39.36,-0.04,12.23,0.01,-39.36,-0.04,-1961.01,-0.02
578,Entry short,2025-06-04 06:30," | F:45,3,30,1,1,57.4",194.713,76611,14917157.64,-39.36,-0.04,12.23,0.01,-39.36,-0.04,-1961.01,-0.02
579,Exit long,2025-06-04 22:15,Long Exit,193.58,230358,44595235.58,-17.59,-0.01,14.39,0.00,-17.59,-0.01,-1978.6,-0.02
579,Entry long,2025-06-04 22:10," | F:50,3,12,1,0,42.71",193.591,230358,44595235.58,-17.59,-0.01,14.39,0.00,-17.59,-0.01,-1978.6,-0.02
580,Exit short,2025-06-06 10:05,Short Exit,195.017,126390,24672339.12,168.11,0.10,168.11,0.10,-31.69,-0.02,-1810.48,-0.02
580,Entry short,2025-06-06 09:35," | F:50,3,11,1,1,53.11",195.208,126390,24672339.12,168.11,0.10,168.11,0.10,-31.69,-0.02,-1810.48,-0.02
581,Exit long,2025-06-09 03:50,Long Exit,196.031,86108,16860032.51,136.67,0.12,136.67,0.12,-26.74,-0.02,-1673.81,-0.02
581,Entry long,2025-06-09 03:05," | F:70,3,30,1,1,45.25",195.801,86108,16860032.51,136.67,0.12,136.67,0.12,-26.74,-0.02,-1673.81,-0.02
582,Exit long,2025-06-09 17:40,Long Exit,195.701,77779,15227105.95,-39.18,-0.04,48.31,0.05,-39.18,-0.04,-1712.99,-0.02
582,Entry long,2025-06-09 16:35," | F:75,3,13,1,1,52.3",195.774,77779,15227105.95,-39.18,-0.04,48.31,0.05,-39.18,-0.04,-1712.99,-0.02
583,Exit long,2025-06-11 18:50,Long Exit,195.87,65122,12761372.24,-40.9,-0.05,33.26,0.04,-40.9,-0.05,-1753.89,-0.02
583,Entry long,2025-06-11 18:35," | F:70,3,24,1,1,49.41",195.961,65122,12761372.24,-40.9,-0.05,33.26,0.04,-40.9,-0.05,-1753.89,-0.02
584,Exit long,2025-06-12 04:35,Long Exit,195.431,79037,15451891.57,-38.82,-0.04,50.3,0.05,-38.82,-0.04,-1792.71,-0.02
584,Entry long,2025-06-12 04:20," | F:80,3,220,1,0,38.43",195.502,79037,15451891.57,-38.82,-0.04,50.3,0.05,-38.82,-0.04,-1792.71,-0.02
585,Exit long,2025-06-12 18:30,Long Exit,195.192,74855,14616786.14,-39.35,-0.04,14.5,0.01,-39.35,-0.04,-1832.06,-0.02
585,Entry long,2025-06-12 18:25," | F:70,3,16,1,0,48.47",195.268,74855,14616786.14,-39.35,-0.04,14.5,0.01,-39.35,-0.04,-1832.06,-0.02
586,Exit long,2025-06-12 23:40,Long Exit,195.423,95676,18677390.34,137.65,0.11,137.65,0.11,-5.96,0.00,-1694.4,-0.02
586,Entry long,2025-06-12 22:40," | F:45,3,9,1,0,54.68",195.215,95676,18677390.34,137.65,0.11,137.65,0.11,-5.96,0.00,-1694.4,-0.02
587,Exit short,2025-06-13 10:05,Short Exit,194.583,56976,11080521.55,-42.05,-0.05,34.91,0.05,-42.05,-0.05,-1736.46,-0.02
587,Entry short,2025-06-13 10:00," | F:70,3,20,1,0,57.6",194.477,56976,11080521.55,-42.05,-0.05,34.91,0.05,-42.05,-0.05,-1736.46,-0.02
588,Exit long,2025-06-16 16:20,Long Exit,195.623,107396,21014175.32,-35.03,-0.02,30.55,0.02,-35.03,-0.02,-1771.48,-0.02
588,Entry long,2025-06-16 16:10," | F:70,3,26,1,1,40.79",195.67,107396,21014175.32,-35.03,-0.02,30.55,0.02,-35.03,-0.02,-1771.48,-0.02
589,Exit long,2025-06-17 13:10,Long Exit,196.111,91641,17977214.97,-37.35,-0.03,2.53,0.00,-37.35,-0.03,-1808.83,-0.02
589,Entry long,2025-06-17 13:00," | F:55,3,25,1,0,40.13",196.17,91641,17977214.97,-37.35,-0.03,2.53,0.00,-37.35,-0.03,-1808.83,-0.02
590,Exit short,2025-06-18 01:30,Short Exit,195.145,201754,39368056.27,-22.22,-0.01,40.28,0.01,-22.22,-0.01,-1831.05,-0.02
590,Entry short,2025-06-18 01:25," | F:65,3,32,1,0,56.07",195.129,201754,39368056.27,-22.22,-0.01,40.28,0.01,-22.22,-0.01,-1831.05,-0.02
591,Exit long,2025-06-18 16:20,Long Exit,194.771,77911,15180490.88,-39.15,-0.04,18.24,0.02,-39.15,-0.04,-1870.21,-0.02
591,Entry long,2025-06-18 16:00," | F:50,3,19,1,0,46.11",194.844,77911,15180490.88,-39.15,-0.04,18.24,0.02,-39.15,-0.04,-1870.21,-0.02
592,Exit long,2025-06-19 00:15,Long Exit,194.552,106664,20756814.4,-35.25,-0.02,2.94,0.00,-35.25,-0.02,-1905.45,-0.02
592,Entry long,2025-06-19 00:10," | F:45,3,21,1,0,42.48",194.6,106664,20756814.4,-35.25,-0.02,2.94,0.00,-35.25,-0.02,-1905.45,-0.02
593,Exit short,2025-06-20 11:35,Short Exit,196.018,46886,9184170.338,-43.48,-0.07,21.26,0.03,-43.48,-0.07,-1948.94,-0.02
593,Entry short,2025-06-20 11:00," | F:45,3,19,1,1,45.53",195.883,46886,9184170.338,-43.48,-0.07,21.26,0.03,-43.48,-0.07,-1948.94,-0.02
594,Exit long,2025-06-20 16:00,Long Exit,196.606,102540,20139676.32,139.48,0.10,139.48,0.10,-17.61,-0.01,-1809.46,-0.02
594,Entry long,2025-06-20 15:05," | F:70,3,8,1,1,63.22",196.408,102540,20139676.32,139.48,0.10,139.48,0.10,-17.61,-0.01,-1809.46,-0.02
595,Exit long,2025-06-20 22:25,Long Exit,196.521,87939,17287400.38,-38.06,-0.03,2.42,0.00,-38.06,-0.03,-1847.52,-0.02
595,Entry long,2025-06-20 22:10," | F:75,3,10,1,1,56.38",196.584,87939,17287400.38,-38.06,-0.03,2.42,0.00,-38.06,-0.03,-1847.52,-0.02
596,Exit long,2025-06-24 09:10,Long Exit,197.085,115287,22726295.74,-33.9,-0.02,14.98,0.01,-33.9,-0.02,-1881.42,-0.02
596,Entry long,2025-06-24 09:05," | F:50,3,28,1,0,39.52",197.128,115287,22726295.74,-33.9,-0.02,14.98,0.01,-33.9,-0.02,-1881.42,-0.02
597,Exit short,2025-06-25 21:00,Time Stop (Bars),198.437,91052,18071090.44,20.72,0.02,134.39,0.11,-5.65,0.00,-1860.7,-0.02
597,Entry short,2025-06-25 18:00," | F:60,3,14,1,1,54.5",198.47,91052,18071090.44,20.72,0.02,134.39,0.11,-5.65,0.00,-1860.7,-0.02
598,Exit long,2025-06-27 04:45,Long Exit,198.382,69505,13794379.33,-40.43,-0.04,11.07,0.01,-40.43,-0.04,-1901.12,-0.02
598,Entry long,2025-06-27 04:30," | F:75,3,23,1,1,44.52",198.466,69505,13794379.33,-40.43,-0.04,11.07,0.01,-40.43,-0.04,-1901.12,-0.02
599,Exit long,2025-06-27 18:30,Time Stop (Bars),198.538,45120,8953477.44,31.55,0.05,99.03,0.16,-30.62,-0.05,-1869.57,-0.02
599,Entry long,2025-06-27 15:30," | F:75,3,66,1,1,46.34",198.437,45120,8953477.44,31.55,0.05,99.03,0.16,-30.62,-0.05,-1869.57,-0.02
600,Exit short,2025-06-27 23:15,Short Exit,198.429,68898,13665504.91,-40.55,-0.04,2.39,0.00,-40.55,-0.04,-1910.12,-0.02
600,Entry short,2025-06-27 23:00," | F:75,3,46,1,0,55.66",198.344,68898,13665504.91,-40.55,-0.04,2.39,0.00,-40.55,-0.04,-1910.12,-0.02
601,Exit long,2025-07-01 14:00,Long Exit,196.886,90432,17810130.24,-37.02,-0.03,26.36,0.02,-37.02,-0.03,-1947.14,-0.02
601,Entry long,2025-07-01 13:45," | F:60,3,9,1,0,50.48",196.945,90432,17810130.24,-37.02,-0.03,26.36,0.02,-37.02,-0.03,-1947.14,-0.02
602,Exit long,2025-07-02 10:55,Long Exit,197.256,115999,22886370.7,-33.97,-0.02,16.18,0.01,-33.97,-0.02,-1981.11,-0.02
602,Entry long,2025-07-02 10:45," | F:70,3,43,1,1,39.98",197.298,115999,22886370.7,-33.97,-0.02,16.18,0.01,-33.97,-0.02,-1981.11,-0.02
603,Exit long,2025-07-02 15:10,Long Exit,196.671,26498,5218065.654,-46.56,-0.13,0.74,0.00,-46.56,-0.13,-2027.67,-0.02
603,Entry long,2025-07-02 15:05," | F:55,3,257,1,0,32.8",196.923,26498,5218065.654,-46.56,-0.13,0.74,0.00,-46.56,-0.13,-2027.67,-0.02
604,Exit short,2025-07-03 06:20,Short Exit,195.973,82603,16182423.32,-38.5,-0.03,33.33,0.03,-38.5,-0.03,-2066.18,-0.02
604,Entry short,2025-07-03 05:25," | F:70,3,12,1,0,48.07",195.906,82603,16182423.32,-38.5,-0.03,33.33,0.03,-38.5,-0.03,-2066.18,-0.02
605,Exit long,2025-07-03 20:00,Long Exit,197.945,98096,19422909.9,-36.85,-0.03,53.91,0.04,-36.85,-0.03,-2103.03,-0.02
605,Entry long,2025-07-03 19:30," | F:80,3,7,1,1,60.05",197.999,98096,19422909.9,-36.85,-0.03,53.91,0.04,-36.85,-0.03,-2103.03,-0.02
606,Exit short,2025-07-04 00:05,Short Exit,197.773,161138,31893722.06,173.76,0.08,173.76,0.08,-2.24,0.00,-1929.27,-0.02
606,Entry short,2025-07-03 23:00," | F:50,3,11,1,1,54.41",197.928,161138,31893722.06,173.76,0.08,173.76,0.08,-2.24,0.00,-1929.27,-0.02
607,Exit long,2025-07-04 23:25,Long Exit,197.16,100348,19789829.78,-35.99,-0.03,123.9,0.09,-35.99,-0.03,-1965.26,-0.02
607,Entry long,2025-07-04 21:00," | F:60,3,32,1,0,51.4",197.212,100348,19789829.78,-35.99,-0.03,123.9,0.09,-35.99,-0.03,-1965.26,-0.02
608,Exit short,2025-07-07 05:35,Short Exit,197.329,89355,17626882.14,-37.71,-0.03,4.95,0.00,-37.71,-0.03,-2002.98,-0.02
608,Entry short,2025-07-07 05:30," | F:50,3,38,1,1,67.37",197.268,89355,17626882.14,-37.71,-0.03,4.95,0.00,-37.71,-0.03,-2002.98,-0.02
609,Exit long,2025-07-07 11:25,Long Exit,197.338,105128,20750900.54,-35.64,-0.02,154.93,0.11,-35.64,-0.02,-2038.62,-0.02
609,Entry long,2025-07-07 09:40," | F:70,3,28,1,1,44.6",197.387,105128,20750900.54,-35.64,-0.02,154.93,0.11,-35.64,-0.02,-2038.62,-0.02
610,Exit long,2025-07-07 22:25,Time Stop (Bars),198.862,41667,8278107.891,54.49,0.10,91.97,0.16,-32,-0.06,-1984.13,-0.02
610,Entry long,2025-07-07 19:25," | F:70,3,34,1,1,40.36",198.673,41667,8278107.891,54.49,0.10,91.97,0.16,-32,-0.06,-1984.13,-0.02
611,Exit short,2025-07-08 02:15,Short Exit,198.786,42945,8530423.02,-44.11,-0.08,39.52,0.07,-44.11,-0.08,-2028.24,-0.02
611,Entry short,2025-07-08 00:05," | F:55,3,12,1,1,38.86",198.636,42945,8530423.02,-44.11,-0.08,39.52,0.07,-44.11,-0.08,-2028.24,-0.02
612,Exit short,2025-07-08 03:05,Short Exit,198.909,121697,24201760.69,-33.34,-0.02,140.84,0.08,-33.34,-0.02,-2061.58,-0.02
612,Entry short,2025-07-08 02:25," | F:55,3,51,1,1,64.4",198.869,121697,24201760.69,-33.34,-0.02,140.84,0.08,-33.34,-0.02,-2061.58,-0.02
613,Exit short,2025-07-08 07:05,Short Exit,199.066,97443,19417856.38,138.8,0.10,138.8,0.10,-24.69,-0.02,-1922.78,-0.02
613,Entry short,2025-07-08 05:10," | F:45,3,11,1,1,61.11",199.274,97443,19417856.38,138.8,0.10,138.8,0.10,-24.69,-0.02,-1922.78,-0.02
614,Exit long,2025-07-08 22:05,Long Exit,199.336,122192,24362152.19,-33.47,-0.02,3.35,0.00,-33.47,-0.02,-1956.25,-0.02
614,Entry long,2025-07-08 22:00," | F:75,3,18,1,1,53.82",199.376,122192,24362152.19,-33.47,-0.02,3.35,0.00,-33.47,-0.02,-1956.25,-0.02
615,Exit long,2025-07-09 00:20,Long Exit,198.999,41867,8337980.518,-44.44,-0.08,28.67,0.05,-44.44,-0.08,-2000.69,-0.02
615,Entry long,2025-07-09 00:00," | F:75,3,73,1,1,38.99",199.154,41867,8337980.518,-44.44,-0.08,28.67,0.05,-44.44,-0.08,-2000.69,-0.02
616,Exit short,2025-07-09 01:10,Short Exit,199.249,138265,27544600.24,-31.12,-0.02,0,0.00,-31.12,-0.02,-2031.82,-0.02
616,Entry short,2025-07-09 01:05," | F:50,3,24,1,1,58.16",199.216,138265,27544600.24,-31.12,-0.02,0,0.00,-31.12,-0.02,-2031.82,-0.02
617,Exit long,2025-07-10 00:00,Long Exit,198.75,60463,12024216.35,-49.08,-0.06,85.78,0.10,-49.08,-0.06,-2080.89,-0.02
617,Entry long,2025-07-09 22:15," | F:45,3,19,1,0,51.17",198.869,60463,12024216.35,-49.08,-0.06,85.78,0.10,-49.08,-0.06,-2080.89,-0.02
618,Exit short,2025-07-11 20:55,Short Exit,199.18,110007,21906023.93,-35.34,-0.02,42.11,0.03,-35.34,-0.02,-2116.23,-0.02
618,Entry short,2025-07-11 20:20," | F:55,3,92,1,1,60.47",199.133,110007,21906023.93,-35.34,-0.02,42.11,0.03,-35.34,-0.02,-2116.23,-0.02
619,Exit long,2025-07-14 17:40,Long Exit,198.454,72939,14480944.37,-40.06,-0.04,93.97,0.10,-40.06,-0.04,-2156.29,-0.02
619,Entry long,2025-07-14 15:35," | F:55,3,37,1,0,41.35",198.535,72939,14480944.37,-40.06,-0.04,93.97,0.10,-40.06,-0.04,-2156.29,-0.02
620,Exit long,2025-07-15 03:55,Long Exit,198.26,85833,17022915.56,-38.33,-0.03,13.36,0.01,-38.33,-0.03,-2194.63,-0.02
620,Entry long,2025-07-15 03:45," | F:50,3,34,1,0,38.67",198.326,85833,17022915.56,-38.33,-0.03,13.36,0.01,-38.33,-0.03,-2194.63,-0.02
621,Exit long,2025-07-15 15:10,Long Exit,198.795,102713,20424171.91,-36.14,-0.03,34.75,0.03,-36.14,-0.03,-2230.77,-0.02
621,Entry long,2025-07-15 15:00," | F:70,3,12,1,1,56.68",198.847,102713,20424171.91,-36.14,-0.03,34.75,0.03,-36.14,-0.03,-2230.77,-0.02
622,Exit long,2025-07-17 13:45,Long Exit,199.171,107780,21471931.6,-35.71,-0.02,126.81,0.09,-35.71,-0.02,-2266.48,-0.02
622,Entry long,2025-07-17 12:45," | F:70,3,8,1,1,54.55",199.22,107780,21471931.6,-35.71,-0.02,126.81,0.09,-35.71,-0.02,-2266.48,-0.02
623,Exit long,2025-07-18 10:55,Long Exit,199.817,95408,19069674,-37.23,-0.03,24.39,0.02,-37.23,-0.03,-2303.71,-0.02
623,Entry long,2025-07-18 10:45," | F:75,3,7,1,1,63.66",199.875,95408,19069674,-37.23,-0.03,24.39,0.02,-37.23,-0.03,-2303.71,-0.02
624,Exit long,2025-07-18 11:40,Long Exit,199.646,75817,15142474.51,-39.79,-0.04,10.71,0.01,-39.79,-0.04,-2343.5,-0.02
624,Entry long,2025-07-18 11:35," | F:70,3,25,1,1,44",199.724,75817,15142474.51,-39.79,-0.04,10.71,0.01,-39.79,-0.04,-2343.5,-0.02
625,Exit short,2025-07-18 17:05,Short Exit,199.585,139983,27963564.01,168.58,0.09,168.58,0.09,-16.01,-0.01,-2174.92,-0.02
625,Entry short,2025-07-18 16:30," | F:50,3,14,1,1,51.78",199.764,139983,27963564.01,168.58,0.09,168.58,0.09,-16.01,-0.01,-2174.92,-0.02
626,Exit short,2025-07-21 16:55,Short Exit,198.705,119111,23692488.12,164.81,0.10,164.81,0.10,-19.2,-0.01,-2010.11,-0.02
626,Entry short,2025-07-21 16:35," | F:75,3,39,1,0,62.54",198.911,119111,23692488.12,164.81,0.10,164.81,0.10,-19.2,-0.01,-2010.11,-0.02
627,Exit long,2025-07-23 09:15,Long Exit,198.892,153236,30481705.12,-29.25,-0.01,0,0.00,-29.25,-0.01,-2039.36,-0.02
627,Entry long,2025-07-23 09:10," | F:70,3,10,1,1,55.72",198.92,153236,30481705.12,-29.25,-0.01,0,0.00,-29.25,-0.01,-2039.36,-0.02
628,Exit short,2025-07-24 05:30,Short Exit,198.419,66994,13286920.02,-40.69,-0.04,36.58,0.04,-40.69,-0.04,-2080.05,-0.02
628,Entry short,2025-07-24 05:10," | F:70,3,10,1,0,39.69",198.33,66994,13286920.02,-40.69,-0.04,36.58,0.04,-40.69,-0.04,-2080.05,-0.02
629,Exit long,2025-07-24 14:45,Time Stop (Bars),198.454,71065,14098087.9,34.44,0.04,113.98,0.12,-38.32,-0.04,-2045.62,-0.02
629,Entry long,2025-07-24 11:45," | F:60,3,17,1,0,45.89",198.383,71065,14098087.9,34.44,0.04,113.98,0.12,-38.32,-0.04,-2045.62,-0.02
630,Exit short,2025-07-25 03:05,Short Exit,198.82,66895,13294043.35,-40.92,-0.05,94.12,0.10,-40.92,-0.05,-2086.54,-0.02
630,Entry short,2025-07-25 01:05," | F:50,3,84,1,1,69.7",198.73,66895,13294043.35,-40.92,-0.05,94.12,0.10,-40.92,-0.05,-2086.54,-0.02
631,Exit long,2025-07-25 07:30,Long Exit,198.627,131428,26109880.76,-32.16,-0.02,64.32,0.04,-32.16,-0.02,-2118.7,-0.02
631,Entry long,2025-07-25 07:00," | F:75,3,50,1,0,30.34",198.663,131428,26109880.76,-32.16,-0.02,64.32,0.04,-32.16,-0.02,-2118.7,-0.02
632,Exit long,2025-07-25 11:05,Long Exit,198.879,43568,8649162.928,106.02,0.18,106.02,0.18,-25.17,-0.04,-2012.68,-0.02
632,Entry long,2025-07-25 10:30," | F:45,3,7,1,0,55.55",198.521,43568,8649162.928,106.02,0.18,106.02,0.18,-25.17,-0.04,-2012.68,-0.02
633,Exit short,2025-07-25 11:15,Short Exit,198.949,113655,22606434.12,-34.76,-0.02,11.59,0.01,-34.76,-0.02,-2047.45,-0.02
633,Entry short,2025-07-25 11:10," | F:50,3,63,1,1,69.86",198.904,113655,22606434.12,-34.76,-0.02,11.59,0.01,-34.76,-0.02,-2047.45,-0.02
634,Exit short,2025-07-29 00:00,Short Exit,198.23,148559,29474105.6,171,0.09,171,0.09,-22.13,-0.01,-1876.44,-0.02
634,Entry short,2025-07-28 23:05," | F:65,3,26,1,0,49.5",198.4,148559,29474105.6,171,0.09,171,0.09,-22.13,-0.01,-1876.44,-0.02
635,Exit short,2025-07-29 05:25,Short Exit,198.178,91727,18198728.53,137.66,0.11,137.66,0.11,-36.42,-0.03,-1738.78,-0.02
635,Entry short,2025-07-29 03:35," | F:70,3,13,1,0,50.56",198.401,91727,18198728.53,137.66,0.11,137.66,0.11,-36.42,-0.03,-1738.78,-0.02
636,Exit long,2025-07-29 14:35,Long Exit,198.243,121679,24126998.84,-33.57,-0.02,136.76,0.08,-33.57,-0.02,-1772.36,-0.02
636,Entry long,2025-07-29 13:30," | F:70,3,11,1,1,52.81",198.284,121679,24126998.84,-33.57,-0.02,136.76,0.08,-33.57,-0.02,-1772.36,-0.02
637,Exit short,2025-07-29 17:50,Short Exit,197.857,101833,20169043.98,139.12,0.10,139.12,0.10,-35.64,-0.03,-1633.23,-0.02
637,Entry short,2025-07-29 17:15," | F:70,3,18,1,0,50.06",198.06,101833,20169043.98,139.12,0.10,139.12,0.10,-35.64,-0.03,-1633.23,-0.02
638,Exit short,2025-07-30 14:40,Short Exit,198.175,97553,19327102.81,-36.79,-0.03,0.66,0.00,-36.79,-0.03,-1670.02,-0.02
638,Entry short,2025-07-30 14:35," | F:55,3,14,1,1,59.68",198.119,97553,19327102.81,-36.79,-0.03,0.66,0.00,-36.79,-0.03,-1670.02,-0.02
639,Exit long,2025-07-30 22:05,Long Exit,197.641,44808,8862439.896,-44.05,-0.07,31.98,0.05,-44.05,-0.07,-1714.07,-0.02
639,Entry long,2025-07-30 21:00," | F:60,3,131,1,0,44.59",197.787,44808,8862439.896,-44.05,-0.07,31.98,0.05,-44.05,-0.07,-1714.07,-0.02
640,Exit long,2025-07-31 02:55,Long Exit,197.851,108200,21412780,-35.46,-0.02,65.85,0.05,-35.46,-0.02,-1749.53,-0.02
640,Entry long,2025-07-31 02:00," | F:75,3,11,1,1,54.17",197.9,108200,21412780,-35.46,-0.02,65.85,0.05,-35.46,-0.02,-1749.53,-0.02
641,Exit long,2025-07-31 08:55,Long Exit,197.375,99209,19586832.87,-36.49,-0.03,5.97,0.00,-36.49,-0.03,-1786.02,-0.02
641,Entry long,2025-07-31 08:45," | F:55,3,16,1,0,47.28",197.43,99209,19586832.87,-36.49,-0.03,5.97,0.00,-36.49,-0.03,-1786.02,-0.02
642,Exit long,2025-08-01 05:30,Long Exit,198.905,51963,10342195.89,-43.1,-0.06,94.12,0.14,-43.1,-0.06,-1829.12,-0.02
642,Entry long,2025-08-01 03:30," | F:65,3,31,1,1,44.93",199.03,51963,10342195.89,-43.1,-0.06,94.12,0.14,-43.1,-0.06,-1829.12,-0.02
643,Exit long,2025-08-04 15:35,Long Exit,195.733,66384,12999580.42,-40.97,-0.05,55.38,0.06,-40.97,-0.05,-1870.09,-0.02
643,Entry long,2025-08-04 15:05," | F:55,3,135,1,0,20.19",195.824,66384,12999580.42,-40.97,-0.05,55.38,0.06,-40.97,-0.05,-1870.09,-0.02
644,Exit short,2025-08-05 08:15,Short Exit,195.284,129140,25243641.5,167.6,0.10,167.6,0.10,-0.88,0.00,-1702.49,-0.02
644,Entry short,2025-08-05 07:05," | F:75,3,8,1,0,52.21",195.475,129140,25243641.5,167.6,0.10,167.6,0.10,-0.88,0.00,-1702.49,-0.02
645,Exit short,2025-08-05 11:20,Short Exit,195.787,66343,12983059.73,-41.02,-0.05,82.95,0.09,-41.02,-0.05,-1743.51,-0.02
645,Entry short,2025-08-05 10:30," | F:80,3,196,1,1,66.68",195.696,66343,12983059.73,-41.02,-0.05,82.95,0.09,-41.02,-0.05,-1743.51,-0.02
646,Exit long,2025-08-05 15:00,Long Exit,196.091,157055,30771786.15,171.82,0.08,171.82,0.08,-4.27,0.00,-1571.69,-0.02
646,Entry long,2025-08-05 14:40," | F:70,3,35,1,1,38.01",195.93,157055,30771786.15,171.82,0.08,171.82,0.08,-4.27,0.00,-1571.69,-0.02
647,Exit short,2025-08-05 16:50,Short Exit,196.184,48524,9513227.248,-43.52,-0.07,13.52,0.02,-43.52,-0.07,-1615.22,-0.02
647,Entry short,2025-08-05 16:30," | F:55,3,9,1,1,48.28",196.052,48524,9513227.248,-43.52,-0.07,13.52,0.02,-43.52,-0.07,-1615.22,-0.02
648,Exit long,2025-08-06 14:45,Long Exit,196.417,120866,23745092.63,-33.57,-0.02,13.1,0.01,-33.57,-0.02,-1648.79,-0.02
648,Entry long,2025-08-06 14:40," | F:75,3,25,1,1,43.8",196.458,120866,23745092.63,-33.57,-0.02,13.1,0.01,-33.57,-0.02,-1648.79,-0.02
649,Exit long,2025-08-07 14:00,Long Exit,197.28,68852,13563293.18,134.52,0.15,134.52,0.15,-7.94,-0.01,-1514.27,-0.02
649,Entry long,2025-08-07 13:40," | F:75,3,11,1,1,59.53",196.992,68852,13563293.18,134.52,0.15,134.52,0.15,-7.94,-0.01,-1514.27,-0.02
650,Exit long,2025-08-08 21:20,Long Exit,198.635,127309,25292860.96,-32.88,-0.02,22.49,0.01,-32.88,-0.02,-1547.14,-0.02
650,Entry long,2025-08-08 21:10," | F:75,3,12,1,1,50.56",198.673,127309,25292860.96,-32.88,-0.02,22.49,0.01,-32.88,-0.02,-1547.14,-0.02
651,Exit long,2025-08-11 00:05,Long Exit,198.382,125202,24871878.11,-231.44,-0.14,138.69,0.08,-231.44,-0.14,-1778.58,-0.02
651,Entry long,2025-08-08 22:45," | F:75,3,15,1,1,46.97",198.654,125202,24871878.11,-231.44,-0.14,138.69,0.08,-231.44,-0.14,-1778.58,-0.02
652,Exit long,2025-08-11 10:20,Long Exit,198.65,199419,39617974.47,-22.94,-0.01,21.59,0.01,-22.94,-0.01,-1801.52,-0.02
652,Entry long,2025-08-11 10:15," | F:70,3,18,1,1,45.26",198.667,199419,39617974.47,-22.94,-0.01,21.59,0.01,-22.94,-0.01,-1801.52,-0.02
653,Exit short,2025-08-12 01:35,Short Exit,199.055,75585,15039676.54,-39.79,-0.04,6.12,0.01,-39.79,-0.04,-1841.31,-0.02
653,Entry short,2025-08-12 01:15," | F:50,3,26,1,1,54.47",198.977,75585,15039676.54,-39.79,-0.04,6.12,0.01,-39.79,-0.04,-1841.31,-0.02
654,Exit long,2025-08-12 06:00,Time Stop (Bars),199.265,59278,11801419.91,71.61,0.09,102.82,0.13,-7.2,-0.01,-1769.7,-0.02
654,Entry long,2025-08-12 03:00," | F:70,3,19,1,1,57.97",199.086,59278,11801419.91,71.61,0.09,102.82,0.13,-7.2,-0.01,-1769.7,-0.02
655,Exit short,2025-08-12 06:15,Short Exit,199.302,172443,34364268.6,-26.77,-0.01,16.29,0.01,-26.77,-0.01,-1796.47,-0.02
655,Entry short,2025-08-12 06:10," | F:45,3,27,1,1,61.39",199.279,172443,34364268.6,-26.77,-0.01,16.29,0.01,-26.77,-0.01,-1796.47,-0.02
656,Exit long,2025-08-13 11:45,Long Exit,199.684,102326,20438185.94,-35.97,-0.03,25.6,0.02,-35.97,-0.03,-1832.44,-0.02
656,Entry long,2025-08-13 11:35," | F:75,3,13,1,1,46.21",199.736,102326,20438185.94,-35.97,-0.03,25.6,0.02,-35.97,-0.03,-1832.44,-0.02
657,Exit short,2025-08-13 13:20,Short Exit,199.937,87670,17522865.91,-37.94,-0.03,24.89,0.02,-37.94,-0.03,-1870.38,-0.02
657,Entry short,2025-08-13 13:05," | F:55,3,68,1,1,61.78",199.873,87670,17522865.91,-37.94,-0.03,24.89,0.02,-37.94,-0.03,-1870.38,-0.02
658,Exit short,2025-08-14 08:35,Short Exit,198.897,71094,14134482.52,-40.05,-0.04,11.58,0.01,-40.05,-0.04,-1910.43,-0.02
658,Entry short,2025-08-14 08:15," | F:70,3,14,1,0,44.09",198.814,71094,14134482.52,-40.05,-0.04,11.58,0.01,-40.05,-0.04,-1910.43,-0.02
659,Exit short,2025-08-14 20:25,Short Exit,200.002,139414,27878478.17,-31.23,-0.02,71.92,0.04,-31.23,-0.02,-1941.66,-0.02
659,Entry short,2025-08-14 20:05," | F:50,3,9,1,1,56.01",199.969,139414,27878478.17,-31.23,-0.02,71.92,0.04,-31.23,-0.02,-1941.66,-0.02
660,Exit long,2025-08-14 23:20,Long Exit,199.969,164172,32833414.97,-27.86,-0.01,6.69,0.00,-27.86,-0.01,-1969.52,-0.02
660,Entry long,2025-08-14 23:15," | F:75,3,36,1,1,39.68",199.994,164172,32833414.97,-27.86,-0.01,6.69,0.00,-27.86,-0.01,-1969.52,-0.02
661,Exit short,2025-08-15 20:25,Short Exit,199.615,94365,18831196.3,-37.02,-0.03,7.02,0.01,-37.02,-0.03,-2006.54,-0.02
661,Entry short,2025-08-15 20:05," | F:65,3,192,1,1,68.36",199.557,94365,18831196.3,-37.02,-0.03,7.02,0.01,-37.02,-0.03,-2006.54,-0.02
662,Exit long,2025-08-18 09:15,Long Exit,199.787,122800,24538755.6,-33.38,-0.02,56.74,0.03,-33.38,-0.02,-2039.92,-0.02
662,Entry long,2025-08-18 09:05," | F:70,3,28,1,1,43.32",199.827,122800,24538755.6,-33.38,-0.02,56.74,0.03,-33.38,-0.02,-2039.92,-0.02
663,Exit short,2025-08-19 14:00,Short Exit,199.781,83932,16762311.52,-38.59,-0.03,76.05,0.07,-38.59,-0.03,-2078.51,-0.02
663,Entry short,2025-08-19 11:00," | F:70,3,95,1,1,70.46",199.713,83932,16762311.52,-38.59,-0.03,76.05,0.07,-38.59,-0.03,-2078.51,-0.02
664,Exit long,2025-08-21 09:15,Long Exit,198.448,103801,20578548.25,139.47,0.10,139.47,0.10,-35.22,-0.03,-1939.04,-0.02
664,Entry long,2025-08-21 08:15," | F:50,3,6,1,0,49.73",198.25,103801,20578548.25,139.47,0.10,139.47,0.10,-35.22,-0.03,-1939.04,-0.02
665,Exit long,2025-08-22 00:00,Long Exit,198.928,87278,17367711.05,-38.5,-0.03,13.03,0.01,-38.5,-0.03,-1977.54,-0.02
665,Entry long,2025-08-21 23:45," | F:70,3,40,1,1,49.18",198.993,87278,17367711.05,-38.5,-0.03,13.03,0.01,-38.5,-0.03,-1977.54,-0.02
666,Exit long,2025-08-22 03:55,Long Exit,199.257,65070,12949515.63,108.75,0.12,108.75,0.12,0,0.00,-1868.79,-0.02
666,Entry long,2025-08-22 03:15," | F:65,3,28,1,1,48.52",199.009,65070,12949515.63,108.75,0.12,108.75,0.12,0,0.00,-1868.79,-0.02
667,Exit short,2025-08-22 11:25,Short Exit,199.257,117921,23491514.09,-34.17,-0.02,3.97,0.00,-34.17,-0.02,-1902.96,-0.02
667,Entry short,2025-08-22 11:15," | F:55,3,50,1,1,60.38",199.214,117921,23491514.09,-34.17,-0.02,3.97,0.00,-34.17,-0.02,-1902.96,-0.02
668,Exit long,2025-08-26 03:00,Long Exit,198.616,57723,11470945.45,-42.19,-0.05,72.66,0.09,-42.19,-0.05,-1945.15,-0.02
668,Entry long,2025-08-26 00:20," | F:55,3,276,1,0,38.57",198.724,57723,11470945.45,-42.19,-0.05,72.66,0.09,-42.19,-0.05,-1945.15,-0.02
669,Exit long,2025-08-26 09:30,Long Exit,198.716,78610,15626881.9,-39.37,-0.04,28.2,0.03,-39.37,-0.04,-1984.52,-0.02
669,Entry long,2025-08-26 09:20," | F:50,3,35,1,0,44.87",198.79,78610,15626881.9,-39.37,-0.04,28.2,0.03,-39.37,-0.04,-1984.52,-0.02
670,Exit long,2025-08-26 11:45,Long Exit,198.622,129434,25713229.01,-32.41,-0.02,7.01,0.00,-32.41,-0.02,-2016.94,-0.02
670,Entry long,2025-08-26 11:40," | F:80,3,16,1,0,41.61",198.659,129434,25713229.01,-32.41,-0.02,7.01,0.00,-32.41,-0.02,-2016.94,-0.02
671,Exit long,2025-08-26 21:10,Long Exit,198.68,82709,16412525.83,136.03,0.12,136.03,0.12,-10.08,-0.01,-1880.91,-0.02
671,Entry long,2025-08-26 19:30," | F:50,3,187,1,0,26.15",198.437,82709,16412525.83,136.03,0.12,136.03,0.12,-10.08,-0.01,-1880.91,-0.02
672,Exit long,2025-08-27 19:40,Long Exit,198.863,122922,24449554.57,-33.35,-0.02,5.84,0.00,-33.35,-0.02,-1914.26,-0.02
672,Entry long,2025-08-27 19:35," | F:75,3,58,1,0,38.55",198.903,122922,24449554.57,-33.35,-0.02,5.84,0.00,-33.35,-0.02,-1914.26,-0.02
673,Exit long,2025-08-28 06:40,Long Exit,198.824,39609,7881794.91,-44.6,-0.08,39.23,0.07,-44.6,-0.08,-1958.86,-0.02
673,Entry long,2025-08-28 04:30," | F:50,3,26,1,1,54.61",198.99,39609,7881794.91,-44.6,-0.08,39.23,0.07,-44.6,-0.08,-1958.86,-0.02
674,Exit short,2025-08-29 04:20,Short Exit,198.442,74953,14867976.89,-39.77,-0.04,0,0.00,-39.77,-0.04,-1998.62,-0.02
674,Entry short,2025-08-29 04:15," | F:65,3,8,1,0,45.17",198.364,74953,14867976.89,-39.77,-0.04,0,0.00,-39.77,-0.04,-1998.62,-0.02
675,Exit short,2025-08-29 06:45,Short Exit,198.401,153102,30371303.05,-29.16,-0.01,31.24,0.02,-29.16,-0.01,-2027.78,-0.02
675,Entry short,2025-08-29 06:30," | F:70,3,16,1,0,50.01",198.373,153102,30371303.05,-29.16,-0.01,31.24,0.02,-29.16,-0.01,-2027.78,-0.02
676,Exit long,2025-08-29 16:40,Long Exit,198.131,150202,29764028.32,-29.63,-0.01,23.5,0.01,-29.63,-0.01,-2057.41,-0.02
676,Entry long,2025-08-29 16:35," | F:50,3,13,1,0,49.32",198.16,150202,29764028.32,-29.63,-0.01,23.5,0.01,-29.63,-0.01,-2057.41,-0.02
677,Exit short,2025-08-29 17:55,Short Exit,198.289,56945,11285360.1,-42.22,-0.06,32.15,0.04,-42.22,-0.06,-2099.63,-0.02
677,Entry short,2025-08-29 17:45," | F:75,3,22,1,0,52.24",198.18,56945,11285360.1,-42.22,-0.06,32.15,0.04,-42.22,-0.06,-2099.63,-0.02
678,Exit long,2025-09-01 06:40,Long Exit,198.645,67390,13392684.26,-40.78,-0.04,23.83,0.03,-40.78,-0.04,-2140.41,-0.02
678,Entry long,2025-09-01 06:00," | F:65,3,37,1,1,31.23",198.734,67390,13392684.26,-40.78,-0.04,23.83,0.03,-40.78,-0.04,-2140.41,-0.02
679,Exit long,2025-09-02 00:15,Long Exit,199.162,49718,9908300.22,-43.27,-0.06,8.79,0.01,-43.27,-0.06,-2183.68,-0.02
679,Entry long,2025-09-02 00:00," | F:70,3,98,1,1,28.88",199.29,49718,9908300.22,-43.27,-0.06,8.79,0.01,-43.27,-0.06,-2183.68,-0.02
680,Exit long,2025-09-02 10:50,Long Exit,199.427,55385,11051578.29,-42.88,-0.06,71.85,0.10,-42.88,-0.06,-2226.56,-0.02
680,Entry long,2025-09-02 10:25," | F:65,3,72,1,0,32.88",199.541,55385,11051578.29,-42.88,-0.06,71.85,0.10,-42.88,-0.06,-2226.56,-0.02
681,Exit short,2025-09-03 03:00,Short Exit,198.884,128085,25469189.91,-32.8,-0.02,81.13,0.05,-32.8,-0.02,-2259.36,-0.02
681,Entry short,2025-09-03 02:45," | F:70,3,139,1,1,68.56",198.846,128085,25469189.91,-32.8,-0.02,81.13,0.05,-32.8,-0.02,-2259.36,-0.02
682,Exit long,2025-09-03 07:35,Long Exit,198.77,121898,24234663.28,-33.68,-0.02,12.32,0.01,-33.68,-0.02,-2293.03,-0.02
682,Entry long,2025-09-03 07:30," | F:75,3,50,1,0,36.3",198.811,121898,24234663.28,-33.68,-0.02,12.32,0.01,-33.68,-0.02,-2293.03,-0.02
683,Exit long,2025-09-04 19:45,Long Exit,199.489,112614,22470434.49,-34.98,-0.02,22.81,0.02,-34.98,-0.02,-2328.01,-0.02
683,Entry long,2025-09-04 19:30," | F:80,3,22,1,1,40.14",199.535,112614,22470434.49,-34.98,-0.02,22.81,0.02,-34.98,-0.02,-2328.01,-0.02
684,Exit short,2025-09-05 14:20,Short Exit,199.769,172274,34411042.4,-26.69,-0.01,76.58,0.03,-26.69,-0.01,-2354.7,-0.02
684,Entry short,2025-09-05 14:10," | F:55,3,12,1,1,59.05",199.746,172274,34411042.4,-26.69,-0.01,76.58,0.03,-26.69,-0.01,-2354.7,-0.02
685,Exit short,2025-09-08 07:15,Short Exit,199.899,205817,41168957.06,178.64,0.06,178.64,0.06,-20.93,-0.01,-2176.05,-0.02
685,Entry short,2025-09-08 06:40," | F:55,3,23,1,1,52.63",200.027,205817,41168957.06,178.64,0.06,178.64,0.06,-20.93,-0.01,-2176.05,-0.02
686,Exit short,2025-09-09 03:50,Short Exit,199.715,42780,8537305.14,-44.07,-0.08,1.74,0.00,-44.07,-0.08,-2220.12,-0.02
686,Entry short,2025-09-09 03:45," | F:70,3,8,1,0,36.9",199.563,42780,8537305.14,-44.07,-0.08,1.74,0.00,-44.07,-0.08,-2220.12,-0.02
687,Exit long,2025-09-09 20:00,Time Stop (Bars),199.335,26824,5341355.824,37.99,0.10,55.08,0.15,-39.63,-0.11,-2182.13,-0.02
687,Entry long,2025-09-09 17:00," | F:55,3,24,1,0,57.1",199.126,26824,5341355.824,37.99,0.10,55.08,0.15,-39.63,-0.11,-2182.13,-0.02
688,Exit long,2025-09-10 20:30,Long Exit,199.327,109951,21921370.67,-35.05,-0.02,1.49,0.00,-35.05,-0.02,-2217.18,-0.02
688,Entry long,2025-09-10 20:25," | F:65,3,174,1,0,30.97",199.374,109951,21921370.67,-35.05,-0.02,1.49,0.00,-35.05,-0.02,-2217.18,-0.02
689,Exit long,2025-09-12 04:10,Long Exit,199.753,73611,14709906.96,-40,-0.04,56.5,0.06,-40,-0.04,-2257.18,-0.02
689,Entry long,2025-09-12 03:15," | F:65,3,28,1,1,48.96",199.833,73611,14709906.96,-40,-0.04,56.5,0.06,-40,-0.04,-2257.18,-0.02
690,Exit long,2025-09-12 23:55,Long Exit,200.195,175794,35196947.3,-26.27,-0.01,38.21,0.02,-26.27,-0.01,-2283.45,-0.02
690,Entry long,2025-09-12 23:45," | F:70,3,10,1,1,54.52",200.217,175794,35196947.3,-26.27,-0.01,38.21,0.02,-26.27,-0.01,-2283.45,-0.02
691,Exit short,2025-09-15 10:00,Short Exit,200.166,105381,21088424.2,-35.67,-0.02,67.77,0.05,-35.67,-0.02,-2319.11,-0.02
691,Entry short,2025-09-15 09:10," | F:70,3,77,1,1,66.03",200.116,105381,21088424.2,-35.67,-0.02,67.77,0.05,-35.67,-0.02,-2319.11,-0.02
692,Exit long,2025-09-15 20:05,Time Stop (Bars),200.36,82818,16587451.58,40.36,0.04,96.42,0.09,-28.03,-0.02,-2278.75,-0.02
692,Entry long,2025-09-15 17:05," | F:75,3,58,1,1,36.32",200.288,82818,16587451.58,40.36,0.04,96.42,0.09,-28.03,-0.02,-2278.75,-0.02
693,Exit long,2025-09-16 04:40,Long Exit,200.415,82794,16598872.3,-38.76,-0.03,92.68,0.08,-38.76,-0.03,-2317.5,-0.02
693,Entry long,2025-09-16 02:45," | F:65,3,22,1,1,52.09",200.484,82794,16598872.3,-38.76,-0.03,92.68,0.08,-38.76,-0.03,-2317.5,-0.02
694,Exit long,2025-09-16 09:25,Long Exit,200.129,102017,20421865.08,-35.99,-0.03,9.69,0.01,-35.99,-0.03,-2353.49,-0.02
694,Entry long,2025-09-16 09:15," | F:55,3,9,1,0,46.73",200.181,102017,20421865.08,-35.99,-0.03,9.69,0.01,-35.99,-0.03,-2353.49,-0.02
695,Exit long,2025-09-16 23:55,Long Exit,199.833,135634,27108760.68,-31.28,-0.02,13.8,0.01,-31.28,-0.02,-2384.78,-0.02
695,Entry long,2025-09-16 23:45," | F:50,3,43,1,0,38.8",199.867,135634,27108760.68,-31.28,-0.02,13.8,0.01,-31.28,-0.02,-2384.78,-0.02
696,Exit short,2025-09-22 08:25,Short Exit,199.661,145357,29017617.91,-30.44,-0.02,4.91,0.00,-30.44,-0.02,-2415.22,-0.02
696,Entry short,2025-09-22 08:20," | F:45,3,13,1,1,49.4",199.63,145357,29017617.91,-30.44,-0.02,4.91,0.00,-30.44,-0.02,-2415.22,-0.02
697,Exit long,2025-09-23 09:15,Long Exit,199.587,184705,36868410.94,-25,-0.01,97.49,0.04,-25,-0.01,-2440.21,-0.02
697,Entry long,2025-09-23 07:30," | F:70,3,24,1,0,38.28",199.607,184705,36868410.94,-25,-0.01,97.49,0.04,-25,-0.01,-2440.21,-0.02
698,Exit long,2025-09-23 10:00,Long Exit,199.548,101210,20201617.21,-36.3,-0.03,68.49,0.05,-36.3,-0.03,-2476.51,-0.02
698,Entry long,2025-09-23 09:20," | F:50,3,102,1,0,42.98",199.601,101210,20201617.21,-36.3,-0.03,68.49,0.05,-36.3,-0.03,-2476.51,-0.02
699,Exit short,2025-09-24 07:10,Short Exit,199.788,189600,37876202.4,-24.4,-0.01,7.7,0.00,-24.4,-0.01,-2500.91,-0.03
699,Entry short,2025-09-24 07:05," | F:50,3,134,1,1,64.84",199.769,189600,37876202.4,-24.4,-0.01,7.7,0.00,-24.4,-0.01,-2500.91,-0.03
700,Exit short,2025-09-26 01:05,Short Exit,199.868,57171,11420307.45,-42.36,-0.06,45.71,0.06,-42.36,-0.06,-2543.27,-0.03
700,Entry short,2025-09-26 00:30," | F:75,3,9,1,0,45.29",199.757,57171,11420307.45,-42.36,-0.06,45.71,0.06,-42.36,-0.06,-2543.27,-0.03
701,Exit long,2025-09-26 07:00,Time Stop (Bars),199.869,69291,13842609.53,43.48,0.05,85.57,0.09,-6.94,-0.01,-2499.79,-0.02
701,Entry long,2025-09-26 04:00," | F:65,3,37,1,0,44.88",199.775,69291,13842609.53,43.48,0.05,85.57,0.09,-6.94,-0.01,-2499.79,-0.02
702,Exit short,2025-09-26 15:20,Short Exit,200.081,58057,11609774.4,-42.24,-0.05,11.24,0.01,-42.24,-0.05,-2542.04,-0.03
702,Entry short,2025-09-26 14:30," | F:45,3,6,1,1,40.94",199.972,58057,11609774.4,-42.24,-0.05,11.24,0.01,-42.24,-0.05,-2542.04,-0.03
703,Exit short,2025-09-29 05:55,Short Exit,200.011,80256,16072387.58,135.78,0.13,135.78,0.13,-20.39,-0.02,-2406.26,-0.02
703,Entry short,2025-09-29 03:00," | F:50,3,10,1,1,40.96",200.264,80256,16072387.58,135.78,0.13,135.78,0.13,-20.39,-0.02,-2406.26,-0.02
704,Exit long,2025-09-29 21:45,Long Exit,199.669,130314,25994776.09,166.44,0.10,166.44,0.10,-26.14,-0.02,-2239.82,-0.02
704,Entry long,2025-09-29 20:45," | F:55,3,32,1,0,39.43",199.478,130314,25994776.09,166.44,0.10,166.44,0.10,-26.14,-0.02,-2239.82,-0.02
705,Exit long,2025-09-30 23:25,Long Exit,198.797,97284,19345215.25,-36.65,-0.03,34.04,0.03,-36.65,-0.03,-2276.47,-0.02
705,Entry long,2025-09-30 22:40," | F:45,3,11,1,0,53.24",198.853,97284,19345215.25,-36.65,-0.03,34.04,0.03,-36.65,-0.03,-2276.47,-0.02
706,Exit short,2025-10-01 04:35,Short Exit,198.863,71915,14321225.01,135.15,0.14,135.15,0.14,-12.15,-0.01,-2141.32,-0.02
706,Entry short,2025-10-01 03:45," | F:75,3,218,1,1,72.14",199.141,71915,14321225.01,135.15,0.14,135.15,0.14,-12.15,-0.01,-2141.32,-0.02
707,Exit long,2025-10-01 15:05,Long Exit,198.157,144143,28567412.88,-30.21,-0.02,19.49,0.01,-30.21,-0.02,-2171.53,-0.02
707,Entry long,2025-10-01 15:00," | F:60,3,13,1,0,45.64",198.188,144143,28567412.88,-30.21,-0.02,19.49,0.01,-30.21,-0.02,-2171.53,-0.02
708,Exit long,2025-10-02 09:35,Long Exit,198.252,116765,23153915.67,-34.13,-0.02,88.1,0.06,-34.13,-0.02,-2205.66,-0.02
708,Entry long,2025-10-02 09:15," | F:50,3,27,1,0,47.47",198.295,116765,23153915.67,-34.13,-0.02,88.1,0.06,-34.13,-0.02,-2205.66,-0.02
709,Exit short,2025-10-02 15:35,Short Exit,198.12,146971,29113485.39,-29.97,-0.02,20.98,0.01,-29.97,-0.02,-2235.63,-0.02
709,Entry short,2025-10-02 15:30," | F:80,3,40,1,0,69.33",198.09,146971,29113485.39,-29.97,-0.02,20.98,0.01,-29.97,-0.02,-2235.63,-0.02
710,Exit short,2025-10-02 19:20,Short Exit,197.813,98219,19423593,-36.72,-0.03,24.7,0.02,-36.72,-0.03,-2272.34,-0.02
710,Entry short,2025-10-02 19:00," | F:75,3,11,1,0,52.24",197.758,98219,19423593,-36.72,-0.03,24.7,0.02,-36.72,-0.03,-2272.34,-0.02
711,Exit short,2025-10-06 17:25,Short Exit,202.08,104151,21041418.23,-36.71,-0.03,2.12,0.00,-36.71,-0.03,-2309.05,-0.02
711,Entry short,2025-10-06 17:20," | F:55,3,45,1,1,71.69",202.028,104151,21041418.23,-36.71,-0.03,2.12,0.00,-36.71,-0.03,-2309.05,-0.02
712,Exit short,2025-10-07 09:35,Short Exit,202.687,100447,20353776.5,-36.76,-0.03,0,0.00,-36.76,-0.03,-2345.81,-0.02
712,Entry short,2025-10-07 09:30," | F:50,3,33,1,1,54.35",202.632,100447,20353776.5,-36.76,-0.03,0,0.00,-36.76,-0.03,-2345.81,-0.02
713,Exit short,2025-10-07 17:50,Short Exit,202.941,123897,25138701.3,-33.8,-0.02,18.96,0.01,-33.8,-0.02,-2379.6,-0.02
713,Entry short,2025-10-07 17:35," | F:55,3,169,1,1,78.15",202.9,123897,25138701.3,-33.8,-0.02,18.96,0.01,-33.8,-0.02,-2379.6,-0.02
714,Exit short,2025-10-09 04:30,Short Exit,204.513,62051,12706741.73,108.08,0.13,108.08,0.13,-22.35,-0.03,-2271.52,-0.02
714,Entry short,2025-10-09 04:00," | F:55,3,124,1,1,65.64",204.779,62051,12706741.73,108.08,0.13,108.08,0.13,-22.35,-0.03,-2271.52,-0.02
715,Exit long,2025-10-10 18:20,Long Exit,202.605,47862,9703733.328,-43.44,-0.07,98.76,0.16,-43.44,-0.07,-2314.97,-0.02
715,Entry long,2025-10-10 18:00," | F:60,3,15,1,0,50.45",202.744,47862,9703733.328,-43.44,-0.07,98.76,0.16,-43.44,-0.07,-2314.97,-0.02
716,Exit short,2025-10-10 22:30,Short Exit,202.425,65465,13268249.8,107.73,0.12,107.73,0.12,-38.9,-0.04,-2207.24,-0.02
716,Entry short,2025-10-10 20:40," | F:75,3,10,1,0,49.33",202.677,65465,13268249.8,107.73,0.12,107.73,0.12,-38.9,-0.04,-2207.24,-0.02
717,Exit long,2025-10-13 14:25,Long Exit,202.837,72533,14718541.43,-40.75,-0.04,82.94,0.09,-40.75,-0.04,-2247.99,-0.02
717,Entry long,2025-10-13 11:45," | F:70,3,21,1,1,46",202.922,72533,14718541.43,-40.75,-0.04,82.94,0.09,-40.75,-0.04,-2247.99,-0.02
718,Exit short,2025-10-15 10:50,Short Exit,201.967,68731,13875208.09,-40.76,-0.04,33.97,0.04,-40.76,-0.04,-2288.75,-0.02
718,Entry short,2025-10-15 10:15," | F:70,3,17,1,0,54.39",201.877,68731,13875208.09,-40.76,-0.04,33.97,0.04,-40.76,-0.04,-2288.75,-0.02
719,Exit long,2025-10-16 03:15,Long Exit,202.114,49620,10035446.52,-43.33,-0.07,70.25,0.11,-43.33,-0.07,-2332.09,-0.02
719,Entry long,2025-10-16 01:45," | F:80,3,106,1,0,38.22",202.246,49620,10035446.52,-43.33,-0.07,70.25,0.11,-43.33,-0.07,-2332.09,-0.02
720,Exit long,2025-10-16 06:00,Long Exit,202.54,86515,17502157.53,136.23,0.12,136.23,0.12,-6.87,-0.01,-2195.86,-0.02
720,Entry long,2025-10-16 04:45," | F:65,3,11,1,0,52.21",202.302,86515,17502157.53,136.23,0.12,136.23,0.12,-6.87,-0.01,-2195.86,-0.02
721,Exit short,2025-10-16 23:50,Short Exit,202.103,68347,13806982.51,-40.7,-0.04,8.14,0.01,-40.7,-0.04,-2236.55,-0.02
721,Entry short,2025-10-16 23:10," | F:70,3,31,1,0,50.45",202.013,68347,13806982.51,-40.7,-0.04,8.14,0.01,-40.7,-0.04,-2236.55,-0.02
722,Exit long,2025-10-17 08:35,Long Exit,201.672,110232,22235999.04,-35.17,-0.02,57.88,0.04,-35.17,-0.02,-2271.72,-0.02
722,Entry long,2025-10-17 08:00," | F:55,3,15,1,0,37.86",201.72,110232,22235999.04,-35.17,-0.02,57.88,0.04,-35.17,-0.02,-2271.72,-0.02
723,Exit long,2025-10-17 15:40,Long Exit,201.804,74506,15041643.81,-40.11,-0.04,8.91,0.01,-40.11,-0.04,-2311.84,-0.02
723,Entry long,2025-10-17 15:35," | F:70,3,9,1,1,57.72",201.885,74506,15041643.81,-40.11,-0.04,8.91,0.01,-40.11,-0.04,-2311.84,-0.02
724,Exit long,2025-10-20 11:55,Long Exit,202.188,81035,16390220.13,-39.26,-0.04,96.26,0.09,-39.26,-0.04,-2351.09,-0.02
724,Entry long,2025-10-20 11:00," | F:50,3,11,1,0,45.97",202.261,81035,16390220.13,-39.26,-0.04,96.26,0.09,-39.26,-0.04,-2351.09,-0.02
725,Exit short,2025-10-21 05:50,Short Exit,202.418,106392,21530229.86,-36,-0.03,62.12,0.04,-36,-0.03,-2387.1,-0.02
725,Entry short,2025-10-21 05:05," | F:75,3,193,1,1,67.78",202.367,106392,21530229.86,-36,-0.03,62.12,0.04,-36,-0.03,-2387.1,-0.02
726,Exit long,2025-10-21 07:55,Long Exit,202.259,37233,7537522.986,-45.21,-0.09,11.86,0.02,-45.21,-0.09,-2432.3,-0.02
726,Entry long,2025-10-21 07:45," | F:65,3,5,1,1,62.98",202.442,37233,7537522.986,-45.21,-0.09,11.86,0.02,-45.21,-0.09,-2432.3,-0.02
727,Exit long,2025-10-21 11:05,Time Stop (Bars),202.312,16878,3417440.562,-18.7,-0.08,38.97,0.17,-26.99,-0.12,-2451.01,-0.02
727,Entry long,2025-10-21 08:05," | F:70,3,43,1,1,61.63",202.479,16878,3417440.562,-18.7,-0.08,38.97,0.17,-26.99,-0.12,-2451.01,-0.02
728,Exit short,2025-10-22 08:30,Short Exit,203.136,161532,32808602.99,-28.7,-0.01,119.06,0.06,-28.7,-0.01,-2479.71,-0.02
728,Entry short,2025-10-22 07:10," | F:50,3,100,1,1,74.08",203.109,161532,32808602.99,-28.7,-0.01,119.06,0.06,-28.7,-0.01,-2479.71,-0.02
729,Exit long,2025-10-22 20:40,Long Exit,202.58,27575,5593175.125,-46.28,-0.13,31.39,0.09,-46.28,-0.13,-2525.98,-0.03
729,Entry long,2025-10-22 19:30," | F:75,3,33,1,1,47.39",202.835,27575,5593175.125,-46.28,-0.13,31.39,0.09,-46.28,-0.13,-2525.98,-0.03
730,Exit long,2025-10-23 08:10,Long Exit,203.264,138595,28176224.91,-31.92,-0.02,47.43,0.03,-31.92,-0.02,-2557.91,-0.03
730,Entry long,2025-10-23 07:30," | F:70,3,9,1,1,49.95",203.299,138595,28176224.91,-31.92,-0.02,47.43,0.03,-31.92,-0.02,-2557.91,-0.03
731,Exit short,2025-10-24 15:55,Short Exit,203.645,32573,6626357.963,-45.67,-0.11,17.29,0.04,-45.67,-0.11,-2603.58,-0.03
731,Entry short,2025-10-24 15:30," | F:75,3,15,1,0,36.19",203.431,32573,6626357.963,-45.67,-0.11,17.29,0.04,-45.67,-0.11,-2603.58,-0.03
732,Exit long,2025-10-26 23:45,Long Exit,203.676,89918,18293187.67,137.27,0.11,137.27,0.11,-5.3,0.00,-2466.31,-0.02
732,Entry long,2025-10-24 23:40," | F:50,3,11,1,0,62.35",203.443,89918,18293187.67,137.27,0.11,137.27,0.11,-5.3,0.00,-2466.31,-0.02
733,Exit long,2025-10-27 03:05,Long Exit,203.673,84010,17116533.44,-39.01,-0.03,62.63,0.06,-39.01,-0.03,-2505.32,-0.03
733,Entry long,2025-10-27 02:45," | F:70,3,36,1,1,39.52",203.744,84010,17116533.44,-39.01,-0.03,62.63,0.06,-39.01,-0.03,-2505.32,-0.03
734,Exit long,2025-10-27 09:00,Long Exit,203.762,88907,18121736,-38.38,-0.03,39.54,0.03,-38.38,-0.03,-2543.69,-0.03
734,Entry long,2025-10-27 08:40," | F:65,3,48,1,1,36.92",203.828,88907,18121736,-38.38,-0.03,39.54,0.03,-38.38,-0.03,-2543.69,-0.03
735,Exit long,2025-10-27 13:20,Long Exit,203.757,119325,24318554.32,-34.34,-0.02,19.51,0.01,-34.34,-0.02,-2578.03,-0.03
735,Entry long,2025-10-27 13:10," | F:75,3,17,1,1,47.7",203.801,119325,24318554.32,-34.34,-0.02,19.51,0.01,-34.34,-0.02,-2578.03,-0.03
736,Exit long,2025-10-28 09:05,Long Exit,203.252,75213,15266659.53,134.29,0.13,134.29,0.13,-34.92,-0.03,-2443.74,-0.02
736,Entry long,2025-10-28 08:10," | F:55,3,8,1,0,40.6",202.979,75213,15266659.53,134.29,0.13,134.29,0.13,-34.92,-0.03,-2443.74,-0.02
737,Exit long,2025-10-29 01:45,Long Exit,201.859,91642,18504535.92,-37.94,-0.03,31.32,0.03,-37.94,-0.03,-2481.69,-0.02
737,Entry long,2025-10-29 01:15," | F:50,3,16,1,0,53.25",201.922,91642,18504535.92,-37.94,-0.03,31.32,0.03,-37.94,-0.03,-2481.69,-0.02
738,Exit short,2025-10-30 22:20,Short Exit,202.627,102695,20803131.54,-36.98,-0.03,2.02,0.00,-36.98,-0.03,-2518.67,-0.03
738,Entry short,2025-10-30 22:15," | F:70,3,17,1,1,49.97",202.572,102695,20803131.54,-36.98,-0.03,2.02,0.00,-36.98,-0.03,-2518.67,-0.03
739,Exit long,2025-10-31 01:45,Long Exit,202.464,77058,15607635.55,-39.99,-0.04,104.47,0.10,-39.99,-0.04,-2558.66,-0.03
739,Entry long,2025-10-30 23:00," | F:70,3,14,1,1,42.83",202.544,77058,15607635.55,-39.99,-0.04,104.47,0.10,-39.99,-0.04,-2558.66,-0.03
740,Exit long,2025-10-31 07:10,Long Exit,202.468,122167,24740161.34,-34.08,-0.02,83.21,0.05,-34.08,-0.02,-2592.74,-0.03
740,Entry long,2025-10-31 06:10," | F:70,3,9,1,1,56.44",202.511,122167,24740161.34,-34.08,-0.02,83.21,0.05,-34.08,-0.02,-2592.74,-0.03
741,Exit short,2025-10-31 08:20,Short Exit,202.548,68733,13915408.25,-41.02,-0.05,16.05,0.02,-41.02,-0.05,-2633.76,-0.03
741,Entry short,2025-10-31 08:05," | F:70,3,9,1,0,48.96",202.456,68733,13915408.25,-41.02,-0.05,16.05,0.02,-41.02,-0.05,-2633.76,-0.03
742,Exit long,2025-10-31 12:35,Long Exit,202.465,90692,18367850.76,-38.24,-0.03,58.24,0.05,-38.24,-0.03,-2672,-0.03
742,Entry long,2025-10-31 11:45," | F:75,3,44,1,0,36.16",202.53,90692,18367850.76,-38.24,-0.03,58.24,0.05,-38.24,-0.03,-2672,-0.03
743,Exit long,2025-10-31 13:35,Long Exit,202.319,86572,17521133.94,-38.75,-0.03,55.04,0.05,-38.75,-0.03,-2710.75,-0.03
743,Entry long,2025-10-31 13:00," | F:45,3,62,1,0,32.84",202.388,86572,17521133.94,-38.75,-0.03,55.04,0.05,-38.75,-0.03,-2710.75,-0.03
744,Exit short,2025-10-31 18:20,Short Exit,202.448,69430,14049646.51,-40.99,-0.04,8.11,0.01,-40.99,-0.04,-2751.73,-0.03
744,Entry short,2025-10-31 18:15," | F:70,3,59,1,0,64.41",202.357,69430,14049646.51,-40.99,-0.04,8.11,0.01,-40.99,-0.04,-2751.73,-0.03
745,Exit short,2025-11-05 14:35,Short Exit,200.416,139685,27990219.98,-31.81,-0.02,27.26,0.01,-31.81,-0.02,-2783.54,-0.03
745,Entry short,2025-11-05 14:20," | F:60,3,28,1,1,66.34",200.381,139685,27990219.98,-31.81,-0.02,27.26,0.01,-31.81,-0.02,-2783.54,-0.03
746,Exit long,2025-11-06 10:00,Long Exit,200.898,94946,19080253.21,-37.57,-0.03,40.65,0.03,-37.57,-0.03,-2821.11,-0.03
746,Entry long,2025-11-06 09:40," | F:65,3,22,1,1,42.74",200.959,94946,19080253.21,-37.57,-0.03,40.65,0.03,-37.57,-0.03,-2821.11,-0.03
747,Exit short,2025-11-06 11:15,Short Exit,201.071,134800,27099383.2,-32.35,-0.02,4.37,0.00,-32.35,-0.02,-2853.47,-0.03
747,Entry short,2025-11-06 11:10," | F:60,3,22,1,1,60.82",201.034,134800,27099383.2,-32.35,-0.02,4.37,0.00,-32.35,-0.02,-2853.47,-0.03
748,Exit short,2025-11-07 02:35,Short Exit,201.126,69554,13982857.94,-40.88,-0.04,85.4,0.09,-40.88,-0.04,-2894.35,-0.03
748,Entry short,2025-11-07 02:05," | F:45,3,42,1,1,57.94",201.036,69554,13982857.94,-40.88,-0.04,85.4,0.09,-40.88,-0.04,-2894.35,-0.03
749,Exit long,2025-11-07 10:40,Long Exit,200.978,93520,18801260.8,-37.87,-0.03,0,0.00,-37.87,-0.03,-2932.22,-0.03
749,Entry long,2025-11-07 10:35," | F:65,3,38,1,1,31.9",201.04,93520,18801260.8,-37.87,-0.03,0,0.00,-37.87,-0.03,-2932.22,-0.03
750,Exit long,2025-11-07 19:40,Time Stop (Bars),201.575,30774,6196775.736,42.41,0.10,88.23,0.22,-16.48,-0.04,-2889.81,-0.03
750,Entry long,2025-11-07 16:40," | F:75,3,13,1,1,56.04",201.364,30774,6196775.736,42.41,0.10,88.23,0.22,-16.48,-0.04,-2889.81,-0.03
751,Exit long,2025-11-10 12:00,Long Exit,203.026,105598,21444736.24,-36.47,-0.03,86.7,0.06,-36.47,-0.03,-2926.28,-0.03
751,Entry long,2025-11-10 11:25," | F:70,3,8,1,1,68.63",203.079,105598,21444736.24,-36.47,-0.03,86.7,0.06,-36.47,-0.03,-2926.28,-0.03
752,Exit short,2025-11-11 16:45,Short Exit,202.803,207924,42164076.26,-22.93,-0.01,0,0.00,-22.93,-0.01,-2949.21,-0.03
752,Entry short,2025-11-11 16:40," | F:70,3,24,1,1,61.44",202.786,207924,42164076.26,-22.93,-0.01,0,0.00,-22.93,-0.01,-2949.21,-0.03
753,Exit long,2025-11-11 22:45,Long Exit,202.894,175107,35532362.23,-27.26,-0.01,30.67,0.01,-27.26,-0.01,-2976.46,-0.03
753,Entry long,2025-11-11 22:35," | F:70,3,43,1,1,43.41",202.918,175107,35532362.23,-27.26,-0.01,30.67,0.01,-27.26,-0.01,-2976.46,-0.03
754,Exit short,2025-11-12 04:10,Short Exit,202.827,92948,18846508.27,-37.97,-0.03,12.06,0.01,-37.97,-0.03,-3014.44,-0.03
754,Entry short,2025-11-12 03:45," | F:75,3,7,1,0,53.62",202.764,92948,18846508.27,-37.97,-0.03,12.06,0.01,-37.97,-0.03,-3014.44,-0.03
755,Exit long,2025-11-13 00:35,Long Exit,203.09,61413,12478875.95,-42.03,-0.05,0,0.00,-42.03,-0.05,-3056.47,-0.03
755,Entry long,2025-11-13 00:25," | F:70,3,33,1,1,50.39",203.196,61413,12478875.95,-42.03,-0.05,0,0.00,-42.03,-0.05,-3056.47,-0.03
756,Exit short,2025-11-14 00:50,Short Exit,203.424,52528,10701949.66,106.7,0.15,106.7,0.15,-16.65,-0.02,-2949.77,-0.03
756,Entry short,2025-11-14 00:15," | F:45,3,12,1,1,44.17",203.738,52528,10701949.66,106.7,0.15,106.7,0.15,-16.65,-0.02,-2949.77,-0.03
757,Exit long,2025-11-17 21:40,Long Exit,204.076,70511,14395948.83,-41.05,-0.04,25.08,0.03,-41.05,-0.04,-2990.82,-0.03
757,Entry long,2025-11-17 21:00," | F:80,3,50,1,1,30.78",204.166,70511,14395948.83,-41.05,-0.04,25.08,0.03,-41.05,-0.04,-2990.82,-0.03
758,Exit long,2025-11-18 06:55,Long Exit,204.039,76673,15623350.52,134.78,0.13,134.78,0.13,-23.7,-0.02,-2856.04,-0.03
758,Entry long,2025-11-18 06:20," | F:80,3,210,1,0,19.99",203.766,76673,15623350.52,134.78,0.13,134.78,0.13,-23.7,-0.02,-2856.04,-0.03
759,Exit long,2025-11-18 19:00,Long Exit,204.454,49727,10150374.69,106.3,0.16,106.3,0.16,-39.7,-0.06,-2749.74,-0.03
759,Entry long,2025-11-18 17:05," | F:80,3,18,1,0,45.99",204.122,49727,10150374.69,106.3,0.16,106.3,0.16,-39.7,-0.06,-2749.74,-0.03
760,Exit short,2025-11-19 02:45,Short Exit,204.265,93706,19162221.06,137.33,0.11,137.33,0.11,-20.48,-0.02,-2612.4,-0.03
760,Entry short,2025-11-19 01:45," | F:55,3,40,1,1,56.15",204.493,93706,19162221.06,137.33,0.11,137.33,0.11,-20.48,-0.02,-2612.4,-0.03
761,Exit long,2025-11-19 14:35,Time Stop (Bars),205.013,29174,5965907.956,97.33,0.25,98.27,0.26,-3.38,-0.01,-2515.07,-0.03
761,Entry long,2025-11-19 11:35," | F:70,3,7,1,1,62.12",204.494,29174,5965907.956,97.33,0.25,98.27,0.26,-3.38,-0.01,-2515.07,-0.03
762,Exit long,2025-11-20 22:45,Long Exit,206.069,143278,29530168.91,-31.9,-0.02,2.73,0.00,-31.9,-0.02,-2546.97,-0.03
762,Entry long,2025-11-20 22:40," | F:65,3,11,1,1,51.55",206.104,143278,29530168.91,-31.9,-0.02,2.73,0.00,-31.9,-0.02,-2546.97,-0.03
763,Exit short,2025-11-21 18:15,Short Exit,204.914,31307,6408041.988,-45.71,-0.11,14.51,0.04,-45.71,-0.11,-2592.68,-0.03
763,Entry short,2025-11-21 18:00," | F:75,3,11,1,0,44.9",204.684,31307,6408041.988,-45.71,-0.11,14.51,0.04,-45.71,-0.11,-2592.68,-0.03
764,Exit short,2025-11-24 08:00,Short Exit,205.194,93186,19115244.18,-38.13,-0.03,21.45,0.02,-38.13,-0.03,-2630.81,-0.03
764,Entry short,2025-11-24 07:10," | F:50,3,13,1,1,49.64",205.13,93186,19115244.18,-38.13,-0.03,21.45,0.02,-38.13,-0.03,-2630.81,-0.03
765,Exit long,2025-11-24 20:55,Long Exit,205.643,112101,23027002.71,164.83,0.11,164.83,0.11,-30.1,-0.02,-2465.98,-0.02
765,Entry long,2025-11-24 19:05," | F:80,3,15,1,1,42.52",205.413,112101,23027002.71,164.83,0.11,164.83,0.11,-30.1,-0.02,-2465.98,-0.02
766,Exit long,2025-11-24 21:45,Long Exit,205.563,196042,40302902.49,-25.07,-0.01,23.81,0.01,-25.07,-0.01,-2491.04,-0.02
766,Entry long,2025-11-24 21:40," | F:75,3,12,1,1,51.85",205.583,196042,40302902.49,-25.07,-0.01,23.81,0.01,-25.07,-0.01,-2491.04,-0.02
767,Exit long,2025-11-25 16:25,Long Exit,205.653,61486,12627933.19,107.33,0.13,107.33,0.13,-12.14,-0.02,-2383.71,-0.02
767,Entry long,2025-11-25 15:45," | F:80,3,7,1,1,56.22",205.379,61486,12627933.19,107.33,0.13,107.33,0.13,-12.14,-0.02,-2383.71,-0.02
768,Exit short,2025-11-26 08:00,Short Exit,205.966,132304,27244965.81,-33.05,-0.02,72.03,0.04,-33.05,-0.02,-2416.76,-0.02
768,Entry short,2025-11-26 07:45," | F:50,3,6,1,1,60.61",205.927,132304,27244965.81,-33.05,-0.02,72.03,0.04,-33.05,-0.02,-2416.76,-0.02
769,Exit short,2025-11-27 08:30,Short Exit,206.957,72248,14945871.51,-40.62,-0.04,12,0.01,-40.62,-0.04,-2457.38,-0.02
769,Entry short,2025-11-27 08:15," | F:45,3,22,1,1,55.56",206.869,72248,14945871.51,-40.62,-0.04,12,0.01,-40.62,-0.04,-2457.38,-0.02
770,Exit long,2025-11-28 08:20,Long Exit,206.831,83182,17210771.71,-39.36,-0.04,21.81,0.02,-39.36,-0.04,-2496.74,-0.02
770,Entry long,2025-11-28 08:10," | F:75,3,7,1,1,53.92",206.905,83182,17210771.71,-39.36,-0.04,21.81,0.02,-39.36,-0.04,-2496.74,-0.02
771,Exit short,2025-11-28 18:10,Short Exit,206.853,61448,12704128.21,-42.05,-0.05,29.08,0.04,-42.05,-0.05,-2538.79,-0.03
771,Entry short,2025-11-28 18:00," | F:70,3,115,1,1,61.05",206.746,61448,12704128.21,-42.05,-0.05,29.08,0.04,-42.05,-0.05,-2538.79,-0.03
772,Exit short,2025-12-01 23:35,Short Exit,205.435,199305,40940435.88,-24.25,-0.01,11.49,0.00,-24.25,-0.01,-2563.04,-0.03
772,Entry short,2025-12-01 23:25," | F:70,3,8,1,0,50.86",205.416,199305,40940435.88,-24.25,-0.01,11.49,0.00,-24.25,-0.01,-2563.04,-0.03
773,Exit short,2025-12-03 02:50,Short Exit,205.962,181108,37297200.41,-26.71,-0.01,40.65,0.02,-26.71,-0.01,-2589.75,-0.03
773,Entry short,2025-12-03 02:45," | F:45,3,11,1,1,55.93",205.939,181108,37297200.41,-26.71,-0.01,40.65,0.02,-26.71,-0.01,-2589.75,-0.03
774,Exit short,2025-12-03 14:35,Short Exit,206.699,98358,20324697.12,-37.22,-0.03,0.63,0.00,-37.22,-0.03,-2626.96,-0.03
774,Entry short,2025-12-03 14:30," | F:50,3,27,1,1,55.52",206.64,98358,20324697.12,-37.22,-0.03,0.63,0.00,-37.22,-0.03,-2626.96,-0.03
775,Exit long,2025-12-04 09:20,Long Exit,207.075,97050,20102451.75,-37.5,-0.03,47.5,0.04,-37.5,-0.03,-2664.47,-0.03
775,Entry long,2025-12-04 09:00," | F:75,3,13,1,1,45.73",207.135,97050,20102451.75,-37.5,-0.03,47.5,0.04,-37.5,-0.03,-2664.47,-0.03
776,Exit long,2025-12-04 12:05,Long Exit,206.557,43774,9048698.636,-44.26,-0.08,52.43,0.09,-44.26,-0.08,-2708.72,-0.03
776,Entry long,2025-12-04 10:10," | F:75,3,217,1,0,21.31",206.714,43774,9048698.636,-44.26,-0.08,52.43,0.09,-44.26,-0.08,-2708.72,-0.03
777,Exit long,2025-12-04 20:05,Long Exit,206.688,95649,19775335.1,-37.57,-0.03,12.94,0.01,-37.57,-0.03,-2746.3,-0.03
777,Entry long,2025-12-04 19:40," | F:55,3,15,1,0,48.38",206.749,95649,19775335.1,-37.57,-0.03,12.94,0.01,-37.57,-0.03,-2746.3,-0.03
778,Exit long,2025-12-05 03:05,Long Exit,206.544,84233,17403885.53,-39.09,-0.03,0.54,0.00,-39.09,-0.03,-2785.39,-0.03
778,Entry long,2025-12-05 03:00," | F:50,3,25,1,0,44.09",206.616,84233,17403885.53,-39.09,-0.03,0.54,0.00,-39.09,-0.03,-2785.39,-0.03
779,Exit long,2025-12-08 11:55,Long Exit,207,165350,34231914.45,-28.73,-0.01,58.53,0.03,-28.73,-0.01,-2814.12,-0.03
779,Entry long,2025-12-08 11:30," | F:75,3,16,1,1,47.79",207.027,165350,34231914.45,-28.73,-0.01,58.53,0.03,-28.73,-0.01,-2814.12,-0.03
780,Exit long,2025-12-08 19:25,Long Exit,207.483,173140,35927935.12,-27.86,-0.01,10.03,0.00,-27.86,-0.01,-2841.98,-0.03
780,Entry long,2025-12-08 19:20," | F:70,3,16,1,1,46.71",207.508,173140,35927935.12,-27.86,-0.01,10.03,0.00,-27.86,-0.01,-2841.98,-0.03
781,Exit short,2025-12-09 06:15,Short Exit,207.753,147043,30543771.96,-31.11,-0.02,1.89,0.00,-31.11,-0.02,-2873.09,-0.03
781,Entry short,2025-12-09 06:10," | F:50,3,9,1,1,49.22",207.72,147043,30543771.96,-31.11,-0.02,1.89,0.00,-31.11,-0.02,-2873.09,-0.03
782,Exit short,2025-12-09 17:55,Short Exit,208.589,93348,19465391.7,-38.3,-0.03,38.3,0.03,-38.3,-0.03,-2911.39,-0.03
782,Entry short,2025-12-09 17:40," | F:55,3,82,1,1,67.4",208.525,93348,19465391.7,-38.3,-0.03,38.3,0.03,-38.3,-0.03,-2911.39,-0.03
783,Exit short,2025-12-09 21:00,Short Exit,208.715,95682,19964336.35,-38.03,-0.03,33.74,0.03,-38.03,-0.03,-2949.42,-0.03
783,Entry short,2025-12-09 20:35," | F:50,3,12,1,1,48.09",208.653,95682,19964336.35,-38.03,-0.03,33.74,0.03,-38.03,-0.03,-2949.42,-0.03
784,Exit long,2025-12-10 12:30,Long Exit,208.665,60786,12690536.36,-42.22,-0.05,3.49,0.00,-42.22,-0.05,-2991.64,-0.03
784,Entry long,2025-12-10 12:05," | F:75,3,10,1,1,56.46",208.774,60786,12690536.36,-42.22,-0.05,3.49,0.00,-42.22,-0.05,-2991.64,-0.03
785,Exit short,2025-12-10 16:00,Time Stop (Bars),208.651,34366,7166823.104,-23.43,-0.05,14.89,0.03,-44.23,-0.10,-3015.07,-0.03
785,Entry short,2025-12-10 13:00," | F:50,3,8,1,1,37.08",208.544,34366,7166823.104,-23.43,-0.05,14.89,0.03,-44.23,-0.10,-3015.07,-0.03
786,Exit long,2025-12-11 00:00,Time Stop (Bars),208.594,33250,6936515.25,-4.9,-0.01,55.72,0.13,-28.33,-0.06,-3019.97,-0.03
786,Entry long,2025-12-10 21:00," | F:60,3,30,1,1,53.73",208.617,33250,6936515.25,-4.9,-0.01,55.72,0.13,-28.33,-0.06,-3019.97,-0.03
787,Exit long,2025-12-11 03:20,Long Exit,208.347,103795,21631085.59,-36.58,-0.03,27.93,0.02,-36.58,-0.03,-3056.54,-0.03
787,Entry long,2025-12-11 03:05," | F:50,3,7,1,0,43.83",208.402,103795,21631085.59,-36.58,-0.03,27.93,0.02,-36.58,-0.03,-3056.54,-0.03
788,Exit long,2025-12-11 16:25,Long Exit,208.092,66390,13821667.71,-41.26,-0.05,38.71,0.04,-41.26,-0.05,-3097.8,-0.03
788,Entry long,2025-12-11 15:40," | F:55,3,116,1,0,36.73",208.189,66390,13821667.71,-41.26,-0.05,38.71,0.04,-41.26,-0.05,-3097.8,-0.03
789,Exit long,2025-12-12 06:20,Long Exit,208.577,155606,32429379.64,169.99,0.08,169.99,0.08,-23,-0.01,-2927.82,-0.03
789,Entry long,2025-12-12 03:35," | F:70,3,17,1,1,47.32",208.407,155606,32429379.64,169.99,0.08,169.99,0.08,-23,-0.01,-2927.82,-0.03
790,Exit short,2025-12-12 14:55,Short Exit,208.673,85655,17867804.31,-39.08,-0.03,127.15,0.11,-39.08,-0.03,-2966.9,-0.03
790,Entry short,2025-12-12 12:10," | F:55,3,45,1,1,58.6",208.602,85655,17867804.31,-39.08,-0.03,127.15,0.11,-39.08,-0.03,-2966.9,-0.03
791,Exit long,2025-12-15 13:45,Long Exit,207.447,106179,22032142.5,-36.1,-0.03,8.85,0.01,-36.1,-0.03,-3003,-0.03
791,Entry long,2025-12-15 13:30," | F:60,3,18,1,0,51.62",207.5,106179,22032142.5,-36.1,-0.03,8.85,0.01,-36.1,-0.03,-3003,-0.03
792,Exit short,2025-12-15 17:00,Short Exit,207.408,81653,16956551.9,135.14,0.12,135.14,0.12,-28.29,-0.03,-2867.86,-0.03
792,Entry short,2025-12-15 16:00," | F:65,3,133,1,0,55.96",207.666,81653,16956551.9,135.14,0.12,135.14,0.12,-28.29,-0.03,-2867.86,-0.03
793,Exit short,2025-12-15 21:00,Time Stop (Bars),207.637,61583,12795530.99,55.31,0.07,86.91,0.11,-39.51,-0.05,-2812.55,-0.03
793,Entry short,2025-12-15 18:00," | F:70,3,162,1,1,60.78",207.777,61583,12795530.99,55.31,0.07,86.91,0.11,-39.51,-0.05,-2812.55,-0.03
794,Exit long,2025-12-16 02:00,Long Exit,207.312,45649,9470432.838,-44.1,-0.07,37.34,0.06,-44.1,-0.07,-2856.65,-0.03
794,Entry long,2025-12-16 00:00," | F:50,3,121,1,0,32.74",207.462,45649,9470432.838,-44.1,-0.07,37.34,0.06,-44.1,-0.07,-2856.65,-0.03
795,Exit short,2025-12-16 10:55,Short Exit,207.408,67935,14083876.59,-41.13,-0.05,75.69,0.08,-41.13,-0.05,-2897.77,-0.03
795,Entry short,2025-12-16 10:05," | F:65,3,98,1,1,66.61",207.314,67935,14083876.59,-41.13,-0.05,75.69,0.08,-41.13,-0.05,-2897.77,-0.03
796,Exit short,2025-12-16 11:05,Short Exit,207.461,104636,21702238.85,-36.39,-0.03,12.13,0.01,-36.39,-0.03,-2934.16,-0.03
796,Entry short,2025-12-16 11:00," | F:70,3,113,1,1,66.97",207.407,104636,21702238.85,-36.39,-0.03,12.13,0.01,-36.39,-0.03,-2934.16,-0.03
797,Exit long,2025-12-16 14:35,Long Exit,207.79,69723,14494086.96,-40.86,-0.04,35.02,0.04,-40.86,-0.04,-2975.02,-0.03
797,Entry long,2025-12-16 14:15," | F:65,3,6,1,1,61.87",207.881,69723,14494086.96,-40.86,-0.04,35.02,0.04,-40.86,-0.04,-2975.02,-0.03
798,Exit long,2025-12-16 17:35,Long Exit,207.2,83071,17218375.38,-39.05,-0.04,39.59,0.04,-39.05,-0.04,-3014.07,-0.03
798,Entry long,2025-12-16 17:25," | F:70,3,90,1,0,29.46",207.273,83071,17218375.38,-39.05,-0.04,39.59,0.04,-39.05,-0.04,-3014.07,-0.03
799,Exit long,2025-12-17 09:30,Long Exit,207.257,44682,9267538.302,-44.46,-0.07,1.15,0.00,-44.46,-0.07,-3058.53,-0.03
799,Entry long,2025-12-17 09:25," | F:55,3,190,1,0,37.22",207.411,44682,9267538.302,-44.46,-0.07,1.15,0.00,-44.46,-0.07,-3058.53,-0.03
800,Exit long,2025-12-17 11:40,Long Exit,207.216,92562,19186251.36,-38.27,-0.03,2.99,0.00,-38.27,-0.03,-3096.81,-0.03
800,Entry long,2025-12-17 11:30," | F:55,3,8,1,0,48.11",207.28,92562,19186251.36,-38.27,-0.03,2.99,0.00,-38.27,-0.03,-3096.81,-0.03
801,Exit long,2025-12-18 14:00,Long Exit,207.968,90634,18854953.56,-38.41,-0.03,80.31,0.07,-38.41,-0.03,-3135.22,-0.03
801,Entry long,2025-12-18 11:25," | F:75,3,100,1,0,27.17",208.034,90634,18854953.56,-38.41,-0.03,80.31,0.07,-38.41,-0.03,-3135.22,-0.03
802,Exit long,2025-12-18 20:45,Long Exit,208.355,155582,32389838.67,169.83,0.08,169.83,0.08,-1,0.00,-2965.39,-0.03
802,Entry long,2025-12-18 20:10," | F:50,3,9,1,0,41.69",208.185,155582,32389838.67,169.83,0.08,169.83,0.08,-1,0.00,-2965.39,-0.03
803,Exit short,2025-12-19 02:35,Short Exit,208.334,165619,34499597.03,-28.74,-0.01,58.54,0.03,-28.74,-0.01,-2994.13,-0.03
803,Entry short,2025-12-19 02:10," | F:70,3,66,1,1,60.95",208.307,165619,34499597.03,-28.74,-0.01,58.54,0.03,-28.74,-0.01,-2994.13,-0.03
804,Exit long,2025-12-19 13:15,Long Exit,210.368,61946,13038084.35,-42.6,-0.05,1.59,0.00,-42.6,-0.05,-3036.73,-0.03
804,Entry long,2025-12-19 13:00," | F:80,3,11,1,1,73.02",210.475,61946,13038084.35,-42.6,-0.05,1.59,0.00,-42.6,-0.05,-3036.73,-0.03
805,Exit long,2025-12-19 16:05,Long Exit,210.434,100792,21188393.45,139.27,0.10,139.27,0.10,-29.8,-0.02,-2897.45,-0.03
805,Entry long,2025-12-19 15:05," | F:80,3,41,1,1,41.82",210.219,100792,21188393.45,139.27,0.10,139.27,0.10,-29.8,-0.02,-2897.45,-0.03
806,Exit short,2025-12-19 18:10,Short Exit,210.572,54652,11501404.1,-43.55,-0.06,69.2,0.09,-43.55,-0.06,-2941.01,-0.03
806,Entry short,2025-12-19 17:00," | F:55,3,50,1,1,56.64",210.448,54652,11501404.1,-43.55,-0.06,69.2,0.09,-43.55,-0.06,-2941.01,-0.03
807,Exit short,2025-12-22 04:55,Short Exit,210.829,138073,29104683.82,-32.38,-0.02,10.5,0.01,-32.38,-0.02,-2973.38,-0.03
807,Entry short,2025-12-22 04:45," | F:50,3,14,1,1,50.31",210.792,138073,29104683.82,-32.38,-0.02,10.5,0.01,-32.38,-0.02,-2973.38,-0.03
808,Exit long,2025-12-22 08:15,Long Exit,210.72,98311,20721992.58,-37.39,-0.03,66.05,0.05,-37.39,-0.03,-3010.77,-0.03
808,Entry long,2025-12-22 06:45," | F:70,3,10,1,1,48.95",210.78,98311,20721992.58,-37.39,-0.03,66.05,0.05,-37.39,-0.03,-3010.77,-0.03
809,Exit short,2025-12-23 10:10,Short Exit,210.747,147162,31009093.67,-30.91,-0.02,0.94,0.00,-30.91,-0.02,-3041.68,-0.03
809,Entry short,2025-12-23 10:05," | F:65,3,59,1,0,68.17",210.714,147162,31009093.67,-30.91,-0.02,0.94,0.00,-30.91,-0.02,-3041.68,-0.03
810,Exit short,2025-12-23 13:45,Short Exit,210.661,78762,16585859.48,-39.6,-0.04,14.54,0.01,-39.6,-0.04,-3081.29,-0.03
810,Entry short,2025-12-23 13:40," | F:65,3,7,1,0,48.96",210.582,78762,16585859.48,-39.6,-0.04,14.54,0.01,-39.6,-0.04,-3081.29,-0.03
811,Exit long,2025-12-23 19:30,Long Exit,210.557,150267,31644577.26,-30.61,-0.02,6.7,0.00,-30.61,-0.02,-3111.89,-0.03
811,Entry long,2025-12-23 19:25," | F:55,3,57,1,0,32.92",210.589,150267,31644577.26,-30.61,-0.02,6.7,0.00,-30.61,-0.02,-3111.89,-0.03
812,Exit short,2025-12-24 23:40,Time Stop (Bars),210.3,87619,18442134.74,101.5,0.09,130.66,0.11,-8.97,-0.01,-3010.39,-0.03
812,Entry short,2025-12-24 20:40," | F:65,3,11,1,0,56.7",210.481,87619,18442134.74,101.5,0.09,130.66,0.11,-8.97,-0.01,-3010.39,-0.03
813,Exit long,2025-12-26 09:00,Long Exit,210.75,104175,21960610.88,-36.79,-0.03,62.21,0.04,-36.79,-0.03,-3047.18,-0.03
813,Entry long,2025-12-26 08:40," | F:65,3,7,1,1,47.77",210.805,104175,21960610.88,-36.79,-0.03,62.21,0.04,-36.79,-0.03,-3047.18,-0.03
814,Exit long,2025-12-26 15:40,Long Exit,211.368,69788,14733921.71,109.34,0.12,109.34,0.12,-13,-0.01,-2937.85,-0.03
814,Entry long,2025-12-26 15:05," | F:70,3,15,1,1,63.96",211.124,69788,14733921.71,109.34,0.12,109.34,0.12,-13,-0.01,-2937.85,-0.03
815,Exit short,2025-12-29 23:15,Short Exit,210.828,156059,32896925.08,-29.89,-0.01,7.97,0.00,-29.89,-0.01,-2967.74,-0.03
815,Entry short,2025-12-29 23:10," | F:70,3,20,1,0,58.46",210.798,156059,32896925.08,-29.89,-0.01,7.97,0.00,-29.89,-0.01,-2967.74,-0.03
816,Exit short,2025-12-30 15:55,Short Exit,210.76,94045,19814999.37,-37.94,-0.03,81.31,0.06,-37.94,-0.03,-3005.68,-0.03
816,Entry short,2025-12-30 15:20," | F:75,3,26,1,0,58.81",210.697,94045,19814999.37,-37.94,-0.03,81.31,0.06,-37.94,-0.03,-3005.68,-0.03
817,Exit long,2025-12-30 16:50,Long Exit,210.495,64545,13592918.82,-41.75,-0.05,52.91,0.06,-41.75,-0.05,-3047.43,-0.03
817,Entry long,2025-12-30 16:10," | F:50,3,15,1,0,47.95",210.596,64545,13592918.82,-41.75,-0.05,52.91,0.06,-41.75,-0.05,-3047.43,-0.03
818,Exit long,2026-01-02 17:05,Long Exit,211.031,62251,13143489.39,-42.09,-0.05,58.36,0.07,-42.09,-0.05,-3089.52,-0.03
818,Entry long,2026-01-02 16:35," | F:80,3,13,1,1,56.41",211.137,62251,13143489.39,-42.09,-0.05,58.36,0.07,-42.09,-0.05,-3089.52,-0.03
819,Exit short,2026-01-05 15:55,Short Exit,210.946,59333,12509413.72,-42.36,-0.05,48.03,0.06,-42.36,-0.05,-3131.87,-0.03
819,Entry short,2026-01-05 13:45," | F:75,3,18,1,0,50.26",210.834,59333,12509413.72,-42.36,-0.05,48.03,0.06,-42.36,-0.05,-3131.87,-0.03
820,Exit short,2026-01-06 05:25,Short Exit,212.005,80601,17081608.73,-39.66,-0.04,0.52,0.00,-39.66,-0.04,-3171.54,-0.03
820,Entry short,2026-01-06 05:15," | F:50,3,19,1,1,50.24",211.928,80601,17081608.73,-39.66,-0.04,0.52,0.00,-39.66,-0.04,-3171.54,-0.03
821,Exit long,2026-01-06 09:10,Long Exit,211.927,104164,22080893.05,-36.61,-0.03,15.98,0.01,-36.61,-0.03,-3208.15,-0.03
821,Entry long,2026-01-06 09:00," | F:70,3,14,1,1,51.13",211.982,104164,22080893.05,-36.61,-0.03,15.98,0.01,-36.61,-0.03,-3208.15,-0.03
822,Exit short,2026-01-06 10:15,Short Exit,211.958,48533,10280114.46,-43.73,-0.07,13.34,0.02,-43.73,-0.07,-3251.89,-0.03
822,Entry short,2026-01-06 10:00," | F:55,3,11,1,1,37.66",211.817,48533,10280114.46,-43.73,-0.07,13.34,0.02,-43.73,-0.07,-3251.89,-0.03
823,Exit long,2026-01-06 14:50,Long Exit,211.374,107145,22653345.91,-36.29,-0.03,17.12,0.01,-36.29,-0.03,-3288.18,-0.03
823,Entry long,2026-01-06 14:40," | F:70,3,211,1,0,34.87",211.427,107145,22653345.91,-36.29,-0.03,17.12,0.01,-36.29,-0.03,-3288.18,-0.03
824,Exit short,2026-01-06 16:40,Short Exit,211.581,62031,13118005.72,-42.02,-0.05,23.79,0.03,-42.02,-0.05,-3330.2,-0.03
824,Entry short,2026-01-06 16:10," | F:70,3,31,1,0,49.38",211.475,62031,13118005.72,-42.02,-0.05,23.79,0.03,-42.02,-0.05,-3330.2,-0.03
825,Exit short,2026-01-06 19:05,Short Exit,211.549,150677,31870747.01,-30.82,-0.02,95.33,0.05,-30.82,-0.02,-3361.02,-0.03
825,Entry short,2026-01-06 18:25," | F:70,3,15,1,0,52.29",211.517,150677,31870747.01,-30.82,-0.02,95.33,0.05,-30.82,-0.02,-3361.02,-0.03
826,Exit long,2026-01-07 15:00,Long Exit,211.113,128294,27089791.28,-33.56,-0.02,36.84,0.02,-33.56,-0.02,-3394.58,-0.03
826,Entry long,2026-01-07 14:30," | F:55,3,33,1,0,36.74",211.154,128294,27089791.28,-33.56,-0.02,36.84,0.02,-33.56,-0.02,-3394.58,-0.03
827,Exit short,2026-01-08 16:30,Short Exit,210.791,99368,20940017.38,-37.39,-0.03,20.91,0.02,-37.39,-0.03,-3431.97,-0.03
827,Entry short,2026-01-08 16:25," | F:70,3,28,1,0,55.98",210.732,99368,20940017.38,-37.39,-0.03,20.91,0.02,-37.39,-0.03,-3431.97,-0.03
828,Exit long,2026-01-13 02:50,Long Exit,213.116,51645,10989539.55,106.42,0.15,106.42,0.15,-28.4,-0.04,-3325.54,-0.03
828,Entry long,2026-01-13 01:45," | F:75,3,121,1,1,44.06",212.79,51645,10989539.55,106.42,0.15,106.42,0.15,-28.4,-0.04,-3325.54,-0.03
829,Exit short,2026-01-13 21:40,Time Stop (Bars),213.717,83758,17903523.77,19.06,0.02,135.54,0.12,-6.88,-0.01,-3306.48,-0.03
829,Entry short,2026-01-13 18:40," | F:80,3,19,1,1,48.13",213.753,83758,17903523.77,19.06,0.02,135.54,0.12,-6.88,-0.01,-3306.48,-0.03
830,Exit long,2026-01-14 08:40,Long Exit,213.956,102077,21845907.08,-37.2,-0.03,51.95,0.04,-37.2,-0.03,-3343.68,-0.03
830,Entry long,2026-01-14 08:10," | F:70,3,13,1,1,49.41",214.014,102077,21845907.08,-37.2,-0.03,51.95,0.04,-37.2,-0.03,-3343.68,-0.03
831,Exit long,2026-01-14 11:20,Long Exit,213.56,34725,7423128.525,-45.6,-0.10,20.95,0.04,-45.6,-0.10,-3389.28,-0.03
831,Entry long,2026-01-14 10:35," | F:45,3,116,1,0,37.08",213.769,34725,7423128.525,-45.6,-0.10,20.95,0.04,-45.6,-0.10,-3389.28,-0.03
832,Exit short,2026-01-14 15:30,Short Exit,213.329,64983,13856130.14,-41.65,-0.05,30.62,0.04,-41.65,-0.05,-3430.93,-0.03
832,Entry short,2026-01-14 15:00," | F:70,3,7,1,0,37.65",213.227,64983,13856130.14,-41.65,-0.05,30.62,0.04,-41.65,-0.05,-3430.93,-0.03
833,Exit short,2026-01-15 09:00,Short Exit,212.989,146837,31269673.34,-31.5,-0.02,41.69,0.02,-31.5,-0.02,-3462.42,-0.03
833,Entry short,2026-01-15 08:35," | F:75,3,41,1,0,59.56",212.955,146837,31269673.34,-31.5,-0.02,41.69,0.02,-31.5,-0.02,-3462.42,-0.03
834,Exit long,2026-01-16 03:05,Time Stop (Bars),212.146,60521,12841527.34,-14.11,-0.02,44.62,0.06,-34.71,-0.04,-3476.54,-0.03
834,Entry long,2026-01-16 00:05," | F:60,3,79,1,0,46.61",212.183,60521,12841527.34,-14.11,-0.02,44.62,0.06,-34.71,-0.04,-3476.54,-0.03
835,Exit short,2026-01-16 20:15,Short Exit,211.658,45147,9548725.941,-44.1,-0.07,34.71,0.06,-44.1,-0.07,-3520.64,-0.04
835,Entry short,2026-01-16 17:20," | F:75,3,7,1,0,32.52",211.503,45147,9548725.941,-44.1,-0.07,34.71,0.06,-44.1,-0.07,-3520.64,-0.04