Trade #,Type,Date and time,Signal,Price USD,Position size (qty),Position size (value),Net P&L USD,Net P&L %,Favorable excursion USD,Favorable excursion %,Adverse excursion USD,Adverse excursion %,Cumulative P&L USD,Cumulative P&L %
1,Exit short,2024-01-03 04:20,Short Exit,2064.13,42,86652.3,-41.16,-0.05,18.06,0.02,-41.16,-0.05,-41.16,0.00
1,Entry short,2024-01-03 04:15," | F:50,82,0,1,0.82,0,0,62.32",2063.15,42,86652.3,-41.16,-0.05,18.06,0.02,-41.16,-0.05,-41.16,0.00
2,Exit short,2024-01-04 09:25,Short Exit,2048.58,25,51169,-45.5,-0.09,40.5,0.08,-45.5,-0.09,-86.66,0.00
2,Entry short,2024-01-04 08:25," | F:70,212,0,1,1.35,0,1,68.43",2046.76,25,51169,-45.5,-0.09,40.5,0.08,-45.5,-0.09,-86.66,0.00
3,Exit long,2024-01-04 15:20,Long Exit,2043.2,28,57253.56,-43.96,-0.08,65.52,0.11,-43.96,-0.08,-130.62,0.00
3,Entry long,2024-01-04 14:05," | F:50,78,2,0,0.85,0,0,32.86",2044.77,28,57253.56,-43.96,-0.08,65.52,0.11,-43.96,-0.08,-130.62,0.00
4,Exit long,2024-01-05 01:30,Long Exit,2042.75,37,75623.93,-42.18,-0.06,28.49,0.04,-42.18,-0.06,-172.8,0.00
4,Entry long,2024-01-05 01:05," | F:50,31,3,0,0.71,0,0,54.98",2043.89,37,75623.93,-42.18,-0.06,28.49,0.04,-42.18,-0.06,-172.8,0.00
5,Exit long,2024-01-09 15:35,Long Exit,2036.54,30,60989.4,106.8,0.18,106.8,0.18,-2.7,0.00,-66,0.00
5,Entry long,2024-01-09 15:25," | F:75,60,2,0,1.05,0,0,38.83",2032.98,30,60989.4,106.8,0.18,106.8,0.18,-2.7,0.00,-66,0.00
6,Exit short,2024-01-10 19:50,Short Exit,2024.06,47,95264.77,133.95,0.14,133.95,0.14,-35.72,-0.04,67.95,0.00
6,Entry short,2024-01-10 19:00," | F:70,11,2,1,0.83,0,0,48.66",2026.91,47,95264.77,133.95,0.14,133.95,0.14,-35.72,-0.04,67.95,0.00
7,Exit short,2024-01-12 07:50,Short Exit,2035.09,63,128172.87,-37.8,-0.03,52.92,0.04,-37.8,-0.03,30.15,0.00
7,Entry short,2024-01-12 07:00," | F:50,20,0,1,0.61,0,1,57.14",2034.49,63,128172.87,-37.8,-0.03,52.92,0.04,-37.8,-0.03,30.15,0.00
8,Exit short,2024-01-15 15:10,Short Exit,2053.38,57,117003.9,-38.76,-0.03,17.1,0.01,-38.76,-0.03,-8.61,0.00
8,Entry short,2024-01-15 15:00," | F:50,13,2,1,0.7,0,1,49.37",2052.7,57,117003.9,-38.76,-0.03,17.1,0.01,-38.76,-0.03,-8.61,0.00
9,Exit long,2024-01-16 03:00,Long Exit,2050.69,39,80018.64,-41.73,-0.05,23.79,0.03,-41.73,-0.05,-50.34,0.00
9,Entry long,2024-01-16 02:40," | F:75,76,0,0,2.06,0,0,35.89",2051.76,39,80018.64,-41.73,-0.05,23.79,0.03,-41.73,-0.05,-50.34,0.00
10,Exit long,2024-01-17 05:30,Long Exit,2026.4,68,137831.24,-36.04,-0.03,16.32,0.01,-36.04,-0.03,-86.38,0.00
10,Entry long,2024-01-17 05:20," | F:50,38,0,0,0.88,0,0,39.28",2026.93,68,137831.24,-36.04,-0.03,16.32,0.01,-36.04,-0.03,-86.38,0.00
11,Exit short,2024-01-18 11:35,Short Exit,2012.88,45,90538.65,-40.95,-0.05,13.5,0.01,-40.95,-0.05,-127.33,0.00
11,Entry short,2024-01-18 11:30," | F:55,21,1,1,0.8,0,1,59.01",2011.97,45,90538.65,-40.95,-0.05,13.5,0.01,-40.95,-0.05,-127.33,0.00
12,Exit long,2024-01-18 18:30,Time Stop (Bars),2015.77,9,18110.25,31.68,0.17,48.42,0.27,-35.1,-0.19,-95.65,0.00
12,Entry long,2024-01-18 15:30," | F:50,97,2,0,0.28,0,1,44.45",2012.25,9,18110.25,31.68,0.17,48.42,0.27,-35.1,-0.19,-95.65,0.00
13,Exit short,2024-01-18 21:30,Short Exit,2020.48,45,90880.65,-40.95,-0.05,0.45,0.00,-40.95,-0.05,-136.6,0.00
13,Entry short,2024-01-18 21:25," | F:50,7,2,1,0.74,0,1,61.44",2019.57,45,90880.65,-40.95,-0.05,0.45,0.00,-40.95,-0.05,-136.6,0.00
14,Exit short,2024-01-22 14:40,Short Exit,2029,37,75030.08,-42.92,-0.06,28.49,0.04,-42.92,-0.06,-179.52,0.00
14,Entry short,2024-01-22 14:25," | F:70,112,2,1,0.46,0,1,69.47",2027.84,37,75030.08,-42.92,-0.06,28.49,0.04,-42.92,-0.06,-179.52,0.00
15,Exit short,2024-01-22 22:50,Short Exit,2020.72,96,193958.4,-30.72,-0.02,0.96,0.00,-30.72,-0.02,-210.24,0.00
15,Entry short,2024-01-22 22:45," | F:70,11,2,1,0.87,0,0,49.07",2020.4,96,193958.4,-30.72,-0.02,0.96,0.00,-30.72,-0.02,-210.24,0.00
16,Exit short,2024-01-23 04:15,Short Exit,2022.12,33,66686.73,-43.23,-0.06,6.27,0.01,-43.23,-0.06,-253.47,0.00
16,Entry short,2024-01-23 04:05," | F:65,11,0,1,0.46,0,0,47.5",2020.81,33,66686.73,-43.23,-0.06,6.27,0.01,-43.23,-0.06,-253.47,0.00
17,Exit short,2024-01-23 23:40,Short Exit,2029.03,122,247516.04,-25.62,-0.01,0,0.00,-25.62,-0.01,-279.09,0.00
17,Entry short,2024-01-23 23:35," | F:50,17,3,1,1.75,0,1,58.45",2028.82,122,247516.04,-25.62,-0.01,0,0.00,-25.62,-0.01,-279.09,0.00
18,Exit short,2024-01-24 08:25,Short Exit,2025.63,54,109344.6,-39.42,-0.04,120.96,0.11,-39.42,-0.04,-318.51,0.00
18,Entry short,2024-01-24 06:45," | F:70,25,0,1,0.77,0,0,48.65",2024.9,54,109344.6,-39.42,-0.04,120.96,0.11,-39.42,-0.04,-318.51,0.00
19,Exit long,2024-01-25 14:50,Long Exit,2013.47,26,52394.16,-43.94,-0.08,23.92,0.05,-43.94,-0.08,-362.45,0.00
19,Entry long,2024-01-25 14:30," | F:55,38,2,0,0.85,0,0,38.42",2015.16,26,52394.16,-43.94,-0.08,23.92,0.05,-43.94,-0.08,-362.45,0.00
20,Exit long,2024-01-26 11:00,Long Exit,2019.69,51,103044.48,-40.29,-0.04,116.79,0.11,-40.29,-0.04,-402.74,0.00
20,Entry long,2024-01-26 09:15," | F:70,82,1,0,0.78,0,1,38.13",2020.48,51,103044.48,-40.29,-0.04,116.79,0.11,-40.29,-0.04,-402.74,0.00
21,Exit long,2024-01-30 03:10,Long Exit,2031.42,47,95517.16,-40.42,-0.04,5.64,0.01,-40.42,-0.04,-443.16,0.00
21,Entry long,2024-01-30 03:05," | F:65,11,0,0,0.47,0,1,51.66",2032.28,47,95517.16,-40.42,-0.04,5.64,0.01,-40.42,-0.04,-443.16,0.00
22,Exit long,2024-01-30 16:05,Long Exit,2038.53,19,38627.57,104.5,0.27,104.5,0.27,-10.26,-0.03,-338.66,0.00
22,Entry long,2024-01-30 13:25," | F:70,106,1,0,0.44,0,0,30.38",2033.03,19,38627.57,104.5,0.27,104.5,0.27,-10.26,-0.03,-338.66,0.00
23,Exit long,2024-01-31 22:00,Long Exit,2038.94,9,18400.86,-50.4,-0.27,55.98,0.30,-50.4,-0.27,-389.06,0.00
23,Entry long,2024-01-31 21:00," | F:75,65,2,0,1.11,0,1,28.05",2044.54,9,18400.86,-50.4,-0.27,55.98,0.30,-50.4,-0.27,-389.06,0.00
24,Exit short,2024-02-02 07:05,Short Exit,2055.14,100,205484,-30,-0.01,0,0.00,-30,-0.01,-419.06,0.00
24,Entry short,2024-02-02 07:00," | F:50,10,0,1,0.82,0,1,55.3",2054.84,100,205484,-30,-0.01,0,0.00,-30,-0.01,-419.06,0.00
25,Exit short,2024-02-02 21:50,Short Exit,2038.34,47,95761.09,-40.89,-0.04,5.17,0.01,-40.89,-0.04,-459.95,0.00
25,Entry short,2024-02-02 21:45," | F:70,13,2,1,0.82,0,0,55.01",2037.47,47,95761.09,-40.89,-0.04,5.17,0.01,-40.89,-0.04,-459.95,0.00
26,Exit long,2024-02-05 22:40,Long Exit,2025.99,94,190274.8,168.26,0.09,168.26,0.09,-3.76,0.00,-291.69,0.00
26,Entry long,2024-02-05 22:20," | F:65,33,2,0,1.05,0,0,42.28",2024.2,94,190274.8,168.26,0.09,168.26,0.09,-3.76,0.00,-291.69,0.00
27,Exit short,2024-02-06 07:15,Short Exit,2026.85,62,125626.88,-37.82,-0.03,35.34,0.03,-37.82,-0.03,-329.51,0.00
27,Entry short,2024-02-06 07:00," | F:70,37,0,1,0.67,0,1,63.49",2026.24,62,125626.88,-37.82,-0.03,35.34,0.03,-37.82,-0.03,-329.51,0.00
28,Exit short,2024-02-06 11:00,Short Exit,2023.01,50,101287,136.5,0.13,136.5,0.13,-15,-0.01,-193.01,0.00
28,Entry short,2024-02-06 10:25," | F:75,7,1,1,0.92,0,0,39.27",2025.74,50,101287,136.5,0.13,136.5,0.13,-15,-0.01,-193.01,0.00
29,Exit long,2024-02-07 12:20,Long Exit,2033.1,82,166747.82,-33.62,-0.02,40.18,0.02,-33.62,-0.02,-226.63,0.00
29,Entry long,2024-02-07 12:10," | F:75,11,1,0,1.08,0,0,48.11",2033.51,82,166747.82,-33.62,-0.02,40.18,0.02,-33.62,-0.02,-226.63,0.00
30,Exit short,2024-02-07 16:40,Short Exit,2037.95,24,48865.68,-45.12,-0.09,84,0.17,-45.12,-0.09,-271.75,0.00
30,Entry short,2024-02-07 16:05," | F:50,231,2,1,0.57,0,1,59.28",2036.07,24,48865.68,-45.12,-0.09,84,0.17,-45.12,-0.09,-271.75,0.00
31,Exit long,2024-02-12 08:45,Long Exit,2023.72,143,289413.41,-21.45,-0.01,0,0.00,-21.45,-0.01,-293.2,0.00
31,Entry long,2024-02-12 08:40," | F:45,8,0,0,0.72,0,0,54.05",2023.87,143,289413.41,-21.45,-0.01,0,0.00,-21.45,-0.01,-293.2,0.00
32,Exit short,2024-02-14 10:30,Short Exit,1986.6,23,45794.84,103.04,0.23,103.04,0.23,-31.97,-0.07,-190.16,0.00
32,Entry short,2024-02-14 09:00," | F:70,15,1,1,0.37,0,0,37.93",1991.08,23,45794.84,103.04,0.23,103.04,0.23,-31.97,-0.07,-190.16,0.00
33,Exit long,2024-02-14 16:50,Long Exit,1988.75,20,39821.2,-46.2,-0.12,23.4,0.06,-46.2,-0.12,-236.36,0.00
33,Entry long,2024-02-14 16:30," | F:50,7,2,0,0.62,0,0,52.39",1991.06,20,39821.2,-46.2,-0.12,23.4,0.06,-46.2,-0.12,-236.36,0.00
34,Exit short,2024-02-14 18:25,Short Exit,1991.09,23,45749.99,-45.08,-0.10,14.95,0.03,-45.08,-0.10,-281.44,0.00
34,Entry short,2024-02-14 18:10," | F:75,19,2,1,1.02,0,0,52.82",1989.13,23,45749.99,-45.08,-0.10,14.95,0.03,-45.08,-0.10,-281.44,0.00
35,Exit short,2024-02-15 05:45,Short Exit,1991.44,72,143547.12,163.44,0.11,163.44,0.11,-33.12,-0.02,-118,0.00
35,Entry short,2024-02-15 02:45," | F:45,69,0,1,3,0,1,59.55",1993.71,72,143547.12,163.44,0.11,163.44,0.11,-33.12,-0.02,-118,0.00
36,Exit short,2024-02-16 17:05,Short Exit,2000.37,27,53965.17,-44.82,-0.08,95.04,0.18,-44.82,-0.08,-162.82,0.00
36,Entry short,2024-02-16 16:40," | F:70,7,2,1,0.76,0,0,38.3",1998.71,27,53965.17,-44.82,-0.08,95.04,0.18,-44.82,-0.08,-162.82,0.00
37,Exit short,2024-02-19 07:45,Short Exit,2020.84,44,88875.6,-41.36,-0.05,14.96,0.02,-41.36,-0.05,-204.18,0.00
37,Entry short,2024-02-19 07:25," | F:50,22,0,1,0.88,0,1,53.78",2019.9,44,88875.6,-41.36,-0.05,14.96,0.02,-41.36,-0.05,-204.18,0.00
38,Exit short,2024-02-21 01:40,Short Exit,2024.36,71,143694.06,-35.5,-0.02,12.07,0.01,-35.5,-0.02,-239.68,0.00
38,Entry short,2024-02-21 01:15," | F:70,11,3,1,0.59,0,0,41.42",2023.86,71,143694.06,-35.5,-0.02,12.07,0.01,-35.5,-0.02,-239.68,0.00
39,Exit short,2024-02-21 15:00,Short Exit,2029.98,55,111609.85,-39.05,-0.03,61.6,0.06,-39.05,-0.03,-278.73,0.00
39,Entry short,2024-02-21 14:20," | F:55,17,2,1,0.43,0,1,58.1",2029.27,55,111609.85,-39.05,-0.03,61.6,0.06,-39.05,-0.03,-278.73,0.00
40,Exit short,2024-02-21 15:25,Short Exit,2027.92,50,101532.5,136.5,0.13,136.5,0.13,0,0.00,-142.23,0.00
40,Entry short,2024-02-21 15:15," | F:50,89,2,1,0.72,0,1,66.86",2030.65,50,101532.5,136.5,0.13,136.5,0.13,0,0.00,-142.23,0.00
41,Exit long,2024-02-21 16:30,Long Exit,2027.48,38,77086.42,-42.18,-0.05,85.88,0.11,-42.18,-0.05,-184.41,0.00
41,Entry long,2024-02-21 15:25," | F:70,21,2,0,0.58,0,1,45.56",2028.59,38,77086.42,-42.18,-0.05,85.88,0.11,-42.18,-0.05,-184.41,0.00
42,Exit short,2024-02-22 02:35,Short Exit,2026.11,67,135712.52,-36.85,-0.03,16.75,0.01,-36.85,-0.03,-221.26,0.00
42,Entry short,2024-02-22 02:20," | F:70,12,0,1,0.78,0,0,52.86",2025.56,67,135712.52,-36.85,-0.03,16.75,0.01,-36.85,-0.03,-221.26,0.00
43,Exit long,2024-02-22 09:50,Long Exit,2031.63,45,91313.55,109.8,0.12,109.8,0.12,-29.25,-0.03,-111.46,0.00
43,Entry long,2024-02-22 08:45," | F:70,10,0,0,0.74,0,1,53.22",2029.19,45,91313.55,109.8,0.12,109.8,0.12,-29.25,-0.03,-111.46,0.00
44,Exit short,2024-02-22 20:05,Short Exit,2021.49,57,115361.73,136.8,0.12,136.8,0.12,-3.42,0.00,25.34,0.00
44,Entry short,2024-02-22 19:35," | F:70,32,2,1,1.22,0,0,58.76",2023.89,57,115361.73,136.8,0.12,136.8,0.12,-3.42,0.00,25.34,0.00
45,Exit long,2024-02-23 10:25,Long Exit,2020.13,78,157604.46,-34.32,-0.02,87.36,0.06,-34.32,-0.02,-8.98,0.00
45,Entry long,2024-02-23 10:10," | F:50,13,1,0,0.78,0,0,42.76",2020.57,78,157604.46,-34.32,-0.02,87.36,0.06,-34.32,-0.02,-8.98,0.00
46,Exit short,2024-02-23 17:50,Short Exit,2028.57,28,56754.88,-45.08,-0.08,38.08,0.07,-45.08,-0.08,-54.06,0.00
46,Entry short,2024-02-23 17:00," | F:55,22,2,1,0.62,0,1,60.26",2026.96,28,56754.88,-45.08,-0.08,38.08,0.07,-45.08,-0.08,-54.06,0.00
47,Exit short,2024-02-27 02:00,Short Exit,2031.55,58,117791.62,-38.28,-0.03,4.06,0.00,-38.28,-0.03,-92.34,0.00
47,Entry short,2024-02-27 01:45," | F:45,17,3,1,0.35,0,1,47.13",2030.89,58,117791.62,-38.28,-0.03,4.06,0.00,-38.28,-0.03,-92.34,0.00
48,Exit short,2024-02-27 15:45,Short Exit,2035.46,49,99872.29,134.75,0.13,134.75,0.13,-16.66,-0.02,42.41,0.00
48,Entry short,2024-02-27 14:00," | F:55,39,2,1,0.79,0,1,66.24",2038.21,49,99872.29,134.75,0.13,134.75,0.13,-16.66,-0.02,42.41,0.00
49,Exit long,2024-02-27 17:05,Long Exit,2033.5,29,59015.58,-44.08,-0.07,62.06,0.11,-44.08,-0.07,-1.67,0.00
49,Entry long,2024-02-27 16:15," | F:70,88,2,0,0.51,0,1,42.14",2035.02,29,59015.58,-44.08,-0.07,62.06,0.11,-44.08,-0.07,-1.67,0.00
50,Exit long,2024-02-27 19:05,Long Exit,2031.69,53,107718.79,-39.22,-0.04,93.28,0.09,-39.22,-0.04,-40.89,0.00
50,Entry long,2024-02-27 18:15," | F:70,183,2,0,0.72,0,0,35.18",2032.43,53,107718.79,-39.22,-0.04,93.28,0.09,-39.22,-0.04,-40.89,0.00
51,Exit long,2024-03-04 10:45,Long Exit,2083.45,27,56297.7,-44.55,-0.08,4.86,0.01,-44.55,-0.08,-85.44,0.00
51,Entry long,2024-03-04 10:25," | F:65,18,1,0,0.44,0,1,52.1",2085.1,27,56297.7,-44.55,-0.08,4.86,0.01,-44.55,-0.08,-85.44,0.00
52,Exit short,2024-03-05 02:05,Short Exit,2115.74,55,116326.65,-39.05,-0.03,47.85,0.04,-39.05,-0.03,-124.49,0.00
52,Entry short,2024-03-05 01:40," | F:50,16,3,1,0.55,0,1,48.59",2115.03,55,116326.65,-39.05,-0.03,47.85,0.04,-39.05,-0.03,-124.49,0.00
53,Exit short,2024-03-05 07:30,Short Exit,2116.68,70,148131.9,-35.7,-0.02,37.1,0.03,-35.7,-0.02,-160.19,0.00
53,Entry short,2024-03-05 07:20," | F:45,88,0,1,0.89,0,1,66.58",2116.17,70,148131.9,-35.7,-0.02,37.1,0.03,-35.7,-0.02,-160.19,0.00
54,Exit long,2024-03-05 14:05,Long Exit,2123.53,29,61626.74,-44.37,-0.07,0,0.00,-44.37,-0.07,-204.56,0.00
54,Entry long,2024-03-05 14:00," | F:75,13,2,0,0.45,0,1,52.52",2125.06,29,61626.74,-44.37,-0.07,0,0.00,-44.37,-0.07,-204.56,0.00
55,Exit long,2024-03-06 10:25,Long Exit,2126.44,29,61711.42,-44.66,-0.07,34.22,0.06,-44.66,-0.07,-249.22,0.00
55,Entry long,2024-03-06 10:00," | F:65,16,1,0,0.64,0,1,48.83",2127.98,29,61711.42,-44.66,-0.07,34.22,0.06,-44.66,-0.07,-249.22,0.00
56,Exit short,2024-03-06 13:30,Short Exit,2128.25,85,180868.1,-33.15,-0.02,8.5,0.00,-33.15,-0.02,-282.37,0.00
56,Entry short,2024-03-06 13:25," | F:75,18,1,1,1.91,0,1,57.9",2127.86,85,180868.1,-33.15,-0.02,8.5,0.00,-33.15,-0.02,-282.37,0.00
57,Exit long,2024-03-08 03:40,Long Exit,2158.33,70,151118.8,-35.7,-0.02,45.5,0.03,-35.7,-0.02,-318.07,0.00
57,Entry long,2024-03-08 03:30," | F:70,41,0,0,0.34,0,1,40.19",2158.84,70,151118.8,-35.7,-0.02,45.5,0.03,-35.7,-0.02,-318.07,0.00
58,Exit short,2024-03-08 06:15,Short Exit,2158.81,55,118695.5,-39.05,-0.03,2.75,0.00,-39.05,-0.03,-357.12,0.00
58,Entry short,2024-03-08 06:10," | F:50,31,0,1,1.26,0,1,57.18",2158.1,55,118695.5,-39.05,-0.03,2.75,0.00,-39.05,-0.03,-357.12,0.00
59,Exit long,2024-03-11 14:40,Long Exit,2176.82,23,50111.25,-44.39,-0.09,42.55,0.08,-44.39,-0.09,-401.51,0.00
59,Entry long,2024-03-11 14:20," | F:70,12,2,0,0.52,0,1,51.59",2178.75,23,50111.25,-44.39,-0.09,42.55,0.08,-44.39,-0.09,-401.51,0.00
60,Exit long,2024-03-12 19:25,Long Exit,2160.59,34,73503.24,-43.18,-0.06,23.12,0.03,-43.18,-0.06,-444.69,0.00
60,Entry long,2024-03-12 19:15," | F:55,22,2,0,0.54,0,0,45.78",2161.86,34,73503.24,-43.18,-0.06,23.12,0.03,-43.18,-0.06,-444.69,0.00
61,Exit short,2024-03-12 21:35,Short Exit,2155.6,68,146544.08,-36.72,-0.03,29.24,0.02,-36.72,-0.03,-481.41,0.00
61,Entry short,2024-03-12 21:30," | F:70,12,2,1,0.89,0,0,45.58",2155.06,68,146544.08,-36.72,-0.03,29.24,0.02,-36.72,-0.03,-481.41,0.00
62,Exit long,2024-03-13 07:35,Long Exit,2159.94,63,135937.62,138.6,0.10,138.6,0.10,-11.97,-0.01,-342.81,0.00
62,Entry long,2024-03-13 06:30," | F:50,55,0,0,0.55,0,0,39.96",2157.74,63,135937.62,138.6,0.10,138.6,0.10,-11.97,-0.01,-342.81,0.00
63,Exit short,2024-03-13 11:00,Time Stop (Bars),2158.2,30,64800,54,0.08,77.7,0.12,-31.5,-0.05,-288.81,0.00
63,Entry short,2024-03-13 08:00," | F:70,38,0,1,0.85,0,0,57.66",2160,30,64800,54,0.08,77.7,0.12,-31.5,-0.05,-288.81,0.00
64,Exit long,2024-03-13 21:50,Long Exit,2172.54,60,130390.2,-37.8,-0.03,7.8,0.01,-37.8,-0.03,-326.61,0.00
64,Entry long,2024-03-13 21:45," | F:75,38,2,0,1.96,0,1,40.69",2173.17,60,130390.2,-37.8,-0.03,7.8,0.01,-37.8,-0.03,-326.61,0.00
65,Exit short,2024-03-14 11:40,Short Exit,2171.56,59,128083.69,-38.35,-0.03,5.31,0.00,-38.35,-0.03,-364.96,0.00
65,Entry short,2024-03-14 11:35," | F:70,57,1,1,0.53,0,1,63.11",2170.91,59,128083.69,-38.35,-0.03,5.31,0.00,-38.35,-0.03,-364.96,0.00
66,Exit short,2024-03-14 14:30,Short Exit,2163.64,27,58522.5,104.22,0.18,104.22,0.18,-24.84,-0.04,-260.74,0.00
66,Entry short,2024-03-14 14:10," | F:70,8,2,1,0.78,0,0,39.22",2167.5,27,58522.5,104.22,0.18,104.22,0.18,-24.84,-0.04,-260.74,0.00
67,Exit short,2024-03-15 02:40,Short Exit,2162.01,53,114547.31,-39.22,-0.03,41.34,0.04,-39.22,-0.03,-299.96,0.00
67,Entry short,2024-03-15 02:00," | F:70,18,0,1,0.73,0,0,44.5",2161.27,53,114547.31,-39.22,-0.03,41.34,0.04,-39.22,-0.03,-299.96,0.00
68,Exit short,2024-03-15 02:50,Short Exit,2162.57,85,183785.3,-33.15,-0.02,5.1,0.00,-33.15,-0.02,-333.11,0.00
68,Entry short,2024-03-15 02:45," | F:70,39,0,1,0.38,0,0,58.61",2162.18,85,183785.3,-33.15,-0.02,5.1,0.00,-33.15,-0.02,-333.11,0.00
69,Exit short,2024-03-15 05:45,Short Exit,2164.42,71,153638.32,-35.5,-0.02,20.59,0.01,-35.5,-0.02,-368.61,0.00
69,Entry short,2024-03-15 05:30," | F:70,25,0,1,0.83,0,1,62.49",2163.92,71,153638.32,-35.5,-0.02,20.59,0.01,-35.5,-0.02,-368.61,0.00
70,Exit long,2024-03-15 13:25,Long Exit,2166.26,40,86692,-41.6,-0.05,10.4,0.01,-41.6,-0.05,-410.21,0.00
70,Entry long,2024-03-15 13:10," | F:75,31,1,0,0.95,0,1,40.18",2167.3,40,86692,-41.6,-0.05,10.4,0.01,-41.6,-0.05,-410.21,0.00
71,Exit long,2024-03-18 18:50,Long Exit,2160.55,25,53907.75,106,0.20,106,0.20,-19.75,-0.04,-304.21,0.00
71,Entry long,2024-03-18 18:05," | F:75,75,2,0,0.54,0,1,42.59",2156.31,25,53907.75,106,0.20,106,0.20,-19.75,-0.04,-304.21,0.00
72,Exit long,2024-03-18 22:45,Time Stop (Bars),2159.42,32,69097.6,3.84,0.01,51.84,0.08,-7.68,-0.01,-300.37,0.00
72,Entry long,2024-03-18 19:45," | F:75,15,2,0,0.69,0,1,50.92",2159.3,32,69097.6,3.84,0.01,51.84,0.08,-7.68,-0.01,-300.37,0.00
73,Exit long,2024-03-19 03:30,Long Exit,2160.03,54,116681.04,-39.42,-0.03,72.36,0.06,-39.42,-0.03,-339.79,0.00
73,Entry long,2024-03-19 03:00," | F:70,36,0,0,1.19,0,1,40.7",2160.76,54,116681.04,-39.42,-0.03,72.36,0.06,-39.42,-0.03,-339.79,0.00
74,Exit short,2024-03-19 13:55,Short Exit,2156.5,44,94844.64,-41.36,-0.04,21.12,0.02,-41.36,-0.04,-381.15,0.00
74,Entry short,2024-03-19 13:45," | F:70,58,1,1,0.69,0,0,60.09",2155.56,44,94844.64,-41.36,-0.04,21.12,0.02,-41.36,-0.04,-381.15,0.00
75,Exit long,2024-03-20 14:05,Long Exit,2153.68,98,211091.02,-30.38,-0.01,9.8,0.00,-30.38,-0.01,-411.53,0.00
75,Entry long,2024-03-20 14:00," | F:45,6,2,0,0.79,0,0,48.13",2153.99,98,211091.02,-30.38,-0.01,9.8,0.00,-30.38,-0.01,-411.53,0.00
76,Exit short,2024-03-20 15:20,Short Exit,2151.76,37,79722.42,107.3,0.13,107.3,0.13,-1.85,0.00,-304.23,0.00
76,Entry short,2024-03-20 15:10," | F:70,42,2,1,0.32,0,0,55.81",2154.66,37,79722.42,107.3,0.13,107.3,0.13,-1.85,0.00,-304.23,0.00
77,Exit long,2024-03-21 04:35,Long Exit,2202.62,19,41896.71,-46.93,-0.11,3.8,0.01,-46.93,-0.11,-351.16,0.00
77,Entry long,2024-03-21 04:15," | F:65,5,0,0,0.67,0,1,58",2205.09,19,41896.71,-46.93,-0.11,3.8,0.01,-46.93,-0.11,-351.16,0.00
78,Exit long,2024-03-21 17:25,Long Exit,2168.63,15,32576.55,-47.1,-0.14,39.75,0.12,-47.1,-0.14,-398.26,0.00
78,Entry long,2024-03-21 17:05," | F:70,235,2,0,1.88,0,0,21.37",2171.77,15,32576.55,-47.1,-0.14,39.75,0.12,-47.1,-0.14,-398.26,0.00
79,Exit short,2024-03-22 14:35,Short Exit,2174.48,26,56491.24,-45.24,-0.08,24.18,0.04,-45.24,-0.08,-443.5,0.00
79,Entry short,2024-03-22 14:25," | F:70,74,2,1,1.11,0,0,69.73",2172.74,26,56491.24,-45.24,-0.08,24.18,0.04,-45.24,-0.08,-443.5,0.00
80,Exit long,2024-03-25 05:10,Long Exit,2173.02,54,117382.5,-39.42,-0.03,28.08,0.02,-39.42,-0.03,-482.92,0.00
80,Entry long,2024-03-25 05:05," | F:65,20,0,0,1.21,0,1,51.05",2173.75,54,117382.5,-39.42,-0.03,28.08,0.02,-39.42,-0.03,-482.92,0.00
81,Exit short,2024-03-25 07:50,Short Exit,2170.66,46,99809.88,-40.48,-0.04,30.36,0.03,-40.48,-0.04,-523.4,-0.01
81,Entry short,2024-03-25 07:40," | F:70,16,0,1,0.78,0,0,47.07",2169.78,46,99809.88,-40.48,-0.04,30.36,0.03,-40.48,-0.04,-523.4,-0.01
82,Exit short,2024-03-25 11:40,Short Exit,2166.65,36,77956.2,-43.2,-0.06,41.76,0.05,-43.2,-0.06,-566.6,-0.01
82,Entry short,2024-03-25 11:00," | F:70,6,1,1,0.62,0,0,45.22",2165.45,36,77956.2,-43.2,-0.06,41.76,0.05,-43.2,-0.06,-566.6,-0.01
83,Exit long,2024-03-26 14:40,Long Exit,2191.75,29,63605.12,-44.37,-0.07,0,0.00,-44.37,-0.07,-610.97,-0.01
83,Entry long,2024-03-26 14:35," | F:75,28,2,0,0.47,0,1,47.25",2193.28,29,63605.12,-44.37,-0.07,0,0.00,-44.37,-0.07,-610.97,-0.01
84,Exit short,2024-04-03 18:20,Short Exit,2285.24,7,15945.93,-50.75,-0.32,27.51,0.17,-50.75,-0.32,-661.72,-0.01
84,Entry short,2024-04-03 17:00," | F:50,97,2,1,0.34,0,1,65.52",2277.99,7,15945.93,-50.75,-0.32,27.51,0.17,-50.75,-0.32,-661.72,-0.01
85,Exit long,2024-04-04 13:40,Long Exit,2292.48,70,160509.3,-35.7,-0.02,0,0.00,-35.7,-0.02,-697.42,-0.01
85,Entry long,2024-04-04 13:35," | F:75,12,1,0,1.42,0,0,47.65",2292.99,70,160509.3,-35.7,-0.02,0,0.00,-35.7,-0.02,-697.42,-0.01
86,Exit short,2024-04-09 17:10,Short Exit,2360.88,11,25923.26,-46.42,-0.18,38.17,0.15,-46.42,-0.18,-743.84,-0.01
86,Entry short,2024-04-09 16:35," | F:55,40,2,1,0.6,0,1,59.87",2356.66,11,25923.26,-46.42,-0.18,38.17,0.15,-46.42,-0.18,-743.84,-0.01
87,Exit short,2024-04-10 07:30,Short Exit,2354.21,26,61164.22,-45.24,-0.07,48.88,0.08,-45.24,-0.07,-789.08,-0.01
87,Entry short,2024-04-10 05:40," | F:50,30,0,1,0.68,0,1,60.92",2352.47,26,61164.22,-45.24,-0.07,48.88,0.08,-45.24,-0.07,-789.08,-0.01
88,Exit long,2024-04-10 15:25,Long Exit,2350,28,65695.84,104.16,0.16,104.16,0.16,-5.88,-0.01,-684.92,-0.01
88,Entry long,2024-04-10 14:15," | F:50,202,1,0,1.42,0,0,36.5",2346.28,28,65695.84,104.16,0.16,104.16,0.16,-5.88,-0.01,-684.92,-0.01
89,Exit short,2024-04-11 16:15,Short Exit,2344.37,18,42151.14,-47.52,-0.11,87.66,0.21,-47.52,-0.11,-732.44,-0.01
89,Entry short,2024-04-11 15:35," | F:70,85,2,1,0.47,0,1,64.97",2341.73,18,42151.14,-47.52,-0.11,87.66,0.21,-47.52,-0.11,-732.44,-0.01
90,Exit short,2024-04-15 18:55,Short Exit,2352.07,14,32882.36,-46.62,-0.14,57.82,0.18,-46.62,-0.14,-779.06,-0.01
90,Entry short,2024-04-15 18:30," | F:70,24,2,1,0.75,0,0,52.68",2348.74,14,32882.36,-46.62,-0.14,57.82,0.18,-46.62,-0.14,-779.06,-0.01
91,Exit long,2024-04-16 14:05,Long Exit,2373.75,29,68733.19,105.56,0.15,105.56,0.15,-32.19,-0.05,-673.5,-0.01
91,Entry long,2024-04-16 13:30," | F:55,13,1,0,0.97,0,0,45.1",2370.11,29,68733.19,105.56,0.15,105.56,0.15,-32.19,-0.05,-673.5,-0.01
92,Exit short,2024-04-17 04:10,Short Exit,2385.14,25,59583.75,-44.75,-0.08,27.75,0.05,-44.75,-0.08,-718.25,-0.01
92,Entry short,2024-04-17 04:00," | F:50,23,0,1,1.01,0,1,50.11",2383.35,25,59583.75,-44.75,-0.08,27.75,0.05,-44.75,-0.08,-718.25,-0.01
93,Exit long,2024-04-17 16:00,Long Exit,2385.69,20,47611,102.8,0.22,102.8,0.22,-23.4,-0.05,-615.45,-0.01
93,Entry long,2024-04-17 15:40," | F:75,61,2,0,0.76,0,0,27.29",2380.55,20,47611,102.8,0.22,102.8,0.22,-23.4,-0.05,-615.45,-0.01
94,Exit long,2024-04-18 03:00,Long Exit,2369.13,34,80444.34,106.08,0.13,106.08,0.13,-14.28,-0.02,-509.37,-0.01
94,Entry long,2024-04-18 02:35," | F:50,7,3,0,1.08,0,0,45.38",2366.01,34,80444.34,106.08,0.13,106.08,0.13,-14.28,-0.02,-509.37,-0.01
95,Exit long,2024-04-22 18:25,Long Exit,2334.4,24,56070.96,-45.36,-0.08,14.4,0.03,-45.36,-0.08,-554.73,-0.01
95,Entry long,2024-04-22 18:10," | F:50,11,2,0,0.82,0,0,42.55",2336.29,24,56070.96,-45.36,-0.08,14.4,0.03,-45.36,-0.08,-554.73,-0.01
96,Exit short,2024-04-24 16:15,Short Exit,2317.58,19,44140.42,106.4,0.24,106.4,0.24,-21.47,-0.05,-448.33,0.00
96,Entry short,2024-04-24 16:05," | F:45,74,2,1,0.65,0,1,69.52",2323.18,19,44140.42,106.4,0.24,106.4,0.24,-21.47,-0.05,-448.33,0.00
97,Exit long,2024-04-24 16:45,Long Exit,2317.18,15,34803.3,-45.6,-0.13,86.7,0.25,-45.6,-0.13,-493.93,0.00
97,Entry long,2024-04-24 16:20," | F:65,10,2,0,1.2,0,1,54.96",2320.22,15,34803.3,-45.6,-0.13,86.7,0.25,-45.6,-0.13,-493.93,0.00
98,Exit long,2024-04-26 20:00,Long Exit,2333,21,49039.62,-46.62,-0.10,14.91,0.03,-46.62,-0.10,-540.55,-0.01
98,Entry long,2024-04-26 19:35," | F:55,13,2,0,0.76,0,0,45.26",2335.22,21,49039.62,-46.62,-0.10,14.91,0.03,-46.62,-0.10,-540.55,-0.01
99,Exit long,2024-04-29 03:05,Long Exit,2335.33,51,119141.61,-39.78,-0.03,4.08,0.00,-39.78,-0.03,-580.33,-0.01
99,Entry long,2024-04-29 03:00," | F:50,9,0,0,0.71,0,0,50.85",2336.11,51,119141.61,-39.78,-0.03,4.08,0.00,-39.78,-0.03,-580.33,-0.01
100,Exit short,2024-04-29 10:10,Short Exit,2331.48,24,55909.68,-45.84,-0.08,16.08,0.03,-45.84,-0.08,-626.17,-0.01
100,Entry short,2024-04-29 10:00," | F:70,6,1,1,0.98,0,0,46.6",2329.57,24,55909.68,-45.84,-0.08,16.08,0.03,-45.84,-0.08,-626.17,-0.01
101,Exit long,2024-05-01 18:25,Long Exit,2307.15,15,34505.25,102,0.30,102,0.30,-13.05,-0.04,-524.17,-0.01
101,Entry long,2024-05-01 17:45," | F:75,20,2,0,0.63,0,1,48.35",2300.35,15,34505.25,102,0.30,102,0.30,-13.05,-0.04,-524.17,-0.01
102,Exit short,2024-05-01 19:50,Short Exit,2306.75,32,73772.16,-43.84,-0.06,62.72,0.09,-43.84,-0.06,-568.01,-0.01
102,Entry short,2024-05-01 19:30," | F:50,7,2,1,0.58,0,1,53.15",2305.38,32,73772.16,-43.84,-0.06,62.72,0.09,-43.84,-0.06,-568.01,-0.01
103,Exit short,2024-05-02 09:30,Short Exit,2318.38,25,57913.5,-46,-0.08,4,0.01,-46,-0.08,-614.01,-0.01
103,Entry short,2024-05-02 09:20," | F:50,18,0,1,0.47,0,1,49.47",2316.54,25,57913.5,-46,-0.08,4,0.01,-46,-0.08,-614.01,-0.01
104,Exit short,2024-05-02 18:05,Short Exit,2306.49,19,43776.57,-46.74,-0.11,1.9,0.00,-46.74,-0.11,-660.75,-0.01
104,Entry short,2024-05-02 18:00," | F:70,75,2,1,0.32,0,0,64.99",2304.03,19,43776.57,-46.74,-0.11,1.9,0.00,-46.74,-0.11,-660.75,-0.01
105,Exit short,2024-05-03 03:25,Short Exit,2300.98,40,92146.4,107.2,0.12,107.2,0.12,-7.2,-0.01,-553.55,-0.01
105,Entry short,2024-05-03 03:00," | F:50,21,0,1,0.85,0,0,51.18",2303.66,40,92146.4,107.2,0.12,107.2,0.12,-7.2,-0.01,-553.55,-0.01
106,Exit short,2024-05-03 06:05,Short Exit,2301.87,43,98939.13,-41.28,-0.04,35.26,0.04,-41.28,-0.04,-594.83,-0.01
106,Entry short,2024-05-03 05:40," | F:70,9,0,1,1.17,0,0,42.59",2300.91,43,98939.13,-41.28,-0.04,35.26,0.04,-41.28,-0.04,-594.83,-0.01
107,Exit long,2024-05-08 22:10,Long Exit,2311.32,60,138717.6,-38.4,-0.03,81.6,0.06,-38.4,-0.03,-633.23,-0.01
107,Entry long,2024-05-08 21:25," | F:75,52,2,0,1.55,0,0,33.91",2311.96,60,138717.6,-38.4,-0.03,81.6,0.06,-38.4,-0.03,-633.23,-0.01
108,Exit long,2024-05-09 06:10,Long Exit,2312.06,35,80815.7,106.4,0.13,106.4,0.13,-15.75,-0.02,-526.83,-0.01
108,Entry long,2024-05-09 05:10," | F:50,22,0,0,0.27,0,0,45.81",2309.02,35,80815.7,106.4,0.13,106.4,0.13,-15.75,-0.02,-526.83,-0.01
109,Exit long,2024-05-09 09:40,Long Exit,2314.48,38,87993.18,-42.94,-0.05,52.44,0.06,-42.94,-0.05,-569.77,-0.01
109,Entry long,2024-05-09 09:05," | F:70,14,0,0,0.37,0,1,51.35",2315.61,38,87993.18,-42.94,-0.05,52.44,0.06,-42.94,-0.05,-569.77,-0.01
110,Exit short,2024-05-09 11:15,Short Exit,2312.99,36,83224.44,-43.2,-0.05,0,0.00,-43.2,-0.05,-612.97,-0.01
110,Entry short,2024-05-09 11:10," | F:75,12,1,1,1.14,0,0,46.99",2311.79,36,83224.44,-43.2,-0.05,0,0.00,-43.2,-0.05,-612.97,-0.01
111,Exit long,2024-05-09 16:30,Long Exit,2319.49,20,46286.2,103.6,0.22,103.6,0.22,-7.6,-0.02,-509.37,-0.01
111,Entry long,2024-05-09 16:15," | F:70,21,2,0,0.42,0,1,40.27",2314.31,20,46286.2,103.6,0.22,103.6,0.22,-7.6,-0.02,-509.37,-0.01
112,Exit short,2024-05-15 15:25,Short Exit,2360.47,36,85084.2,107.28,0.13,107.28,0.13,-1.44,0.00,-402.09,0.00
112,Entry short,2024-05-15 15:05," | F:50,10,2,1,1.31,0,1,40.35",2363.45,36,85084.2,107.28,0.13,107.28,0.13,-1.44,0.00,-402.09,0.00
113,Exit long,2024-05-16 04:45,Long Exit,2391.42,17,40699.36,-45.22,-0.11,54.4,0.13,-45.22,-0.11,-447.31,0.00
113,Entry long,2024-05-16 04:10," | F:70,14,0,0,1.06,0,1,59.16",2394.08,17,40699.36,-45.22,-0.11,54.4,0.13,-45.22,-0.11,-447.31,0.00
114,Exit short,2024-05-16 18:35,Time Stop (Bars),2380.56,7,16658.04,-5.88,-0.04,62.09,0.37,-27.37,-0.16,-453.19,0.00
114,Entry short,2024-05-16 15:35," | F:70,17,2,1,0.36,0,0,37.48",2379.72,7,16658.04,-5.88,-0.04,62.09,0.37,-27.37,-0.16,-453.19,0.00
115,Exit long,2024-05-20 10:10,Long Exit,2443.52,13,31661.5,104.26,0.33,104.26,0.33,-10.66,-0.03,-348.93,0.00
115,Entry long,2024-05-20 09:40," | F:70,40,0,0,0.55,0,1,38.75",2435.5,13,31661.5,104.26,0.33,104.26,0.33,-10.66,-0.03,-348.93,0.00
116,Exit short,2024-05-21 04:30,Short Exit,2424.93,18,43749.9,101.16,0.23,101.16,0.23,0,0.00,-247.77,0.00
116,Entry short,2024-05-21 04:25," | F:50,63,0,1,0.42,0,1,59.91",2430.55,18,43749.9,101.16,0.23,101.16,0.23,0,0.00,-247.77,0.00
117,Exit long,2024-05-22 05:45,Long Exit,2420.49,32,77498.56,-42.88,-0.06,0,0.00,-42.88,-0.06,-290.65,0.00
117,Entry long,2024-05-22 05:40," | F:70,13,0,0,1.02,0,0,46.61",2421.83,32,77498.56,-42.88,-0.06,0,0.00,-42.88,-0.06,-290.65,0.00
118,Exit long,2024-05-23 08:30,Long Exit,2370.53,28,66419.08,-44.24,-0.07,20.16,0.03,-44.24,-0.07,-334.89,0.00
118,Entry long,2024-05-23 08:10," | F:50,18,0,0,0.61,0,0,49.35",2372.11,28,66419.08,-44.24,-0.07,20.16,0.03,-44.24,-0.07,-334.89,0.00
119,Exit short,2024-05-23 20:25,Short Exit,2335.58,20,46814,102.4,0.22,102.4,0.22,-23.6,-0.05,-232.49,0.00
119,Entry short,2024-05-23 20:15," | F:70,8,2,1,0.83,0,0,40.3",2340.7,20,46814,102.4,0.22,102.4,0.22,-23.6,-0.05,-232.49,0.00
120,Exit long,2024-05-24 03:10,Long Exit,2331.09,41,95616.1,-41.41,-0.04,5.33,0.01,-41.41,-0.04,-273.9,0.00
120,Entry long,2024-05-24 03:00," | F:50,7,0,0,0.73,0,0,54.07",2332.1,41,95616.1,-41.41,-0.04,5.33,0.01,-41.41,-0.04,-273.9,0.00
121,Exit short,2024-05-28 03:05,Short Exit,2352.75,68,159950.96,-36.04,-0.02,86.36,0.05,-36.04,-0.02,-309.94,0.00
121,Entry short,2024-05-28 02:25," | F:50,11,3,1,1.41,0,1,47.6",2352.22,68,159950.96,-36.04,-0.02,86.36,0.05,-36.04,-0.02,-309.94,0.00
122,Exit short,2024-05-28 17:45,Short Exit,2355.22,19,44701.68,-47.5,-0.11,0,0.00,-47.5,-0.11,-357.44,0.00
122,Entry short,2024-05-28 17:35," | F:50,9,2,1,0.95,0,1,48.29",2352.72,19,44701.68,-47.5,-0.11,0,0.00,-47.5,-0.11,-357.44,0.00
123,Exit long,2024-05-28 19:25,Long Exit,2358.13,33,77861.85,-43.56,-0.06,5.28,0.01,-43.56,-0.06,-401,0.00
123,Entry long,2024-05-28 19:20," | F:75,10,2,0,0.89,0,1,56.39",2359.45,33,77861.85,-43.56,-0.06,5.28,0.01,-43.56,-0.06,-401,0.00
124,Exit long,2024-05-29 14:45,Long Exit,2342.66,20,46899.8,-46.6,-0.10,9.4,0.02,-46.6,-0.10,-447.6,0.00
124,Entry long,2024-05-29 14:20," | F:55,21,1,0,0.75,0,0,47.59",2344.99,20,46899.8,-46.6,-0.10,9.4,0.02,-46.6,-0.10,-447.6,0.00
125,Exit short,2024-05-29 15:50,Short Exit,2338.96,31,72613.16,105.4,0.15,105.4,0.15,-16.74,-0.02,-342.2,0.00
125,Entry short,2024-05-29 15:40," | F:70,13,2,1,0.85,0,0,46.13",2342.36,31,72613.16,105.4,0.15,105.4,0.15,-16.74,-0.02,-342.2,0.00
126,Exit short,2024-05-29 16:30,Short Exit,2346.32,23,53920.51,-44.85,-0.08,24.61,0.05,-44.85,-0.08,-387.05,0.00
126,Entry short,2024-05-29 16:25," | F:65,29,2,1,0.51,0,0,55.68",2344.37,23,53920.51,-44.85,-0.08,24.61,0.05,-44.85,-0.08,-387.05,0.00
127,Exit long,2024-05-31 11:45,Long Exit,2343.19,42,98305.62,108.36,0.11,108.36,0.11,-9.66,-0.01,-278.69,0.00
127,Entry long,2024-05-31 11:00," | F:50,54,1,0,0.68,0,0,36.89",2340.61,42,98305.62,108.36,0.11,108.36,0.11,-9.66,-0.01,-278.69,0.00
128,Exit long,2024-06-04 14:15,Long Exit,2326.62,13,30292.6,-46.54,-0.15,60.06,0.20,-46.54,-0.15,-325.23,0.00
128,Entry long,2024-06-04 12:10," | F:70,239,1,0,0.47,0,0,15.58",2330.2,13,30292.6,-46.54,-0.15,60.06,0.20,-46.54,-0.15,-325.23,0.00
129,Exit long,2024-06-05 12:20,Time Stop (Bars),2333.26,16,37293.76,38.4,0.10,66.56,0.18,-29.12,-0.08,-286.83,0.00
129,Entry long,2024-06-05 09:20," | F:70,57,0,0,0.61,0,0,31.96",2330.86,16,37293.76,38.4,0.10,66.56,0.18,-29.12,-0.08,-286.83,0.00
130,Exit long,2024-06-06 10:40,Long Exit,2364.85,25,59167,-45.75,-0.08,1.25,0.00,-45.75,-0.08,-332.58,0.00
130,Entry long,2024-06-06 10:30," | F:70,11,1,0,1.42,0,1,47.94",2366.68,25,59167,-45.75,-0.08,1.25,0.00,-45.75,-0.08,-332.58,0.00
131,Exit short,2024-06-06 16:30,Short Exit,2365.2,12,28334.88,-47.52,-0.17,95.16,0.34,-47.52,-0.17,-380.1,0.00
131,Entry short,2024-06-06 15:30," | F:55,60,2,1,0.92,0,1,53.76",2361.24,12,28334.88,-47.52,-0.17,95.16,0.34,-47.52,-0.17,-380.1,0.00
132,Exit long,2024-06-07 08:40,Long Exit,2380.07,14,33369.98,-49,-0.15,11.2,0.03,-49,-0.15,-429.1,0.00
132,Entry long,2024-06-07 08:20," | F:70,16,0,0,0.51,0,1,55.3",2383.57,14,33369.98,-49,-0.15,11.2,0.03,-49,-0.15,-429.1,0.00
133,Exit long,2024-06-07 20:45,Long Exit,2305.35,23,53069.05,-46,-0.09,16.33,0.03,-46,-0.09,-475.1,0.00
133,Entry long,2024-06-07 20:25," | F:55,17,2,0,0.62,0,0,41.55",2307.35,23,53069.05,-46,-0.09,16.33,0.03,-46,-0.09,-475.1,0.00
134,Exit long,2024-06-13 01:20,Long Exit,2322.78,74,171921.24,-35.52,-0.02,11.84,0.01,-35.52,-0.02,-510.62,-0.01
134,Entry long,2024-06-13 01:10," | F:65,8,3,0,0.47,0,1,48.87",2323.26,74,171921.24,-35.52,-0.02,11.84,0.01,-35.52,-0.02,-510.62,-0.01
135,Exit short,2024-06-13 09:55,Short Exit,2314.42,19,43927.81,-46.17,-0.11,11.02,0.03,-46.17,-0.11,-556.79,-0.01
135,Entry short,2024-06-13 09:10," | F:70,26,0,1,0.45,0,0,50.72",2311.99,19,43927.81,-46.17,-0.11,11.02,0.03,-46.17,-0.11,-556.79,-0.01
136,Exit short,2024-06-18 15:30,Short Exit,2315.4,19,43945.29,-47.31,-0.11,30.21,0.07,-47.31,-0.11,-604.1,-0.01
136,Entry short,2024-06-18 15:20," | F:75,54,2,1,0.55,0,0,55.97",2312.91,19,43945.29,-47.31,-0.11,30.21,0.07,-47.31,-0.11,-604.1,-0.01
137,Exit long,2024-06-18 21:30,Long Exit,2330.68,45,104771.7,108.9,0.10,108.9,0.10,-4.95,0.00,-495.2,0.00
137,Entry long,2024-06-18 21:15," | F:70,18,2,0,1.14,0,1,47.92",2328.26,45,104771.7,108.9,0.10,108.9,0.10,-4.95,0.00,-495.2,0.00
138,Exit short,2024-06-19 06:10,Short Exit,2331.67,49,114211.16,-40.67,-0.04,29.89,0.03,-40.67,-0.04,-535.87,-0.01
138,Entry short,2024-06-19 06:05," | F:50,103,0,1,1,0,1,58.48",2330.84,49,114211.16,-40.67,-0.04,29.89,0.03,-40.67,-0.04,-535.87,-0.01
139,Exit long,2024-06-19 07:15,Long Exit,2327.48,68,158305.36,-36.72,-0.02,19.04,0.01,-36.72,-0.02,-572.59,-0.01
139,Entry long,2024-06-19 07:05," | F:65,33,0,0,1.21,0,1,36.96",2328.02,68,158305.36,-36.72,-0.02,19.04,0.01,-36.72,-0.02,-572.59,-0.01
140,Exit short,2024-06-21 11:15,Short Exit,2365.13,38,89832.38,-42.56,-0.05,30.78,0.03,-42.56,-0.05,-615.15,-0.01
140,Entry short,2024-06-21 11:05," | F:50,27,1,1,0.9,0,1,63.72",2364.01,38,89832.38,-42.56,-0.05,30.78,0.03,-42.56,-0.05,-615.15,-0.01
141,Exit long,2024-06-24 07:00,Time Stop (Bars),2325.27,17,39467.54,62.05,0.16,84.15,0.21,-35.7,-0.09,-553.1,-0.01
141,Entry long,2024-06-24 04:00," | F:50,7,0,0,1.1,0,0,57.74",2321.62,17,39467.54,62.05,0.16,84.15,0.21,-35.7,-0.09,-553.1,-0.01
142,Exit long,2024-06-26 03:10,Long Exit,2321.55,60,139155,138,0.10,138,0.10,-35.4,-0.03,-415.1,0.00
142,Entry long,2024-06-26 02:20," | F:50,23,3,0,0.76,0,0,45.99",2319.25,60,139155,138,0.10,138,0.10,-35.4,-0.03,-415.1,0.00
143,Exit short,2024-07-02 11:50,Short Exit,2332,27,62918.64,-45.36,-0.07,54.54,0.09,-45.36,-0.07,-460.46,0.00
143,Entry short,2024-07-02 11:20," | F:70,65,1,1,0.39,0,1,57.29",2330.32,27,62918.64,-45.36,-0.07,54.54,0.09,-45.36,-0.07,-460.46,0.00
144,Exit short,2024-07-02 15:50,Short Exit,2326.97,36,83728.44,-42.48,-0.05,0.36,0.00,-42.48,-0.05,-502.94,-0.01
144,Entry short,2024-07-02 15:45," | F:75,38,2,1,1.39,0,0,59.98",2325.79,36,83728.44,-42.48,-0.05,0.36,0.00,-42.48,-0.05,-502.94,-0.01
145,Exit long,2024-07-03 03:10,Long Exit,2331.47,106,246965.16,170.66,0.07,170.66,0.07,-9.54,0.00,-332.28,0.00
145,Entry long,2024-07-03 02:30," | F:70,19,3,0,1.08,0,1,48.17",2329.86,106,246965.16,170.66,0.07,170.66,0.07,-9.54,0.00,-332.28,0.00
146,Exit long,2024-07-04 03:50,Long Exit,2358.74,85,200325.45,167.45,0.08,167.45,0.08,-9.35,0.00,-164.83,0.00
146,Entry long,2024-07-04 03:10," | F:70,21,0,0,0.3,0,1,42.19",2356.77,85,200325.45,167.45,0.08,167.45,0.08,-9.35,0.00,-164.83,0.00
147,Exit long,2024-07-04 17:15,Long Exit,2360.04,56,132025.04,137.2,0.10,137.2,0.10,-22.96,-0.02,-27.63,0.00
147,Entry long,2024-07-04 15:35," | F:75,29,2,0,0.67,0,1,45.01",2357.59,56,132025.04,137.2,0.10,137.2,0.10,-22.96,-0.02,-27.63,0.00
148,Exit long,2024-07-09 04:10,Long Exit,2364.4,40,94468.8,107.2,0.11,107.2,0.11,-18,-0.02,79.57,0.00
148,Entry long,2024-07-09 03:35," | F:45,14,0,0,0.4,0,0,55.9",2361.72,40,94468.8,107.2,0.11,107.2,0.11,-18,-0.02,79.57,0.00
149,Exit short,2024-07-09 16:25,Short Exit,2364.19,10,23595.7,-46.2,-0.20,0.1,0.00,-46.2,-0.20,33.37,0.00
149,Entry short,2024-07-09 16:05," | F:75,27,2,1,0.66,0,0,48.49",2359.57,10,23595.7,-46.2,-0.20,0.1,0.00,-46.2,-0.20,33.37,0.00
150,Exit long,2024-07-10 04:15,Long Exit,2366.94,47,111110.82,135.36,0.12,135.36,0.12,-3.76,0.00,168.73,0.00
150,Entry long,2024-07-10 04:10," | F:70,34,0,0,0.41,0,1,40.93",2364.06,47,111110.82,135.36,0.12,135.36,0.12,-3.76,0.00,168.73,0.00
151,Exit long,2024-07-11 03:45,Long Exit,2373.95,77,182628.6,165.55,0.09,165.55,0.09,-8.47,0.00,334.28,0.00
151,Entry long,2024-07-11 03:15," | F:50,25,0,0,1.15,0,0,42.86",2371.8,77,182628.6,165.55,0.09,165.55,0.09,-8.47,0.00,334.28,0.00
152,Exit long,2024-07-11 09:30,Long Exit,2379.79,42,99993.18,-42,-0.04,20.16,0.02,-42,-0.04,292.28,0.00
152,Entry long,2024-07-11 09:20," | F:70,25,0,0,0.58,0,1,47.23",2380.79,42,99993.18,-42,-0.04,20.16,0.02,-42,-0.04,292.28,0.00
153,Exit short,2024-07-11 11:05,Short Exit,2381.9,52,123818.76,-40.04,-0.03,110.24,0.09,-40.04,-0.03,252.24,0.00
153,Entry short,2024-07-11 10:30," | F:45,17,1,1,0.95,0,1,52.58",2381.13,52,123818.76,-40.04,-0.03,110.24,0.09,-40.04,-0.03,252.24,0.00
154,Exit short,2024-07-12 11:20,Short Exit,2406.38,24,57708.48,-44.64,-0.08,12.96,0.02,-44.64,-0.08,207.6,0.00
154,Entry short,2024-07-12 11:10," | F:70,22,1,1,0.95,0,0,48.81",2404.52,24,57708.48,-44.64,-0.08,12.96,0.02,-44.64,-0.08,207.6,0.00
155,Exit short,2024-07-12 19:20,Short Exit,2414.48,37,89293.58,-42.18,-0.05,8.51,0.01,-42.18,-0.05,165.42,0.00
155,Entry short,2024-07-12 19:10," | F:50,195,2,1,0.85,0,1,65.57",2413.34,37,89293.58,-42.18,-0.05,8.51,0.01,-42.18,-0.05,165.42,0.00
156,Exit long,2024-07-16 12:15,Long Exit,2438.82,28,68181.68,105.28,0.15,105.28,0.15,-35.84,-0.05,270.7,0.00
156,Entry long,2024-07-16 11:10," | F:75,13,1,0,0.6,0,1,54.29",2435.06,28,68181.68,105.28,0.15,105.28,0.15,-35.84,-0.05,270.7,0.00
157,Exit long,2024-07-16 22:55,Long Exit,2467.37,35,86251.55,106.4,0.12,106.4,0.12,-2.45,0.00,377.1,0.00
157,Entry long,2024-07-16 22:20," | F:70,10,2,0,0.57,0,1,52.47",2464.33,35,86251.55,106.4,0.12,106.4,0.12,-2.45,0.00,377.1,0.00
158,Exit long,2024-07-17 09:00,Long Exit,2463.87,16,39468.64,-46.72,-0.12,94.08,0.24,-46.72,-0.12,330.38,0.00
158,Entry long,2024-07-17 06:30," | F:70,86,0,0,0.63,0,1,34.85",2466.79,16,39468.64,-46.72,-0.12,94.08,0.24,-46.72,-0.12,330.38,0.00
159,Exit short,2024-07-17 13:25,Short Exit,2475.37,28,69266.12,-44.24,-0.06,36.4,0.05,-44.24,-0.06,286.14,0.00
159,Entry short,2024-07-17 13:00," | F:55,14,1,1,0.84,0,1,54.99",2473.79,28,69266.12,-44.24,-0.06,36.4,0.05,-44.24,-0.06,286.14,0.00
160,Exit long,2024-07-17 17:10,Long Exit,2471.15,10,24760.1,-48.6,-0.20,76.2,0.31,-48.6,-0.20,237.54,0.00
160,Entry long,2024-07-17 16:30," | F:70,18,2,0,0.76,0,1,56.99",2476.01,10,24760.1,-48.6,-0.20,76.2,0.31,-48.6,-0.20,237.54,0.00
161,Exit short,2024-07-18 06:35,Short Exit,2468.36,44,108566.92,-40.92,-0.04,91.52,0.08,-40.92,-0.04,196.62,0.00
161,Entry short,2024-07-18 06:05," | F:75,137,0,1,2.36,0,1,70.23",2467.43,44,108566.92,-40.92,-0.04,91.52,0.08,-40.92,-0.04,196.62,0.00
162,Exit short,2024-07-19 08:25,Short Exit,2425.98,28,67883.48,-43.96,-0.06,4.48,0.01,-43.96,-0.06,152.66,0.00
162,Entry short,2024-07-19 08:15," | F:65,7,0,1,0.47,0,0,42.95",2424.41,28,67883.48,-43.96,-0.06,4.48,0.01,-43.96,-0.06,152.66,0.00
163,Exit short,2024-07-22 04:30,Short Exit,2411.65,34,81952.92,-43.18,-0.05,0,0.00,-43.18,-0.05,109.48,0.00
163,Entry short,2024-07-22 04:25," | F:70,19,0,1,0.6,0,1,58.67",2410.38,34,81952.92,-43.18,-0.05,0,0.00,-43.18,-0.05,109.48,0.00
164,Exit long,2024-07-22 14:35,Long Exit,2401.97,39,93718.56,-41.73,-0.04,58.11,0.06,-41.73,-0.04,67.75,0.00
164,Entry long,2024-07-22 14:25," | F:55,23,1,0,1,0,0,42.03",2403.04,39,93718.56,-41.73,-0.04,58.11,0.06,-41.73,-0.04,67.75,0.00
165,Exit long,2024-07-23 06:10,Long Exit,2396.49,37,88712.68,-42.55,-0.05,21.83,0.02,-42.55,-0.05,25.2,0.00
165,Entry long,2024-07-23 06:05," | F:65,33,0,0,0.75,0,0,37.7",2397.64,37,88712.68,-42.55,-0.05,21.83,0.02,-42.55,-0.05,25.2,0.00
166,Exit short,2024-07-23 22:20,Short Exit,2408.12,22,52932.22,-46.42,-0.09,77.22,0.15,-46.42,-0.09,-21.22,0.00
166,Entry short,2024-07-23 20:25," | F:50,56,2,1,0.78,0,1,52.97",2406.01,22,52932.22,-46.42,-0.09,77.22,0.15,-46.42,-0.09,-21.22,0.00
167,Exit long,2024-07-24 20:50,Long Exit,2411.47,33,79621.41,-42.9,-0.05,1.32,0.00,-42.9,-0.05,-64.12,0.00
167,Entry long,2024-07-24 20:45," | F:70,76,2,0,0.94,0,0,25.74",2412.77,33,79621.41,-42.9,-0.05,1.32,0.00,-42.9,-0.05,-64.12,0.00
168,Exit short,2024-07-25 13:35,Short Exit,2376.2,18,42724.26,-47.34,-0.11,30.96,0.07,-47.34,-0.11,-111.46,0.00
168,Entry short,2024-07-25 12:45," | F:75,12,1,1,0.67,0,0,49.08",2373.57,18,42724.26,-47.34,-0.11,30.96,0.07,-47.34,-0.11,-111.46,0.00
169,Exit long,2024-07-26 03:40,Long Exit,2363.29,36,85120.56,-42.12,-0.05,11.52,0.01,-42.12,-0.05,-153.58,0.00
169,Entry long,2024-07-26 03:30," | F:45,10,0,0,0.44,0,0,55.15",2364.46,36,85120.56,-42.12,-0.05,11.52,0.01,-42.12,-0.05,-153.58,0.00
170,Exit short,2024-07-26 09:15,Short Exit,2368.48,22,52209.96,103.4,0.20,103.4,0.20,-37.62,-0.07,-50.18,0.00
170,Entry short,2024-07-26 08:35," | F:50,27,0,1,1.38,0,1,58.45",2373.18,22,52209.96,103.4,0.20,103.4,0.20,-37.62,-0.07,-50.18,0.00
171,Exit long,2024-07-29 14:10,Long Exit,2391.06,38,90902.08,-41.8,-0.05,12.16,0.01,-41.8,-0.05,-91.98,0.00
171,Entry long,2024-07-29 14:00," | F:75,16,1,0,0.6,0,1,47.72",2392.16,38,90902.08,-41.8,-0.05,12.16,0.01,-41.8,-0.05,-91.98,0.00
172,Exit short,2024-07-29 15:55,Short Exit,2393.37,18,43035.3,-45.36,-0.11,18.18,0.04,-45.36,-0.11,-137.34,0.00
172,Entry short,2024-07-29 15:40," | F:55,23,2,1,1.21,0,1,51.79",2390.85,18,43035.3,-45.36,-0.11,18.18,0.04,-45.36,-0.11,-137.34,0.00
173,Exit short,2024-07-30 16:00,Short Exit,2388.37,21,50109.15,-46.62,-0.09,11.97,0.02,-46.62,-0.09,-183.96,0.00
173,Entry short,2024-07-30 15:20," | F:65,6,2,1,0.82,0,0,35.6",2386.15,21,50109.15,-46.62,-0.09,11.97,0.02,-46.62,-0.09,-183.96,0.00
174,Exit long,2024-07-31 07:05,Long Exit,2415.48,36,86999.4,-42.12,-0.05,3.24,0.00,-42.12,-0.05,-226.08,0.00
174,Entry long,2024-07-31 07:00," | F:70,8,0,0,0.84,0,1,67.43",2416.65,36,86999.4,-42.12,-0.05,3.24,0.00,-42.12,-0.05,-226.08,0.00
175,Exit long,2024-07-31 21:30,Long Exit,2425.76,34,82369.76,106.08,0.13,106.08,0.13,-19.38,-0.02,-120,0.00
175,Entry long,2024-07-31 21:15," | F:70,34,2,0,0.97,0,1,37.36",2422.64,34,82369.76,106.08,0.13,106.08,0.13,-19.38,-0.02,-120,0.00
176,Exit long,2024-08-05 08:45,Long Exit,2437.62,9,21988.71,-50.13,-0.23,10.62,0.05,-50.13,-0.23,-170.13,0.00
176,Entry long,2024-08-05 08:35," | F:70,36,0,0,0.71,0,1,36.98",2443.19,9,21988.71,-50.13,-0.23,10.62,0.05,-50.13,-0.23,-170.13,0.00
177,Exit short,2024-08-07 04:05,Short Exit,2387.45,21,50091.09,-45.36,-0.09,2.52,0.01,-45.36,-0.09,-215.49,0.00
177,Entry short,2024-08-07 04:00," | F:70,20,0,1,0.71,0,0,50.7",2385.29,21,50091.09,-45.36,-0.09,2.52,0.01,-45.36,-0.09,-215.49,0.00
178,Exit short,2024-08-09 04:40,Short Exit,2425.74,33,80005.86,-43.56,-0.05,36.3,0.05,-43.56,-0.05,-259.05,0.00
178,Entry short,2024-08-09 04:30," | F:50,30,0,1,0.54,0,1,53.55",2424.42,33,80005.86,-43.56,-0.05,36.3,0.05,-43.56,-0.05,-259.05,0.00
179,Exit long,2024-08-13 11:35,Long Exit,2460.34,36,88615.44,-43.2,-0.05,48.96,0.06,-43.2,-0.05,-302.25,0.00
179,Entry long,2024-08-13 11:15," | F:65,31,1,0,0.81,0,0,42.88",2461.54,36,88615.44,-43.2,-0.05,48.96,0.06,-43.2,-0.05,-302.25,0.00
180,Exit short,2024-08-13 14:10,Short Exit,2463.4,25,61540.5,-44.5,-0.07,57.5,0.09,-44.5,-0.07,-346.75,0.00
180,Entry short,2024-08-13 13:25," | F:55,30,1,1,1.25,0,1,52.72",2461.62,25,61540.5,-44.5,-0.07,57.5,0.09,-44.5,-0.07,-346.75,0.00
181,Exit long,2024-08-14 21:40,Long Exit,2445.82,27,65931.3,105.84,0.16,105.84,0.16,-40.77,-0.06,-240.91,0.00
181,Entry long,2024-08-14 20:20," | F:55,10,2,0,1.5,0,0,37.51",2441.9,27,65931.3,105.84,0.16,105.84,0.16,-40.77,-0.06,-240.91,0.00
182,Exit short,2024-08-16 02:30,Short Exit,2456.19,54,132595.38,-38.88,-0.03,4.32,0.00,-38.88,-0.03,-279.79,0.00
182,Entry short,2024-08-16 02:15," | F:45,16,3,1,0.87,0,1,49.09",2455.47,54,132595.38,-38.88,-0.03,4.32,0.00,-38.88,-0.03,-279.79,0.00
183,Exit long,2024-08-16 14:55,Long Exit,2471.21,24,59205.36,103.68,0.18,103.68,0.18,-3.12,-0.01,-176.11,0.00
183,Entry long,2024-08-16 14:35," | F:75,9,1,0,1.08,0,1,55.58",2466.89,24,59205.36,103.68,0.18,103.68,0.18,-3.12,-0.01,-176.11,0.00
184,Exit long,2024-08-19 01:00,Long Exit,2505.38,22,55163.46,-45.1,-0.08,57.42,0.10,-45.1,-0.08,-221.21,0.00
184,Entry long,2024-08-16 23:30," | F:70,10,2,0,0.5,0,1,62.61",2507.43,22,55163.46,-45.1,-0.08,57.42,0.10,-45.1,-0.08,-221.21,0.00
185,Exit short,2024-08-19 07:00,Time Stop (Bars),2503.16,9,22507.74,-20.7,-0.09,53.82,0.24,-44.55,-0.20,-241.91,0.00
185,Entry short,2024-08-19 04:00," | F:50,10,0,1,1.01,0,1,33.04",2500.86,9,22507.74,-20.7,-0.09,53.82,0.24,-44.55,-0.20,-241.91,0.00
186,Exit long,2024-08-20 18:00,Long Exit,2520.34,17,42891.34,-45.56,-0.11,93.84,0.22,-45.56,-0.11,-287.47,0.00
186,Entry long,2024-08-20 17:25," | F:75,66,2,0,0.53,0,1,41.48",2523.02,17,42891.34,-45.56,-0.11,93.84,0.22,-45.56,-0.11,-287.47,0.00
187,Exit long,2024-08-21 12:50,Long Exit,2505.13,31,77703.05,-44.02,-0.06,85.56,0.11,-44.02,-0.06,-331.49,0.00
187,Entry long,2024-08-21 12:05," | F:55,185,1,0,1.09,0,0,31.89",2506.55,31,77703.05,-44.02,-0.06,85.56,0.11,-44.02,-0.06,-331.49,0.00
188,Exit short,2024-08-21 16:30,Short Exit,2503.34,16,40157.76,104.32,0.26,104.32,0.26,-12,-0.03,-227.17,0.00
188,Entry short,2024-08-21 16:05," | F:70,10,2,1,1.2,0,0,49.98",2509.86,16,40157.76,104.32,0.26,104.32,0.26,-12,-0.03,-227.17,0.00
189,Exit long,2024-08-22 03:05,Long Exit,2512.14,40,100527.2,-41.6,-0.04,0.8,0.00,-41.6,-0.04,-268.77,0.00
189,Entry long,2024-08-22 03:00," | F:70,24,0,0,2.38,0,1,52.05",2513.18,40,100527.2,-41.6,-0.04,0.8,0.00,-41.6,-0.04,-268.77,0.00
190,Exit long,2024-08-23 06:15,Long Exit,2491.61,30,74642.1,106.2,0.14,106.2,0.14,-7.2,-0.01,-162.57,0.00
190,Entry long,2024-08-23 05:45," | F:50,32,0,0,0.65,0,0,46.96",2488.07,30,74642.1,106.2,0.14,106.2,0.14,-7.2,-0.01,-162.57,0.00
191,Exit short,2024-08-23 22:00,Short Exit,2507.82,38,95405.84,108.68,0.11,108.68,0.11,-32.68,-0.03,-53.89,0.00
191,Entry short,2024-08-23 21:20," | F:50,8,2,1,0.78,0,1,51.13",2510.68,38,95405.84,108.68,0.11,108.68,0.11,-32.68,-0.03,-53.89,0.00
192,Exit short,2024-08-26 09:40,Short Exit,2514.58,29,72878.45,-44.37,-0.06,6.96,0.01,-44.37,-0.06,-98.26,0.00
192,Entry short,2024-08-26 09:30," | F:50,49,0,1,0.96,0,1,63.47",2513.05,29,72878.45,-44.37,-0.06,6.96,0.01,-44.37,-0.06,-98.26,0.00
193,Exit short,2024-08-26 10:10,Short Exit,2516.59,43,108172.09,-41.28,-0.04,25.37,0.02,-41.28,-0.04,-139.54,0.00
193,Entry short,2024-08-26 10:05," | F:50,79,1,1,0.74,0,1,71.28",2515.63,43,108172.09,-41.28,-0.04,25.37,0.02,-41.28,-0.04,-139.54,0.00
194,Exit short,2024-08-27 08:20,Short Exit,2509.41,45,112882.95,-40.5,-0.04,108,0.10,-40.5,-0.04,-180.04,0.00
194,Entry short,2024-08-27 07:00," | F:65,25,0,1,0.51,0,0,50.15",2508.51,45,112882.95,-40.5,-0.04,108,0.10,-40.5,-0.04,-180.04,0.00
195,Exit short,2024-08-27 08:40,Short Exit,2511.88,51,128066.1,-39.78,-0.03,1.53,0.00,-39.78,-0.03,-219.82,0.00
195,Entry short,2024-08-27 08:35," | F:70,48,0,1,1.25,0,0,66.73",2511.1,51,128066.1,-39.78,-0.03,1.53,0.00,-39.78,-0.03,-219.82,0.00
196,Exit short,2024-08-29 12:50,Short Exit,2520.35,24,60444,-44.4,-0.07,16.32,0.03,-44.4,-0.07,-264.22,0.00
196,Entry short,2024-08-29 12:35," | F:50,38,1,1,0.59,0,1,55.39",2518.5,24,60444,-44.4,-0.07,16.32,0.03,-44.4,-0.07,-264.22,0.00
197,Exit long,2024-08-29 15:30,Long Exit,2518.32,39,98107.62,106.86,0.11,106.86,0.11,0,0.00,-157.36,0.00
197,Entry long,2024-08-29 15:25," | F:70,88,2,0,0.66,0,1,31.11",2515.58,39,98107.62,106.86,0.11,106.86,0.11,0,0.00,-157.36,0.00
198,Exit short,2024-08-30 06:25,Short Exit,2513.91,39,98150.91,108.42,0.11,108.42,0.11,-9.36,-0.01,-48.94,0.00
198,Entry short,2024-08-30 05:40," | F:70,13,0,1,1.41,0,0,48.68",2516.69,39,98150.91,108.42,0.11,108.42,0.11,-9.36,-0.01,-48.94,0.00
199,Exit short,2024-08-30 07:25,Short Exit,2514.42,43,108078.35,-41.71,-0.04,23.65,0.02,-41.71,-0.04,-90.65,0.00
199,Entry short,2024-08-30 07:10," | F:70,8,0,1,0.56,0,0,42.27",2513.45,43,108078.35,-41.71,-0.04,23.65,0.02,-41.71,-0.04,-90.65,0.00
200,Exit short,2024-08-30 12:10,Short Exit,2526.68,19,47961.13,-45.79,-0.10,44.46,0.09,-45.79,-0.10,-136.44,0.00
200,Entry short,2024-08-30 11:35," | F:50,169,1,1,0.77,0,1,64.07",2524.27,19,47961.13,-45.79,-0.10,44.46,0.09,-45.79,-0.10,-136.44,0.00
201,Exit short,2024-09-02 10:30,Short Exit,2499.17,34,84928.26,-43.52,-0.05,2.38,0.00,-43.52,-0.05,-179.96,0.00
201,Entry short,2024-09-02 10:25," | F:70,8,1,1,0.83,0,0,51.88",2497.89,34,84928.26,-43.52,-0.05,2.38,0.00,-43.52,-0.05,-179.96,0.00
202,Exit long,2024-09-03 14:40,Long Exit,2494.71,37,92346.45,-42.18,-0.05,12.21,0.01,-42.18,-0.05,-222.14,0.00
202,Entry long,2024-09-03 14:30," | F:55,11,1,0,0.84,0,0,39.68",2495.85,37,92346.45,-42.18,-0.05,12.21,0.01,-42.18,-0.05,-222.14,0.00
203,Exit long,2024-09-04 03:30,Long Exit,2492.5,26,64849.72,-44.72,-0.07,7.02,0.01,-44.72,-0.07,-266.86,0.00
203,Entry long,2024-09-04 03:15," | F:70,14,0,0,0.65,0,1,57.76",2494.22,26,64849.72,-44.72,-0.07,7.02,0.01,-44.72,-0.07,-266.86,0.00
204,Exit long,2024-09-04 10:40,Long Exit,2483.25,17,42263.19,-47.94,-0.11,0.34,0.00,-47.94,-0.11,-314.8,0.00
204,Entry long,2024-09-04 10:30," | F:55,179,1,0,0.88,0,0,40.94",2486.07,17,42263.19,-47.94,-0.11,0.34,0.00,-47.94,-0.11,-314.8,0.00
205,Exit long,2024-09-04 11:10,Long Exit,2480.22,17,42209.3,-45.56,-0.11,2.21,0.01,-45.56,-0.11,-360.36,0.00
205,Entry long,2024-09-04 11:00," | F:55,189,1,0,1.19,0,0,35.39",2482.9,17,42209.3,-45.56,-0.11,2.21,0.01,-45.56,-0.11,-360.36,0.00
206,Exit long,2024-09-05 07:50,Long Exit,2493.92,81,202041.54,-34.02,-0.02,51.84,0.03,-34.02,-0.02,-394.38,0.00
206,Entry long,2024-09-05 07:25," | F:70,85,0,0,0.3,0,1,36.2",2494.34,81,202041.54,-34.02,-0.02,51.84,0.03,-34.02,-0.02,-394.38,0.00
207,Exit long,2024-09-05 21:10,Time Stop (Bars),2516.04,12,30093.6,98.88,0.33,102.72,0.34,-37.68,-0.13,-295.5,0.00
207,Entry long,2024-09-05 18:10," | F:75,98,2,0,0.29,0,1,37.72",2507.8,12,30093.6,98.88,0.33,102.72,0.34,-37.68,-0.13,-295.5,0.00
208,Exit long,2024-09-06 04:30,Long Exit,2514.25,29,72957.91,-44.66,-0.06,12.76,0.02,-44.66,-0.06,-340.16,0.00
208,Entry long,2024-09-06 04:10," | F:65,52,0,0,1.24,0,1,43.41",2515.79,29,72957.91,-44.66,-0.06,12.76,0.02,-44.66,-0.06,-340.16,0.00
209,Exit long,2024-09-06 09:30,Long Exit,2518.41,27,68040.81,-43.74,-0.06,1.62,0.00,-43.74,-0.06,-383.9,0.00
209,Entry long,2024-09-06 09:25," | F:70,18,0,0,0.23,0,1,55.69",2520.03,27,68040.81,-43.74,-0.06,1.62,0.00,-43.74,-0.06,-383.9,0.00
210,Exit long,2024-09-06 16:25,Long Exit,2506.82,3,7572.78,-52.32,-0.69,14.73,0.19,-52.32,-0.69,-436.22,0.00
210,Entry long,2024-09-06 15:30," | F:75,232,2,0,0.56,0,1,70.24",2524.26,3,7572.78,-52.32,-0.69,14.73,0.19,-52.32,-0.69,-436.22,0.00
211,Exit short,2024-09-06 23:30,Time Stop (Bars),2495.62,16,39905.28,-24.64,-0.06,54.88,0.14,-44.16,-0.11,-460.86,0.00
211,Entry short,2024-09-06 20:30," | F:75,17,2,1,1.45,0,0,45.63",2494.08,16,39905.28,-24.64,-0.06,54.88,0.14,-44.16,-0.11,-460.86,0.00
212,Exit long,2024-09-11 13:15,Long Exit,2520.67,21,52980.48,-46.41,-0.09,89.46,0.17,-46.41,-0.09,-507.27,-0.01
212,Entry long,2024-09-11 11:00," | F:70,26,1,0,0.49,0,1,45.83",2522.88,21,52980.48,-46.41,-0.09,89.46,0.17,-46.41,-0.09,-507.27,-0.01
213,Exit long,2024-09-16 17:25,Long Exit,2578.03,23,59339.54,-44.85,-0.08,18.86,0.03,-44.85,-0.08,-552.12,-0.01
213,Entry long,2024-09-16 17:20," | F:55,42,2,0,1.34,0,0,40.63",2579.98,23,59339.54,-44.85,-0.08,18.86,0.03,-44.85,-0.08,-552.12,-0.01
214,Exit short,2024-09-17 05:00,Short Exit,2582.65,20,51606,-47,-0.09,0.6,0.00,-47,-0.09,-599.12,-0.01
214,Entry short,2024-09-17 04:45," | F:70,15,0,1,1.41,0,0,42.31",2580.3,20,51606,-47,-0.09,0.6,0.00,-47,-0.09,-599.12,-0.01
215,Exit short,2024-09-17 15:30,Short Exit,2572.96,17,43840.96,100.64,0.23,100.64,0.23,-45.05,-0.10,-498.48,0.00
215,Entry short,2024-09-17 14:45," | F:75,39,1,1,0.91,0,0,65.12",2578.88,17,43840.96,100.64,0.23,100.64,0.23,-45.05,-0.10,-498.48,0.00
216,Exit long,2024-09-18 08:25,Long Exit,2565.7,55,141152.55,-39.05,-0.03,18.7,0.01,-39.05,-0.03,-537.53,-0.01
216,Entry long,2024-09-18 08:20," | F:50,130,0,0,1.87,0,0,20.81",2566.41,55,141152.55,-39.05,-0.03,18.7,0.01,-39.05,-0.03,-537.53,-0.01
217,Exit long,2024-09-20 18:40,Long Exit,2621.66,14,36601.6,101.64,0.28,101.64,0.28,-45.5,-0.12,-435.89,0.00
217,Entry long,2024-09-20 18:15," | F:75,11,2,0,1.5,0,1,54.37",2614.4,14,36601.6,101.64,0.28,101.64,0.28,-45.5,-0.12,-435.89,0.00
218,Exit long,2024-09-23 08:45,Long Exit,2630.83,36,94604.04,105.84,0.11,105.84,0.11,-20.16,-0.02,-330.05,0.00
218,Entry long,2024-09-23 08:10," | F:70,27,0,0,1.88,0,1,48.6",2627.89,36,94604.04,105.84,0.11,105.84,0.11,-20.16,-0.02,-330.05,0.00
219,Exit long,2024-09-23 15:45,Long Exit,2625.82,26,68164.2,107.12,0.16,107.12,0.16,-5.2,-0.01,-222.93,0.00
219,Entry long,2024-09-23 15:25," | F:70,33,2,0,0.38,0,1,47.48",2621.7,26,68164.2,107.12,0.16,107.12,0.16,-5.2,-0.01,-222.93,0.00
220,Exit long,2024-09-24 10:35,Long Exit,2624.32,18,47285.1,-47.34,-0.10,59.04,0.12,-47.34,-0.10,-270.27,0.00
220,Entry long,2024-09-24 09:00," | F:70,62,0,0,0.47,0,0,29.65",2626.95,18,47285.1,-47.34,-0.10,59.04,0.12,-47.34,-0.10,-270.27,0.00
221,Exit long,2024-09-24 13:00,Long Exit,2631.11,17,44628.23,100.64,0.23,100.64,0.23,0,0.00,-169.63,0.00
221,Entry long,2024-09-24 10:40," | F:70,217,1,0,0.57,0,0,38.11",2625.19,17,44628.23,100.64,0.23,100.64,0.23,0,0.00,-169.63,0.00
222,Exit long,2024-09-25 10:50,Long Exit,2655.99,31,82230.29,105.4,0.13,105.4,0.13,-11.16,-0.01,-64.23,0.00
222,Entry long,2024-09-25 10:05," | F:70,150,1,0,0.4,0,0,36.06",2652.59,31,82230.29,105.4,0.13,105.4,0.13,-11.16,-0.01,-64.23,0.00
223,Exit short,2024-09-26 04:55,Short Exit,2660.84,21,55831.86,-45.78,-0.08,21.84,0.04,-45.78,-0.08,-110.01,0.00
223,Entry short,2024-09-26 04:15," | F:50,59,0,1,0.53,0,1,51.48",2658.66,21,55831.86,-45.78,-0.08,21.84,0.04,-45.78,-0.08,-110.01,0.00
224,Exit long,2024-09-26 15:30,Long Exit,2673.16,10,26778.5,-46.9,-0.18,21.3,0.08,-46.9,-0.18,-156.91,0.00
224,Entry long,2024-09-26 15:15," | F:70,16,2,0,0.78,0,1,51.9",2677.85,10,26778.5,-46.9,-0.18,21.3,0.08,-46.9,-0.18,-156.91,0.00
225,Exit long,2024-09-26 16:10,Long Exit,2668.41,10,26733.8,-49.7,-0.19,66.3,0.25,-49.7,-0.19,-206.61,0.00
225,Entry long,2024-09-26 15:40," | F:75,31,2,0,0.59,0,1,43.92",2673.38,10,26733.8,-49.7,-0.19,66.3,0.25,-49.7,-0.19,-206.61,0.00
226,Exit short,2024-09-27 06:30,Short Exit,2672.08,39,104169.39,-41.73,-0.04,0.39,0.00,-41.73,-0.04,-248.34,0.00
226,Entry short,2024-09-27 06:25," | F:45,42,0,1,0.48,0,1,56.4",2671.01,39,104169.39,-41.73,-0.04,0.39,0.00,-41.73,-0.04,-248.34,0.00
227,Exit long,2024-09-30 03:35,Long Exit,2662.57,53,141155.96,-39.75,-0.03,47.17,0.03,-39.75,-0.03,-288.09,0.00
227,Entry long,2024-09-30 03:25," | F:65,14,0,0,0.51,0,1,56.48",2663.32,53,141155.96,-39.75,-0.03,47.17,0.03,-39.75,-0.03,-288.09,0.00
228,Exit short,2024-09-30 20:05,Short Exit,2640.42,38,100294.16,-41.8,-0.04,0.38,0.00,-41.8,-0.04,-329.89,0.00
228,Entry short,2024-09-30 20:00," | F:75,43,2,1,0.92,0,0,64.89",2639.32,38,100294.16,-41.8,-0.04,0.38,0.00,-41.8,-0.04,-329.89,0.00
229,Exit short,2024-10-02 04:25,Short Exit,2659.54,49,130277.28,-40.18,-0.03,7.84,0.01,-40.18,-0.03,-370.07,0.00
229,Entry short,2024-10-02 04:20," | F:50,11,0,1,0.95,0,1,46.63",2658.72,49,130277.28,-40.18,-0.03,7.84,0.01,-40.18,-0.03,-370.07,0.00
230,Exit long,2024-10-03 03:25,Long Exit,2658.35,45,119666.25,-40.5,-0.03,3.15,0.00,-40.5,-0.03,-410.57,0.00
230,Entry long,2024-10-03 03:20," | F:70,28,0,0,1.18,0,1,46.21",2659.25,45,119666.25,-40.5,-0.03,3.15,0.00,-40.5,-0.03,-410.57,0.00
231,Exit long,2024-10-03 10:15,Long Exit,2652.87,24,63714,-45.12,-0.07,7.44,0.01,-45.12,-0.07,-455.69,0.00
231,Entry long,2024-10-03 10:05," | F:50,13,1,0,1.68,0,0,48.81",2654.75,24,63714,-45.12,-0.07,7.44,0.01,-45.12,-0.07,-455.69,0.00
232,Exit long,2024-10-03 10:40,Long Exit,2647.37,26,68877.12,-45.5,-0.07,15.08,0.02,-45.5,-0.07,-501.19,-0.01
232,Entry long,2024-10-03 10:30," | F:50,158,1,0,0.61,0,0,29.85",2649.12,26,68877.12,-45.5,-0.07,15.08,0.02,-45.5,-0.07,-501.19,-0.01
233,Exit short,2024-10-03 17:10,Short Exit,2653.9,8,21184.64,-46.56,-0.22,93.2,0.44,-46.56,-0.22,-547.75,-0.01
233,Entry short,2024-10-03 15:30," | F:75,65,2,1,1.01,0,0,53.95",2648.08,8,21184.64,-46.56,-0.22,93.2,0.44,-46.56,-0.22,-547.75,-0.01
234,Exit short,2024-10-03 20:05,Short Exit,2661.08,21,55835.85,-46.83,-0.08,77.7,0.14,-46.83,-0.08,-594.58,-0.01
234,Entry short,2024-10-03 19:40," | F:45,199,2,1,0.94,0,1,66.78",2658.85,21,55835.85,-46.83,-0.08,77.7,0.14,-46.83,-0.08,-594.58,-0.01
235,Exit long,2024-10-03 23:15,Long Exit,2656.78,31,82403.58,-43.4,-0.05,36.27,0.04,-43.4,-0.05,-637.98,-0.01
235,Entry long,2024-10-03 22:00," | F:70,12,2,0,1.05,0,1,53.2",2658.18,31,82403.58,-43.4,-0.05,36.27,0.04,-43.4,-0.05,-637.98,-0.01
236,Exit short,2024-10-04 04:00,Short Exit,2657.44,50,132831.5,-40.5,-0.03,65,0.05,-40.5,-0.03,-678.48,-0.01
236,Entry short,2024-10-04 03:30," | F:50,41,0,1,0.61,0,1,57.01",2656.63,50,132831.5,-40.5,-0.03,65,0.05,-40.5,-0.03,-678.48,-0.01
237,Exit short,2024-10-07 18:45,Short Exit,2649.74,27,71498.97,-44.01,-0.06,0.54,0.00,-44.01,-0.06,-722.49,-0.01
237,Entry short,2024-10-07 18:35," | F:75,28,2,1,1.26,0,0,56.92",2648.11,27,71498.97,-44.01,-0.06,0.54,0.00,-44.01,-0.06,-722.49,-0.01
238,Exit long,2024-10-07 21:35,Long Exit,2643.84,26,68784.82,-44.98,-0.07,0,0.00,-44.98,-0.07,-767.47,-0.01
238,Entry long,2024-10-07 21:30," | F:55,22,2,0,0.88,0,0,47.67",2645.57,26,68784.82,-44.98,-0.07,0,0.00,-44.98,-0.07,-767.47,-0.01
239,Exit long,2024-10-09 15:30,Long Exit,2616.84,26,68082.56,-44.72,-0.07,96.2,0.14,-44.72,-0.07,-812.19,-0.01
239,Entry long,2024-10-09 14:45," | F:75,15,1,0,0.6,0,0,49.25",2618.56,26,68082.56,-44.72,-0.07,96.2,0.14,-44.72,-0.07,-812.19,-0.01
240,Exit long,2024-10-09 20:00,Long Exit,2607.66,28,73059.56,-45.08,-0.06,16.52,0.02,-45.08,-0.06,-857.27,-0.01
240,Entry long,2024-10-09 19:40," | F:50,24,2,0,1.29,0,0,38.84",2609.27,28,73059.56,-45.08,-0.06,16.52,0.02,-45.08,-0.06,-857.27,-0.01
241,Exit long,2024-10-10 01:00,Long Exit,2606.83,75,195547.5,-35.25,-0.02,89.25,0.05,-35.25,-0.02,-892.52,-0.01
241,Entry long,2024-10-09 23:20," | F:50,17,2,0,0.91,0,0,42.64",2607.3,75,195547.5,-35.25,-0.02,89.25,0.05,-35.25,-0.02,-892.52,-0.01
242,Exit long,2024-10-10 04:40,Long Exit,2610.36,41,106916.52,108.24,0.10,108.24,0.10,-10.25,-0.01,-784.28,-0.01
242,Entry long,2024-10-10 04:35," | F:50,17,0,0,0.71,0,0,41.22",2607.72,41,106916.52,108.24,0.10,108.24,0.10,-10.25,-0.01,-784.28,-0.01
243,Exit long,2024-10-16 16:50,Long Exit,2676.42,14,37517.2,-47.32,-0.13,76.72,0.20,-47.32,-0.13,-831.6,-0.01
243,Entry long,2024-10-16 15:20," | F:70,12,2,0,0.61,0,1,56.57",2679.8,14,37517.2,-47.32,-0.13,76.72,0.20,-47.32,-0.13,-831.6,-0.01
244,Exit long,2024-10-18 16:20,Long Exit,2704.87,24,64962.96,-46.08,-0.07,0,0.00,-46.08,-0.07,-877.68,-0.01
244,Entry long,2024-10-18 16:15," | F:75,53,2,0,0.27,0,1,37.3",2706.79,24,64962.96,-46.08,-0.07,0,0.00,-46.08,-0.07,-877.68,-0.01
245,Exit long,2024-10-22 04:20,Long Exit,2727.34,22,59897.2,104.28,0.17,104.28,0.17,-14.74,-0.02,-773.4,-0.01
245,Entry long,2024-10-22 03:00," | F:50,12,0,0,0.45,0,0,64.4",2722.6,22,59897.2,104.28,0.17,104.28,0.17,-14.74,-0.02,-773.4,-0.01
246,Exit long,2024-10-22 12:50,Long Exit,2730.52,69,188441.76,-35.88,-0.02,15.87,0.01,-35.88,-0.02,-809.28,-0.01
246,Entry long,2024-10-22 12:45," | F:70,45,1,0,0.87,0,1,33.54",2731.04,69,188441.76,-35.88,-0.02,15.87,0.01,-35.88,-0.02,-809.28,-0.01
247,Exit long,2024-10-22 14:40,Long Exit,2731.79,28,76534.64,-44.52,-0.06,0,0.00,-44.52,-0.06,-853.8,-0.01
247,Entry long,2024-10-22 14:35," | F:75,19,1,0,1.02,0,1,41.49",2733.38,28,76534.64,-44.52,-0.06,0,0.00,-44.52,-0.06,-853.8,-0.01
248,Exit long,2024-10-23 12:30,Long Exit,2751.44,40,110100,-42.4,-0.04,8.8,0.01,-42.4,-0.04,-896.2,-0.01
248,Entry long,2024-10-23 12:25," | F:75,24,1,0,1.1,0,1,39.77",2752.5,40,110100,-42.4,-0.04,8.8,0.01,-42.4,-0.04,-896.2,-0.01
249,Exit long,2024-10-28 12:15,Long Exit,2728.29,21,57339.66,-45.57,-0.08,42.21,0.07,-45.57,-0.08,-941.77,-0.01
249,Entry long,2024-10-28 11:30," | F:50,95,1,0,1.31,0,0,34.44",2730.46,21,57339.66,-45.57,-0.08,42.21,0.07,-45.57,-0.08,-941.77,-0.01
250,Exit short,2024-10-28 18:25,Short Exit,2743.99,65,178322.3,-37.05,-0.02,0,0.00,-37.05,-0.02,-978.82,-0.01
250,Entry short,2024-10-28 18:20," | F:55,18,2,1,1.18,0,1,58.65",2743.42,65,178322.3,-37.05,-0.02,0,0.00,-37.05,-0.02,-978.82,-0.01
251,Exit long,2024-10-29 07:30,Long Exit,2751.9,54,148642.02,-39.42,-0.03,0,0.00,-39.42,-0.03,-1018.24,-0.01
251,Entry long,2024-10-29 07:25," | F:65,18,0,0,0.83,0,1,47.24",2752.63,54,148642.02,-39.42,-0.03,0,0.00,-39.42,-0.03,-1018.24,-0.01
252,Exit long,2024-10-29 13:25,Long Exit,2746.19,12,33000.12,-45.84,-0.14,77.88,0.24,-45.84,-0.14,-1064.08,-0.01
252,Entry long,2024-10-29 10:25," | F:65,90,1,0,0.48,0,1,39.97",2750.01,12,33000.12,-45.84,-0.14,77.88,0.24,-45.84,-0.14,-1064.08,-0.01
253,Exit short,2024-10-30 14:50,Short Exit,2782.35,29,80643.49,-44.66,-0.06,0,0.00,-44.66,-0.06,-1108.74,-0.01
253,Entry short,2024-10-30 14:40," | F:50,23,2,1,0.61,0,1,53.5",2780.81,29,80643.49,-44.66,-0.06,0,0.00,-44.66,-0.06,-1108.74,-0.01
254,Exit long,2024-10-30 17:05,Long Exit,2775.03,13,36123.75,-48.36,-0.13,37.83,0.10,-48.36,-0.13,-1157.1,-0.01
254,Entry long,2024-10-30 16:30," | F:75,9,2,0,1.27,0,1,49.84",2778.75,13,36123.75,-48.36,-0.13,37.83,0.10,-48.36,-0.13,-1157.1,-0.01
255,Exit short,2024-10-31 12:15,Short Exit,2774.24,26,72235.28,105.04,0.15,105.04,0.15,-36.92,-0.05,-1052.06,-0.01
255,Entry short,2024-10-31 11:35," | F:75,6,1,1,0.88,0,0,42.82",2778.28,26,72235.28,105.04,0.15,105.04,0.15,-36.92,-0.05,-1052.06,-0.01
256,Exit long,2024-11-01 12:25,Long Exit,2747.84,19,52254.94,-45.98,-0.09,42.94,0.08,-45.98,-0.09,-1098.04,-0.01
256,Entry long,2024-11-01 11:35," | F:55,21,1,0,0.75,0,0,40.79",2750.26,19,52254.94,-45.98,-0.09,42.94,0.08,-45.98,-0.09,-1098.04,-0.01
257,Exit long,2024-11-01 16:20,Long Exit,2751.96,15,41325.15,-45.75,-0.11,66.3,0.16,-45.75,-0.11,-1143.79,-0.01
257,Entry long,2024-11-01 15:30," | F:65,13,2,0,0.84,0,1,50.14",2755.01,15,41325.15,-45.75,-0.11,66.3,0.16,-45.75,-0.11,-1143.79,-0.01
258,Exit long,2024-11-04 18:45,Long Exit,2734.69,29,79350.96,-44.95,-0.06,75.4,0.10,-44.95,-0.06,-1188.74,-0.01
258,Entry long,2024-11-04 18:15," | F:55,86,2,0,0.53,0,0,37.74",2736.24,29,79350.96,-44.95,-0.06,75.4,0.10,-44.95,-0.06,-1188.74,-0.01
259,Exit short,2024-11-05 07:35,Short Exit,2736.7,31,84794.3,-43.4,-0.05,0.31,0.00,-43.4,-0.05,-1232.14,-0.01
259,Entry short,2024-11-05 07:30," | F:70,69,0,1,0.53,0,0,57.11",2735.3,31,84794.3,-43.4,-0.05,0.31,0.00,-43.4,-0.05,-1232.14,-0.01
260,Exit short,2024-11-05 15:20,Short Exit,2739.21,19,51999.01,-45.98,-0.09,10.07,0.02,-45.98,-0.09,-1278.12,-0.01
260,Entry short,2024-11-05 15:15," | F:65,7,2,1,0.7,0,0,36.53",2736.79,19,51999.01,-45.98,-0.09,10.07,0.02,-45.98,-0.09,-1278.12,-0.01
261,Exit long,2024-11-05 18:00,Long Exit,2742.14,16,43772.48,101.76,0.23,101.76,0.23,-12.48,-0.03,-1176.36,-0.01
261,Entry long,2024-11-05 17:30," | F:55,88,2,0,0.51,0,0,37.74",2735.78,16,43772.48,101.76,0.23,101.76,0.23,-12.48,-0.03,-1176.36,-0.01
262,Exit long,2024-11-05 20:35,Long Exit,2739.58,46,126061.62,-40.94,-0.03,37.72,0.03,-40.94,-0.03,-1217.3,-0.01
262,Entry long,2024-11-05 20:25," | F:65,16,2,0,0.64,0,1,46.48",2740.47,46,126061.62,-40.94,-0.03,37.72,0.03,-40.94,-0.03,-1217.3,-0.01
263,Exit short,2024-11-07 15:20,Short Exit,2678.59,34,91028.54,-43.52,-0.05,82.96,0.09,-43.52,-0.05,-1260.82,-0.01
263,Entry short,2024-11-07 15:15," | F:75,275,2,1,2.47,0,1,76.86",2677.31,34,91028.54,-43.52,-0.05,82.96,0.09,-43.52,-0.05,-1260.82,-0.01
264,Exit short,2024-11-08 22:05,Short Exit,2687.74,33,88652.19,-43.23,-0.05,0,0.00,-43.23,-0.05,-1304.05,-0.01
264,Entry short,2024-11-08 22:00," | F:70,20,2,1,0.9,0,0,53.64",2686.43,33,88652.19,-43.23,-0.05,0,0.00,-43.23,-0.05,-1304.05,-0.01
265,Exit long,2024-11-11 23:50,Long Exit,2619.67,71,186032.07,-35.5,-0.02,18.46,0.01,-35.5,-0.02,-1339.55,-0.01
265,Entry long,2024-11-11 23:45," | F:50,23,3,0,1.13,0,0,44.3",2620.17,71,186032.07,-35.5,-0.02,18.46,0.01,-35.5,-0.02,-1339.55,-0.01
266,Exit short,2024-11-13 11:30,Short Exit,2610.62,24,62610.24,-44.64,-0.07,37.2,0.06,-44.64,-0.07,-1384.19,-0.01
266,Entry short,2024-11-13 10:40," | F:50,49,1,1,0.27,0,1,60.16",2608.76,24,62610.24,-44.64,-0.07,37.2,0.06,-44.64,-0.07,-1384.19,-0.01
267,Exit long,2024-11-13 16:45,Long Exit,2605.99,12,31318.44,-46.56,-0.15,0.24,0.00,-46.56,-0.15,-1430.75,-0.01
267,Entry long,2024-11-13 16:40," | F:70,37,2,0,0.37,0,1,47.56",2609.87,12,31318.44,-46.56,-0.15,0.24,0.00,-46.56,-0.15,-1430.75,-0.01
268,Exit short,2024-11-14 10:10,Short Exit,2558.84,17,43452.34,-47.94,-0.11,27.71,0.06,-47.94,-0.11,-1478.69,-0.01
268,Entry short,2024-11-14 09:40," | F:70,16,1,1,0.71,0,0,49.09",2556.02,17,43452.34,-47.94,-0.11,27.71,0.06,-47.94,-0.11,-1478.69,-0.01
269,Exit long,2024-11-14 11:15,Long Exit,2552.82,16,40893.28,-48.16,-0.12,8.16,0.02,-48.16,-0.12,-1526.85,-0.02
269,Entry long,2024-11-14 11:05," | F:55,21,1,0,0.65,0,0,47.05",2555.83,16,40893.28,-48.16,-0.12,8.16,0.02,-48.16,-0.12,-1526.85,-0.02
270,Exit short,2024-11-15 18:10,Short Exit,2573.07,32,82294.72,-43.52,-0.05,0.32,0.00,-43.52,-0.05,-1570.37,-0.02
270,Entry short,2024-11-15 18:05," | F:55,12,2,1,0.95,0,1,54",2571.71,32,82294.72,-43.52,-0.05,0.32,0.00,-43.52,-0.05,-1570.37,-0.02
271,Exit long,2024-11-18 21:35,Long Exit,2608.72,37,96565.19,-42.55,-0.04,19.61,0.02,-42.55,-0.04,-1612.92,-0.02
271,Entry long,2024-11-18 21:30," | F:65,10,2,0,0.64,0,1,49.29",2609.87,37,96565.19,-42.55,-0.04,19.61,0.02,-42.55,-0.04,-1612.92,-0.02
272,Exit long,2024-11-20 06:25,Long Exit,2636.96,59,155618.99,-38.35,-0.02,62.54,0.04,-38.35,-0.02,-1651.27,-0.02
272,Entry long,2024-11-20 06:05," | F:70,31,0,0,1.23,0,1,36.36",2637.61,59,155618.99,-38.35,-0.02,62.54,0.04,-38.35,-0.02,-1651.27,-0.02
273,Exit short,2024-11-20 16:20,Short Exit,2640.45,16,42200,-47.2,-0.11,68,0.16,-47.2,-0.11,-1698.47,-0.02
273,Entry short,2024-11-20 15:25," | F:50,120,2,1,0.43,0,1,78.19",2637.5,16,42200,-47.2,-0.11,68,0.16,-47.2,-0.11,-1698.47,-0.02
274,Exit long,2024-11-21 14:55,Long Exit,2663.45,30,79947,-43.5,-0.05,70.2,0.09,-43.5,-0.05,-1741.97,-0.02
274,Entry long,2024-11-21 14:15," | F:75,50,2,0,0.78,0,1,37.46",2664.9,30,79947,-43.5,-0.05,70.2,0.09,-43.5,-0.05,-1741.97,-0.02
275,Exit long,2024-11-21 16:15,Long Exit,2671.04,14,37292.36,102.2,0.27,102.2,0.27,-23.1,-0.06,-1639.77,-0.02
275,Entry long,2024-11-21 15:00," | F:70,69,2,0,0.61,0,1,39.46",2663.74,14,37292.36,102.2,0.27,102.2,0.27,-23.1,-0.06,-1639.77,-0.02
276,Exit long,2024-11-22 16:55,Long Exit,2695.96,13,34944,103.48,0.30,103.48,0.30,-15.47,-0.04,-1536.29,-0.02
276,Entry long,2024-11-22 16:30," | F:70,105,2,0,0.78,0,0,32.21",2688,13,34944,103.48,0.30,103.48,0.30,-15.47,-0.04,-1536.29,-0.02
277,Exit short,2024-11-22 17:20,Short Exit,2698.31,14,37728.18,-48.16,-0.13,0.7,0.00,-48.16,-0.13,-1584.45,-0.02
277,Entry short,2024-11-22 17:05," | F:50,22,2,1,0.91,0,1,52.04",2694.87,14,37728.18,-48.16,-0.13,0.7,0.00,-48.16,-0.13,-1584.45,-0.02
278,Exit long,2024-11-26 06:45,Long Exit,2626.01,26,68320.72,-44.46,-0.07,5.2,0.01,-44.46,-0.07,-1628.91,-0.02
278,Entry long,2024-11-26 06:35," | F:45,19,0,0,1.72,0,0,48.76",2627.72,26,68320.72,-44.46,-0.07,5.2,0.01,-44.46,-0.07,-1628.91,-0.02
279,Exit short,2024-11-26 12:30,Short Exit,2630.23,23,60448.83,-46.46,-0.08,0.46,0.00,-46.46,-0.08,-1675.37,-0.02
279,Entry short,2024-11-26 12:25," | F:70,77,1,1,0.67,0,0,64.95",2628.21,23,60448.83,-46.46,-0.08,0.46,0.00,-46.46,-0.08,-1675.37,-0.02
280,Exit short,2024-11-27 03:10,Short Exit,2629.65,23,60437.33,-44.62,-0.07,4.14,0.01,-44.62,-0.07,-1719.99,-0.02
280,Entry short,2024-11-27 03:05," | F:70,7,0,1,0.89,0,0,36.79",2627.71,23,60437.33,-44.62,-0.07,4.14,0.01,-44.62,-0.07,-1719.99,-0.02
281,Exit short,2024-11-27 03:40,Short Exit,2632.51,23,60502.19,-45.54,-0.08,2.53,0.00,-45.54,-0.08,-1765.53,-0.02
281,Entry short,2024-11-27 03:25," | F:50,17,0,1,0.58,0,1,53.13",2630.53,23,60502.19,-45.54,-0.08,2.53,0.00,-45.54,-0.08,-1765.53,-0.02
282,Exit short,2024-11-27 17:00,Short Exit,2645.99,17,45088.25,106.42,0.24,106.42,0.24,-42.33,-0.09,-1659.11,-0.02
282,Entry short,2024-11-27 16:35," | F:55,9,2,1,1.42,0,1,51.48",2652.25,17,45088.25,106.42,0.24,106.42,0.24,-42.33,-0.09,-1659.11,-0.02
283,Exit long,2024-11-27 23:25,Long Exit,2635.97,56,147653.52,-39.2,-0.03,42,0.03,-39.2,-0.03,-1698.31,-0.02
283,Entry long,2024-11-27 23:00," | F:50,13,3,0,1.32,0,0,44.65",2636.67,56,147653.52,-39.2,-0.03,42,0.03,-39.2,-0.03,-1698.31,-0.02
284,Exit long,2024-11-28 16:35,Long Exit,2644.72,30,79385.1,-43.5,-0.05,20.1,0.03,-43.5,-0.05,-1741.81,-0.02
284,Entry long,2024-11-28 16:20," | F:70,10,2,0,1.51,0,1,50.99",2646.17,30,79385.1,-43.5,-0.05,20.1,0.03,-43.5,-0.05,-1741.81,-0.02
285,Exit long,2024-11-28 17:10,Long Exit,2640.43,29,76616.55,-44.08,-0.06,13.63,0.02,-44.08,-0.06,-1785.89,-0.02
285,Entry long,2024-11-28 17:00," | F:70,75,2,0,0.68,0,1,36.15",2641.95,29,76616.55,-44.08,-0.06,13.63,0.02,-44.08,-0.06,-1785.89,-0.02
286,Exit long,2024-11-29 15:50,Long Exit,2656.64,23,61148.03,-45.31,-0.07,2.53,0.00,-45.31,-0.07,-1831.2,-0.02
286,Entry long,2024-11-29 15:45," | F:70,57,2,0,0.69,0,1,43.83",2658.61,23,61148.03,-45.31,-0.07,2.53,0.00,-45.31,-0.07,-1831.2,-0.02
287,Exit short,2024-12-02 13:35,Short Exit,2643.54,20,52824.6,-46.2,-0.09,85.8,0.16,-46.2,-0.09,-1877.4,-0.02
287,Entry short,2024-12-02 13:20," | F:70,131,1,1,0.66,0,1,69.23",2641.23,20,52824.6,-46.2,-0.09,85.8,0.16,-46.2,-0.09,-1877.4,-0.02
288,Exit short,2024-12-02 13:45,Short Exit,2646.05,16,42288.64,-48.16,-0.11,6.08,0.01,-48.16,-0.11,-1925.56,-0.02
288,Entry short,2024-12-02 13:35," | F:70,139,1,1,0.79,0,1,68.22",2643.04,16,42288.64,-48.16,-0.11,6.08,0.01,-48.16,-0.11,-1925.56,-0.02
289,Exit long,2024-12-03 15:20,Long Exit,2645.78,18,47522.16,101.88,0.21,101.88,0.21,-7.92,-0.02,-1823.68,-0.02
289,Entry long,2024-12-03 15:00," | F:50,94,2,0,0.56,0,0,40.22",2640.12,18,47522.16,101.88,0.21,101.88,0.21,-7.92,-0.02,-1823.68,-0.02
290,Exit short,2024-12-04 06:55,Short Exit,2647.99,21,55561.8,-45.99,-0.08,64.47,0.12,-45.99,-0.08,-1869.67,-0.02
290,Entry short,2024-12-04 04:05," | F:50,85,0,1,1.25,0,1,69.74",2645.8,21,55561.8,-45.99,-0.08,64.47,0.12,-45.99,-0.08,-1869.67,-0.02
291,Exit short,2024-12-05 03:35,Short Exit,2650.54,35,92725.5,-43.4,-0.05,29.4,0.03,-43.4,-0.05,-1913.07,-0.02
291,Entry short,2024-12-05 03:15," | F:50,18,0,1,0.58,0,1,50.48",2649.3,35,92725.5,-43.4,-0.05,29.4,0.03,-43.4,-0.05,-1913.07,-0.02
292,Exit short,2024-12-05 12:25,Short Exit,2648.63,36,95308.56,-42.12,-0.04,21.24,0.02,-42.12,-0.04,-1955.19,-0.02
292,Entry short,2024-12-05 12:10," | F:75,26,1,1,0.94,0,0,57.73",2647.46,36,95308.56,-42.12,-0.04,21.24,0.02,-42.12,-0.04,-1955.19,-0.02
293,Exit short,2024-12-06 07:40,Short Exit,2636.46,19,50197.62,104.88,0.21,104.88,0.21,-33.82,-0.07,-1850.31,-0.02
293,Entry short,2024-12-06 06:25," | F:75,151,0,1,1.41,0,1,76.35",2641.98,19,50197.62,104.88,0.21,104.88,0.21,-33.82,-0.07,-1850.31,-0.02
294,Exit short,2024-12-06 13:35,Short Exit,2638.94,41,108154.72,-41.82,-0.04,3.69,0.00,-41.82,-0.04,-1892.13,-0.02
294,Entry short,2024-12-06 13:30," | F:75,15,1,1,1,0,1,50.69",2637.92,41,108154.72,-41.82,-0.04,3.69,0.00,-41.82,-0.04,-1892.13,-0.02
295,Exit long,2024-12-09 13:40,Long Exit,2654.7,19,50486.04,-46.74,-0.09,12.54,0.02,-46.74,-0.09,-1938.87,-0.02
295,Entry long,2024-12-09 13:30," | F:75,11,1,0,1.38,0,1,56.72",2657.16,19,50486.04,-46.74,-0.09,12.54,0.02,-46.74,-0.09,-1938.87,-0.02
296,Exit long,2024-12-10 02:00,Long Exit,2659.38,28,74507.44,-44.8,-0.06,12.32,0.02,-44.8,-0.06,-1983.67,-0.02
296,Entry long,2024-12-10 01:40," | F:70,11,3,0,0.99,0,1,55.75",2660.98,28,74507.44,-44.8,-0.06,12.32,0.02,-44.8,-0.06,-1983.67,-0.02
297,Exit long,2024-12-10 10:20,Long Exit,2661.48,32,85210.88,-43.52,-0.05,9.6,0.01,-43.52,-0.05,-2027.19,-0.02
297,Entry long,2024-12-10 10:15," | F:65,90,1,0,0.72,0,0,34.55",2662.84,32,85210.88,-43.52,-0.05,9.6,0.01,-43.52,-0.05,-2027.19,-0.02
298,Exit long,2024-12-11 07:45,Long Exit,2691.61,9,24121.71,102.78,0.43,102.78,0.43,-40.05,-0.17,-1924.41,-0.02
298,Entry long,2024-12-11 07:05," | F:75,175,0,0,1,0,0,22.17",2680.19,9,24121.71,102.78,0.43,102.78,0.43,-40.05,-0.17,-1924.41,-0.02
299,Exit short,2024-12-11 15:50,Short Exit,2701.62,11,29671.62,-46.2,-0.16,10.12,0.03,-46.2,-0.16,-1970.61,-0.02
299,Entry short,2024-12-11 15:35," | F:45,132,2,1,0.54,0,1,54.37",2697.42,11,29671.62,-46.2,-0.16,10.12,0.03,-46.2,-0.16,-1970.61,-0.02
300,Exit short,2024-12-12 11:25,Short Exit,2714.32,29,78822,106.72,0.14,106.72,0.14,-22.62,-0.03,-1863.89,-0.02
300,Entry short,2024-12-12 10:20," | F:55,9,1,1,0.72,0,1,57.63",2718,29,78822,106.72,0.14,106.72,0.14,-22.62,-0.03,-1863.89,-0.02
301,Exit short,2024-12-12 15:55,Short Exit,2698.31,11,29780.19,98.78,0.33,98.78,0.33,-12.87,-0.04,-1765.11,-0.02
301,Entry short,2024-12-12 15:30," | F:70,13,2,1,0.5,0,0,43.78",2707.29,11,29780.19,98.78,0.33,98.78,0.33,-12.87,-0.04,-1765.11,-0.02
302,Exit short,2024-12-16 08:20,Short Exit,2653.85,47,124690.06,-40.89,-0.03,51.7,0.04,-40.89,-0.03,-1806,-0.02
302,Entry short,2024-12-16 08:05," | F:70,21,0,1,0.51,0,0,53.37",2652.98,47,124690.06,-40.89,-0.03,51.7,0.04,-40.89,-0.03,-1806,-0.02
303,Exit short,2024-12-17 07:40,Short Exit,2654.46,23,61007.96,-44.62,-0.07,25.07,0.04,-44.62,-0.07,-1850.62,-0.02
303,Entry short,2024-12-17 07:30," | F:70,14,0,1,0.74,0,0,49.11",2652.52,23,61007.96,-44.62,-0.07,25.07,0.04,-44.62,-0.07,-1850.62,-0.02
304,Exit short,2024-12-17 09:35,Short Exit,2655.87,77,204467.34,-34.65,-0.02,50.05,0.02,-34.65,-0.02,-1885.27,-0.02
304,Entry short,2024-12-17 09:30," | F:70,59,1,1,0.75,0,1,65.37",2655.42,77,204467.34,-34.65,-0.02,50.05,0.02,-34.65,-0.02,-1885.27,-0.02
305,Exit long,2024-12-18 04:45,Long Exit,2647.17,45,119163.6,-40.95,-0.03,26.55,0.02,-40.95,-0.03,-1926.22,-0.02
305,Entry long,2024-12-18 04:25," | F:70,25,0,0,0.6,0,1,45.63",2648.08,45,119163.6,-40.95,-0.03,26.55,0.02,-40.95,-0.03,-1926.22,-0.02
306,Exit long,2024-12-20 06:45,Long Exit,2597.32,26,67574.52,-44.2,-0.07,2.08,0.00,-44.2,-0.07,-1970.42,-0.02
306,Entry long,2024-12-20 06:30," | F:50,10,0,0,0.68,0,0,55.59",2599.02,26,67574.52,-44.2,-0.07,2.08,0.00,-44.2,-0.07,-1970.42,-0.02
307,Exit long,2024-12-20 13:55,Long Exit,2603.78,46,119640.48,133.4,0.11,133.4,0.11,-8.74,-0.01,-1837.02,-0.02
307,Entry long,2024-12-20 13:20," | F:70,65,1,0,0.54,0,0,31.33",2600.88,46,119640.48,133.4,0.11,133.4,0.11,-8.74,-0.01,-1837.02,-0.02
308,Exit long,2024-12-23 11:55,Long Exit,2625.97,22,57816,-44.66,-0.08,88.44,0.15,-44.66,-0.08,-1881.68,-0.02
308,Entry long,2024-12-23 10:05," | F:70,24,1,0,0.94,0,1,42.28",2628,22,57816,-44.66,-0.08,88.44,0.15,-44.66,-0.08,-1881.68,-0.02
309,Exit short,2024-12-24 10:00,Short Exit,2617.74,49,128404.01,134.75,0.10,134.75,0.10,-38.71,-0.03,-1746.93,-0.02
309,Entry short,2024-12-24 09:05," | F:50,23,1,1,0.54,0,1,63.11",2620.49,49,128404.01,134.75,0.10,134.75,0.10,-38.71,-0.03,-1746.93,-0.02
310,Exit short,2024-12-24 18:30,Short Exit,2617.18,15,39209.25,-48.45,-0.12,60.75,0.15,-48.45,-0.12,-1795.38,-0.02
310,Entry short,2024-12-24 16:30," | F:75,44,2,1,0.52,0,0,49.03",2613.95,15,39209.25,-48.45,-0.12,60.75,0.15,-48.45,-0.12,-1795.38,-0.02
311,Exit short,2024-12-27 08:10,Short Exit,2633.66,28,73698.52,-43.96,-0.06,6.72,0.01,-43.96,-0.06,-1839.34,-0.02
311,Entry short,2024-12-27 08:05," | F:45,6,0,1,0.89,0,1,45.14",2632.09,28,73698.52,-43.96,-0.06,6.72,0.01,-43.96,-0.06,-1839.34,-0.02
312,Exit long,2024-12-27 09:40,Long Exit,2635.09,25,65922.25,-45,-0.07,7,0.01,-45,-0.07,-1884.34,-0.02
312,Entry long,2024-12-27 09:30," | F:70,8,1,0,0.79,0,1,61.97",2636.89,25,65922.25,-45,-0.07,7,0.01,-45,-0.07,-1884.34,-0.02
313,Exit short,2024-12-30 15:25,Short Exit,2622.39,21,55023.99,-46.2,-0.08,50.82,0.09,-46.2,-0.08,-1930.54,-0.02
313,Entry short,2024-12-30 15:00," | F:70,79,2,1,0.61,0,1,63.26",2620.19,21,55023.99,-46.2,-0.08,50.82,0.09,-46.2,-0.08,-1930.54,-0.02
314,Exit short,2024-12-31 08:55,Short Exit,2608.18,25,65159.75,-44.75,-0.07,12.25,0.02,-44.75,-0.07,-1975.29,-0.02
314,Entry short,2024-12-31 08:30," | F:70,46,0,1,0.55,0,0,52.63",2606.39,25,65159.75,-44.75,-0.07,12.25,0.02,-44.75,-0.07,-1975.29,-0.02
315,Exit short,2024-12-31 09:40,Short Exit,2610.34,46,120034.7,-40.94,-0.03,8.28,0.01,-40.94,-0.03,-2016.23,-0.02
315,Entry short,2024-12-31 09:35," | F:65,73,1,1,1.04,0,1,63.91",2609.45,46,120034.7,-40.94,-0.03,8.28,0.01,-40.94,-0.03,-2016.23,-0.02
316,Exit short,2024-12-31 21:10,Short Exit,2627.1,36,94533.12,-42.48,-0.04,49.68,0.05,-42.48,-0.04,-2058.71,-0.02
316,Entry short,2024-12-31 20:25," | F:50,14,2,1,0.8,0,1,57.46",2625.92,36,94533.12,-42.48,-0.04,49.68,0.05,-42.48,-0.04,-2058.71,-0.02
317,Exit long,2025-01-02 15:45,Long Exit,2641.49,27,71214.93,105.3,0.15,105.3,0.15,-23.49,-0.03,-1953.41,-0.02
317,Entry long,2025-01-02 15:20," | F:75,40,2,0,1.19,0,1,32.89",2637.59,27,71214.93,105.3,0.15,105.3,0.15,-23.49,-0.03,-1953.41,-0.02
318,Exit short,2025-01-02 20:25,Short Exit,2655.13,41,108967.75,107.42,0.10,107.42,0.10,-16.4,-0.02,-1845.99,-0.02
318,Entry short,2025-01-02 20:05," | F:45,9,2,1,0.93,0,1,58.09",2657.75,41,108967.75,107.42,0.10,107.42,0.10,-16.4,-0.02,-1845.99,-0.02
319,Exit long,2025-01-09 06:15,Long Exit,2657.91,45,119646.45,-40.5,-0.03,0.9,0.00,-40.5,-0.03,-1886.49,-0.02
319,Entry long,2025-01-09 06:10," | F:70,17,0,0,0.86,0,1,45.99",2658.81,45,119646.45,-40.5,-0.03,0.9,0.00,-40.5,-0.03,-1886.49,-0.02
320,Exit long,2025-01-10 06:55,Long Exit,2671.73,68,181713.68,-36.04,-0.02,47.6,0.03,-36.04,-0.02,-1922.53,-0.02
320,Entry long,2025-01-10 06:40," | F:70,31,0,0,1.69,0,1,43.6",2672.26,68,181713.68,-36.04,-0.02,47.6,0.03,-36.04,-0.02,-1922.53,-0.02
321,Exit short,2025-01-13 20:20,Short Exit,2662.23,55,146383.6,-39.05,-0.03,18.7,0.01,-39.05,-0.03,-1961.58,-0.02
321,Entry short,2025-01-13 20:10," | F:70,11,2,1,1.15,0,0,45.71",2661.52,55,146383.6,-39.05,-0.03,18.7,0.01,-39.05,-0.03,-1961.58,-0.02
322,Exit long,2025-01-14 14:45,Long Exit,2667.05,24,64054.8,-45.6,-0.07,2.4,0.00,-45.6,-0.07,-2007.18,-0.02
322,Entry long,2025-01-14 14:40," | F:65,12,2,0,0.65,0,0,53.98",2668.95,24,64054.8,-45.6,-0.07,2.4,0.00,-45.6,-0.07,-2007.18,-0.02
323,Exit long,2025-01-14 15:30,Long Exit,2669.98,28,74655.28,104.16,0.14,104.16,0.14,-15.96,-0.02,-1903.02,-0.02
323,Entry long,2025-01-14 15:25," | F:50,25,2,0,0.68,0,0,41.91",2666.26,28,74655.28,104.16,0.14,104.16,0.14,-15.96,-0.02,-1903.02,-0.02
324,Exit short,2025-01-14 20:35,Short Exit,2670.26,49,130802.07,-40.67,-0.03,0,0.00,-40.67,-0.03,-1943.69,-0.02
324,Entry short,2025-01-14 20:30," | F:50,12,2,1,0.99,0,1,51.29",2669.43,49,130802.07,-40.67,-0.03,0,0.00,-40.67,-0.03,-1943.69,-0.02
325,Exit long,2025-01-15 13:15,Long Exit,2686.04,83,222974.52,-33.2,-0.01,0,0.00,-33.2,-0.01,-1976.89,-0.02
325,Entry long,2025-01-15 13:10," | F:70,9,1,0,0.96,0,1,52.06",2686.44,83,222974.52,-33.2,-0.01,0,0.00,-33.2,-0.01,-1976.89,-0.02
326,Exit short,2025-01-16 09:40,Short Exit,2698.69,20,53927.6,-46.2,-0.09,14.8,0.03,-46.2,-0.09,-2023.09,-0.02
326,Entry short,2025-01-16 09:15," | F:45,67,1,1,1.51,0,1,59.33",2696.38,20,53927.6,-46.2,-0.09,14.8,0.03,-46.2,-0.09,-2023.09,-0.02
327,Exit long,2025-01-16 13:30,Long Exit,2709.94,30,81193.2,105,0.13,105,0.13,-16.5,-0.02,-1918.09,-0.02
327,Entry long,2025-01-16 12:35," | F:75,9,1,0,0.92,0,1,62.1",2706.44,30,81193.2,105,0.13,105,0.13,-16.5,-0.02,-1918.09,-0.02
328,Exit short,2025-01-17 02:30,Short Exit,2715.44,53,143879.1,-39.22,-0.03,53,0.04,-39.22,-0.03,-1957.31,-0.02
328,Entry short,2025-01-17 02:05," | F:45,26,0,1,1.05,0,1,54.58",2714.7,53,143879.1,-39.22,-0.03,53,0.04,-39.22,-0.03,-1957.31,-0.02
329,Exit short,2025-01-17 17:15,Short Exit,2711.29,42,113983.38,109.2,0.10,109.2,0.10,-16.38,-0.01,-1848.11,-0.02
329,Entry short,2025-01-17 17:05," | F:50,118,2,1,0.33,0,1,67.33",2713.89,42,113983.38,109.2,0.10,109.2,0.10,-16.38,-0.01,-1848.11,-0.02
330,Exit long,2025-01-21 15:55,Long Exit,2725.24,20,54549.6,-44.8,-0.08,38,0.07,-44.8,-0.08,-1892.91,-0.02
330,Entry long,2025-01-21 15:25," | F:65,7,2,0,0.61,0,1,61",2727.48,20,54549.6,-44.8,-0.08,38,0.07,-44.8,-0.08,-1892.91,-0.02
331,Exit long,2025-01-22 11:00,Long Exit,2754.13,20,54979,103.6,0.19,103.6,0.19,-0.2,0.00,-1789.31,-0.02
331,Entry long,2025-01-22 10:05," | F:70,14,1,0,0.49,0,1,45.98",2748.95,20,54979,103.6,0.19,103.6,0.19,-0.2,0.00,-1789.31,-0.02
332,Exit short,2025-01-23 21:15,Short Exit,2756.54,34,93679.86,-42.5,-0.05,1.7,0.00,-42.5,-0.05,-1831.81,-0.02
332,Entry short,2025-01-23 21:10," | F:50,8,2,1,1.05,0,1,51.1",2755.29,34,93679.86,-42.5,-0.05,1.7,0.00,-42.5,-0.05,-1831.81,-0.02
333,Exit long,2025-01-24 02:05,Time Stop (Bars),2755.08,19,52318.59,27.93,0.05,41.23,0.08,-35.15,-0.07,-1803.88,-0.02
333,Entry long,2025-01-23 22:05," | F:75,45,2,0,1.33,0,1,44.28",2753.61,19,52318.59,27.93,0.05,41.23,0.08,-35.15,-0.07,-1803.88,-0.02
334,Exit short,2025-01-27 10:35,Short Exit,2758.28,20,55120.6,-45,-0.08,7.6,0.01,-45,-0.08,-1848.88,-0.02
334,Entry short,2025-01-27 10:25," | F:70,42,1,1,0.53,0,0,59.06",2756.03,20,55120.6,-45,-0.08,7.6,0.01,-45,-0.08,-1848.88,-0.02
335,Exit long,2025-01-28 01:20,Long Exit,2739.47,35,95924.15,-42.7,-0.04,41.65,0.04,-42.7,-0.04,-1891.58,-0.02
335,Entry long,2025-01-28 01:00," | F:50,19,3,0,0.83,0,0,48.21",2740.69,35,95924.15,-42.7,-0.04,41.65,0.04,-42.7,-0.04,-1891.58,-0.02
336,Exit long,2025-01-28 22:20,Long Exit,2763.42,34,94000.14,-43.86,-0.05,3.06,0.00,-43.86,-0.05,-1935.44,-0.02
336,Entry long,2025-01-28 22:10," | F:65,6,2,0,0.75,0,1,71.96",2764.71,34,94000.14,-43.86,-0.05,3.06,0.00,-43.86,-0.05,-1935.44,-0.02
337,Exit long,2025-01-29 05:05,Long Exit,2763.71,77,212840.32,-34.65,-0.02,4.62,0.00,-34.65,-0.02,-1970.09,-0.02
337,Entry long,2025-01-29 05:00," | F:70,13,0,0,0.83,0,1,46.77",2764.16,77,212840.32,-34.65,-0.02,4.62,0.00,-34.65,-0.02,-1970.09,-0.02
338,Exit short,2025-01-29 22:10,Short Exit,2757.62,14,38559.92,-46.76,-0.12,47.18,0.12,-46.76,-0.12,-2016.85,-0.02
338,Entry short,2025-01-29 21:40," | F:75,54,2,1,0.66,0,0,59.78",2754.28,14,38559.92,-46.76,-0.12,47.18,0.12,-46.76,-0.12,-2016.85,-0.02
339,Exit long,2025-01-30 06:45,Long Exit,2760.26,68,187734.4,-36.72,-0.02,22.44,0.01,-36.72,-0.02,-2053.57,-0.02
339,Entry long,2025-01-30 06:40," | F:70,15,0,0,0.72,0,1,44.84",2760.8,68,187734.4,-36.72,-0.02,22.44,0.01,-36.72,-0.02,-2053.57,-0.02
340,Exit long,2025-01-30 23:15,Long Exit,2792.63,21,58691.22,-45.99,-0.08,74.55,0.13,-45.99,-0.08,-2099.56,-0.02
340,Entry long,2025-01-30 22:40," | F:65,8,2,0,0.64,0,1,56",2794.82,21,58691.22,-45.99,-0.08,74.55,0.13,-45.99,-0.08,-2099.56,-0.02
341,Exit long,2025-01-30 23:25,Long Exit,2790.51,24,67017.6,-45.36,-0.07,0,0.00,-45.36,-0.07,-2144.92,-0.02
341,Entry long,2025-01-30 23:20," | F:70,49,3,0,0.62,0,1,44.97",2792.4,24,67017.6,-45.36,-0.07,0,0.00,-45.36,-0.07,-2144.92,-0.02
342,Exit short,2025-01-31 13:35,Short Exit,2797.13,49,137019.19,-40.18,-0.03,18.62,0.01,-40.18,-0.03,-2185.1,-0.02
342,Entry short,2025-01-31 13:30," | F:55,40,1,1,0.97,0,1,58.95",2796.31,49,137019.19,-40.18,-0.03,18.62,0.01,-40.18,-0.03,-2185.1,-0.02
343,Exit short,2025-01-31 20:05,Short Exit,2805.81,15,42191.85,104.7,0.25,104.7,0.25,-5.25,-0.01,-2080.4,-0.02
343,Entry short,2025-01-31 19:45," | F:55,31,2,1,0.89,0,1,59.81",2812.79,15,42191.85,104.7,0.25,104.7,0.25,-5.25,-0.01,-2080.4,-0.02
344,Exit short,2025-02-04 05:05,Short Exit,2822.59,33,93101.58,-43.89,-0.05,11.88,0.01,-43.89,-0.05,-2124.29,-0.02
344,Entry short,2025-02-04 05:00," | F:50,12,0,1,0.86,0,1,57.8",2821.26,33,93101.58,-43.89,-0.05,11.88,0.01,-43.89,-0.05,-2124.29,-0.02
345,Exit short,2025-02-04 11:40,Short Exit,2819.2,18,50699.52,-46.08,-0.09,90.18,0.18,-46.08,-0.09,-2170.37,-0.02
345,Entry short,2025-02-04 10:20," | F:45,41,1,1,0.45,0,1,59.14",2816.64,18,50699.52,-46.08,-0.09,90.18,0.18,-46.08,-0.09,-2170.37,-0.02
346,Exit short,2025-02-04 19:15,Short Exit,2842.31,45,127862.55,-41.4,-0.03,99.45,0.08,-41.4,-0.03,-2211.77,-0.02
346,Entry short,2025-02-04 18:25," | F:50,11,2,1,0.92,0,1,59.93",2841.39,45,127862.55,-41.4,-0.03,99.45,0.08,-41.4,-0.03,-2211.77,-0.02
347,Exit short,2025-02-04 22:55,Short Exit,2844.06,52,147851.08,-40.04,-0.03,129.48,0.09,-40.04,-0.03,-2251.81,-0.02
347,Entry short,2025-02-04 21:40," | F:50,12,2,1,0.6,0,1,53.82",2843.29,52,147851.08,-40.04,-0.03,129.48,0.09,-40.04,-0.03,-2251.81,-0.02
348,Exit short,2025-02-05 07:35,Short Exit,2856.5,60,171352.2,-37.8,-0.02,36,0.02,-37.8,-0.02,-2289.61,-0.02
348,Entry short,2025-02-05 07:30," | F:45,8,0,1,0.48,0,1,58.31",2855.87,60,171352.2,-37.8,-0.02,36,0.02,-37.8,-0.02,-2289.61,-0.02
349,Exit long,2025-02-05 14:15,Long Exit,2867.94,29,83213.76,-43.5,-0.05,17.69,0.02,-43.5,-0.05,-2333.11,-0.02
349,Entry long,2025-02-05 14:00," | F:65,9,2,0,1.15,0,1,52.66",2869.44,29,83213.76,-43.5,-0.05,17.69,0.02,-43.5,-0.05,-2333.11,-0.02
350,Exit short,2025-02-06 05:20,Short Exit,2867.33,26,74656.66,106.08,0.14,106.08,0.14,-23.66,-0.03,-2227.03,-0.02
350,Entry short,2025-02-06 04:00," | F:45,84,0,1,0.56,0,1,64.33",2871.41,26,74656.66,106.08,0.14,106.08,0.14,-23.66,-0.03,-2227.03,-0.02
351,Exit long,2025-02-06 13:35,Long Exit,2864.91,22,62922.42,105.6,0.17,105.6,0.17,-7.26,-0.01,-2121.43,-0.02
351,Entry long,2025-02-06 13:25," | F:55,16,1,0,1.5,0,0,53.05",2860.11,22,62922.42,105.6,0.17,105.6,0.17,-7.26,-0.01,-2121.43,-0.02
352,Exit short,2025-02-10 04:20,Short Exit,2873.86,23,66052.78,-46,-0.07,19.55,0.03,-46,-0.07,-2167.43,-0.02
352,Entry short,2025-02-10 04:00," | F:45,11,0,1,1.86,0,1,60.3",2871.86,23,66052.78,-46,-0.07,19.55,0.03,-46,-0.07,-2167.43,-0.02
353,Exit long,2025-02-10 16:15,Long Exit,2902.51,24,69555.12,105.12,0.15,105.12,0.15,-37.2,-0.05,-2062.31,-0.02
353,Entry long,2025-02-10 16:05," | F:75,62,2,0,0.24,0,1,39.85",2898.13,24,69555.12,105.12,0.15,105.12,0.15,-37.2,-0.05,-2062.31,-0.02
354,Exit short,2025-02-10 20:10,Short Exit,2904.12,32,92888,-43.84,-0.05,64.96,0.07,-43.84,-0.05,-2106.15,-0.02
354,Entry short,2025-02-10 20:00," | F:55,17,2,1,0.73,0,1,51.02",2902.75,32,92888,-43.84,-0.05,64.96,0.07,-43.84,-0.05,-2106.15,-0.02
355,Exit long,2025-02-11 14:05,Long Exit,2901.71,13,37769.68,-47.45,-0.13,20.15,0.05,-47.45,-0.13,-2153.6,-0.02
355,Entry long,2025-02-11 12:00," | F:70,179,1,0,0.69,0,0,39.73",2905.36,13,37769.68,-47.45,-0.13,20.15,0.05,-47.45,-0.13,-2153.6,-0.02
356,Exit long,2025-02-11 20:20,Long Exit,2904.11,41,119110.33,-41.82,-0.04,55.76,0.05,-41.82,-0.04,-2195.42,-0.02
356,Entry long,2025-02-11 20:05," | F:65,9,2,0,1.05,0,0,55.16",2905.13,41,119110.33,-41.82,-0.04,55.76,0.05,-41.82,-0.04,-2195.42,-0.02
357,Exit long,2025-02-12 02:25,Long Exit,2894.99,32,92683.52,-43.84,-0.05,48.96,0.05,-43.84,-0.05,-2239.26,-0.02
357,Entry long,2025-02-12 02:05," | F:50,31,0,0,1.49,0,0,37.87",2896.36,32,92683.52,-43.84,-0.05,48.96,0.05,-43.84,-0.05,-2239.26,-0.02
358,Exit short,2025-02-12 09:05,Short Exit,2894.68,14,40477.64,-47.88,-0.12,66.22,0.16,-47.88,-0.12,-2287.14,-0.02
358,Entry short,2025-02-12 08:20," | F:70,44,0,1,0.61,0,0,61.32",2891.26,14,40477.64,-47.88,-0.12,66.22,0.16,-47.88,-0.12,-2287.14,-0.02
359,Exit short,2025-02-12 12:30,Short Exit,2884.53,17,49138.67,101.66,0.21,101.66,0.21,-27.03,-0.06,-2185.48,-0.02
359,Entry short,2025-02-12 11:20," | F:75,9,1,1,0.54,0,0,45.49",2890.51,17,49138.67,101.66,0.21,101.66,0.21,-27.03,-0.06,-2185.48,-0.02
360,Exit short,2025-02-13 01:30,Short Exit,2901.18,46,133589.06,134.78,0.10,134.78,0.10,-9.66,-0.01,-2050.7,-0.02
360,Entry short,2025-02-13 01:05," | F:45,55,3,1,1.66,0,1,67.95",2904.11,46,133589.06,134.78,0.10,134.78,0.10,-9.66,-0.01,-2050.7,-0.02
361,Exit short,2025-02-18 04:35,Short Exit,2898.91,35,101419.15,-42.7,-0.04,45.15,0.04,-42.7,-0.04,-2093.4,-0.02
361,Entry short,2025-02-18 04:15," | F:65,16,0,1,0.56,0,0,53.27",2897.69,35,101419.15,-42.7,-0.04,45.15,0.04,-42.7,-0.04,-2093.4,-0.02
362,Exit short,2025-02-18 11:30,Short Exit,2913.13,32,93176,-44.16,-0.05,62.08,0.07,-44.16,-0.05,-2137.56,-0.02
362,Entry short,2025-02-18 10:40," | F:50,13,1,1,0.71,0,1,51.57",2911.75,32,93176,-44.16,-0.05,62.08,0.07,-44.16,-0.05,-2137.56,-0.02
363,Exit long,2025-02-18 12:25,Long Exit,2909.81,27,78610.23,-45.36,-0.06,49.68,0.06,-45.36,-0.06,-2182.92,-0.02
363,Entry long,2025-02-18 11:45," | F:75,15,1,0,0.88,0,1,49.39",2911.49,27,78610.23,-45.36,-0.06,49.68,0.06,-45.36,-0.06,-2182.92,-0.02
364,Exit long,2025-02-19 16:25,Long Exit,2931.12,13,38151.62,-47.06,-0.12,87.62,0.23,-47.06,-0.12,-2229.98,-0.02
364,Entry long,2025-02-19 14:00," | F:70,62,2,0,0.44,0,1,26.73",2934.74,13,38151.62,-47.06,-0.12,87.62,0.23,-47.06,-0.12,-2229.98,-0.02
365,Exit long,2025-02-20 10:00,Long Exit,2952.36,28,82559.68,106.4,0.13,106.4,0.13,-21.56,-0.03,-2123.58,-0.02
365,Entry long,2025-02-20 09:45," | F:70,9,1,0,0.96,0,1,57.49",2948.56,28,82559.68,106.4,0.13,106.4,0.13,-21.56,-0.03,-2123.58,-0.02
366,Exit long,2025-02-20 20:15,Long Exit,2938.44,30,88197.9,-44.7,-0.05,44.7,0.05,-44.7,-0.05,-2168.28,-0.02
366,Entry long,2025-02-20 20:00," | F:75,22,2,0,0.83,0,0,45.06",2939.93,30,88197.9,-44.7,-0.05,44.7,0.05,-44.7,-0.05,-2168.28,-0.02
367,Exit long,2025-02-21 14:10,Long Exit,2930.87,43,125918.19,109.22,0.09,109.22,0.09,-30.96,-0.02,-2059.06,-0.02
367,Entry long,2025-02-21 14:00," | F:55,28,2,0,0.91,0,0,42.33",2928.33,43,125918.19,109.22,0.09,109.22,0.09,-30.96,-0.02,-2059.06,-0.02
368,Exit long,2025-02-24 10:35,Long Exit,2940.21,23,67669.45,-44.62,-0.07,9.66,0.01,-44.62,-0.07,-2103.68,-0.02
368,Entry long,2025-02-24 10:25," | F:75,12,1,0,0.76,0,1,53.81",2942.15,23,67669.45,-44.62,-0.07,9.66,0.01,-44.62,-0.07,-2103.68,-0.02
369,Exit long,2025-02-25 01:35,Long Exit,2953.05,29,85534.05,104.4,0.12,104.4,0.12,-2.61,0.00,-1999.28,-0.02
369,Entry long,2025-02-25 01:15," | F:70,22,3,0,1.03,0,1,44.07",2949.45,29,85534.05,104.4,0.12,104.4,0.12,-2.61,0.00,-1999.28,-0.02
370,Exit long,2025-02-25 04:20,Long Exit,2951.59,23,67780.77,105.8,0.16,105.8,0.16,-17.71,-0.03,-1893.48,-0.02
370,Entry long,2025-02-25 03:40," | F:70,79,0,0,0.73,0,1,38.48",2946.99,23,67780.77,105.8,0.16,105.8,0.16,-17.71,-0.03,-1893.48,-0.02
371,Exit short,2025-02-25 09:10,Short Exit,2939.27,22,64618.4,-45.54,-0.07,84.48,0.13,-45.54,-0.07,-1939.02,-0.02
371,Entry short,2025-02-25 08:20," | F:65,6,0,1,1.06,0,0,41.38",2937.2,22,64618.4,-45.54,-0.07,84.48,0.13,-45.54,-0.07,-1939.02,-0.02
372,Exit long,2025-02-27 07:15,Long Exit,2893.16,18,52124.58,-47.7,-0.09,8.28,0.02,-47.7,-0.09,-1986.72,-0.02
372,Entry long,2025-02-27 07:05," | F:55,162,0,0,1.84,0,0,22.16",2895.81,18,52124.58,-47.7,-0.09,8.28,0.02,-47.7,-0.09,-1986.72,-0.02
373,Exit long,2025-02-27 13:25,Long Exit,2888.4,13,37595.61,-46.41,-0.12,35.75,0.10,-46.41,-0.12,-2033.13,-0.02
373,Entry long,2025-02-27 13:05," | F:55,10,1,0,0.45,0,0,57.68",2891.97,13,37595.61,-46.41,-0.12,35.75,0.10,-46.41,-0.12,-2033.13,-0.02
374,Exit short,2025-02-27 15:30,Short Exit,2882.39,16,46222.88,104.64,0.23,104.64,0.23,-19.36,-0.04,-1928.49,-0.02
374,Entry short,2025-02-27 15:20," | F:70,26,2,1,1.05,0,0,55.02",2888.93,16,46222.88,104.64,0.23,104.64,0.23,-19.36,-0.04,-1928.49,-0.02
375,Exit long,2025-02-27 21:45,Long Exit,2877.06,16,46080.8,-47.84,-0.10,5.12,0.01,-47.84,-0.10,-1976.33,-0.02
375,Entry long,2025-02-27 21:40," | F:50,30,2,0,0.71,0,0,41.82",2880.05,16,46080.8,-47.84,-0.10,5.12,0.01,-47.84,-0.10,-1976.33,-0.02
376,Exit long,2025-02-28 02:25,Long Exit,2878.71,35,100647.05,107.8,0.11,107.8,0.11,-35.7,-0.04,-1868.53,-0.02
376,Entry long,2025-02-28 01:30," | F:50,14,3,0,0.73,0,0,45.66",2875.63,35,100647.05,107.8,0.11,107.8,0.11,-35.7,-0.04,-1868.53,-0.02
377,Exit long,2025-02-28 21:35,Long Exit,2848.23,35,99580.95,107.1,0.11,107.1,0.11,-12.6,-0.01,-1761.43,-0.02
377,Entry long,2025-02-28 21:20," | F:50,11,2,0,2.56,0,0,48.88",2845.17,35,99580.95,107.1,0.11,107.1,0.11,-12.6,-0.01,-1761.43,-0.02
378,Exit long,2025-03-03 17:25,Long Exit,2887.59,8,22998.16,102.56,0.45,102.56,0.45,-44.88,-0.20,-1658.87,-0.02
378,Entry long,2025-03-03 15:10," | F:75,32,2,0,0.54,0,1,53.02",2874.77,8,22998.16,102.56,0.45,102.56,0.45,-44.88,-0.20,-1658.87,-0.02
379,Exit long,2025-03-06 07:20,Long Exit,2915.36,25,72929.25,-45.25,-0.06,7.25,0.01,-45.25,-0.06,-1704.12,-0.02
379,Entry long,2025-03-06 07:00," | F:65,112,0,0,1.73,0,0,35.85",2917.17,25,72929.25,-45.25,-0.06,7.25,0.01,-45.25,-0.06,-1704.12,-0.02
380,Exit long,2025-03-10 02:50,Long Exit,2913.57,34,99104.9,-43.52,-0.04,28.9,0.03,-43.52,-0.04,-1747.64,-0.02
380,Entry long,2025-03-10 02:25," | F:65,16,0,0,0.91,0,1,53.28",2914.85,34,99104.9,-43.52,-0.04,28.9,0.03,-43.52,-0.04,-1747.64,-0.02
381,Exit short,2025-03-10 07:40,Time Stop (Bars),2909.33,19,55324.96,47.69,0.09,95.95,0.17,-29.26,-0.05,-1699.95,-0.02
381,Entry short,2025-03-10 04:40," | F:70,13,0,1,0.77,0,0,44.67",2911.84,19,55324.96,47.69,0.09,95.95,0.17,-29.26,-0.05,-1699.95,-0.02
382,Exit short,2025-03-11 01:25,Time Stop (Bars),2884.06,17,49098.21,69.19,0.14,73.95,0.15,-44.71,-0.09,-1630.76,-0.02
382,Entry short,2025-03-10 21:25," | F:70,24,2,1,1.44,0,0,50.06",2888.13,17,49098.21,69.19,0.14,73.95,0.15,-44.71,-0.09,-1630.76,-0.02
383,Exit short,2025-03-11 03:20,Short Exit,2888.57,9,25951.14,-45.99,-0.18,15.48,0.06,-45.99,-0.18,-1676.75,-0.02
383,Entry short,2025-03-11 03:00," | F:70,36,0,1,0.93,0,0,40.56",2883.46,9,25951.14,-45.99,-0.18,15.48,0.06,-45.99,-0.18,-1676.75,-0.02
384,Exit long,2025-03-12 20:05,Long Exit,2935.54,33,96916.71,-43.89,-0.05,6.27,0.01,-43.89,-0.05,-1720.64,-0.02
384,Entry long,2025-03-12 20:00," | F:75,15,2,0,0.78,0,1,57.84",2936.87,33,96916.71,-43.89,-0.05,6.27,0.01,-43.89,-0.05,-1720.64,-0.02
385,Exit long,2025-03-12 21:15,Long Exit,2933.62,25,73385,-44.5,-0.06,42.75,0.06,-44.5,-0.06,-1765.14,-0.02
385,Entry long,2025-03-12 20:20," | F:70,25,2,0,1.02,0,1,51.77",2935.4,25,73385,-44.5,-0.06,42.75,0.06,-44.5,-0.06,-1765.14,-0.02
386,Exit short,2025-03-13 10:30,Short Exit,2943.2,30,88251.3,-44.7,-0.05,24,0.03,-44.7,-0.05,-1809.84,-0.02
386,Entry short,2025-03-13 10:15," | F:45,35,1,1,0.39,0,1,67.79",2941.71,30,88251.3,-44.7,-0.05,24,0.03,-44.7,-0.05,-1809.84,-0.02
387,Exit long,2025-03-14 15:20,Long Exit,2995.88,37,110741,106.56,0.10,106.56,0.10,-15.54,-0.01,-1703.28,-0.02
387,Entry long,2025-03-14 15:10," | F:75,29,2,0,2.25,0,1,40.96",2993,37,110741,106.56,0.10,106.56,0.10,-15.54,-0.01,-1703.28,-0.02
388,Exit long,2025-03-17 05:10,Long Exit,2986.26,17,50814.53,-48.11,-0.09,67.15,0.13,-48.11,-0.09,-1751.39,-0.02
388,Entry long,2025-03-17 02:25," | F:65,28,0,0,0.96,0,1,48.98",2989.09,17,50814.53,-48.11,-0.09,67.15,0.13,-48.11,-0.09,-1751.39,-0.02
389,Exit short,2025-03-17 09:30,Short Exit,2986.95,40,119586,108,0.09,108,0.09,-14.4,-0.01,-1643.39,-0.02
389,Entry short,2025-03-17 08:45," | F:50,57,0,1,1.3,0,1,68.6",2989.65,40,119586,108,0.09,108,0.09,-14.4,-0.01,-1643.39,-0.02
390,Exit long,2025-03-17 14:55,Long Exit,2984.95,15,44820.75,-46.5,-0.10,97.95,0.22,-46.5,-0.10,-1689.89,-0.02
390,Entry long,2025-03-17 14:20," | F:70,46,2,0,0.35,0,0,21.96",2988.05,15,44820.75,-46.5,-0.10,97.95,0.22,-46.5,-0.10,-1689.89,-0.02
391,Exit long,2025-03-18 15:45,Long Exit,3032.19,25,75698.25,106.5,0.14,106.5,0.14,-10.75,-0.01,-1583.39,-0.02
391,Entry long,2025-03-18 15:40," | F:70,22,2,0,0.56,0,1,42.33",3027.93,25,75698.25,106.5,0.14,106.5,0.14,-10.75,-0.01,-1583.39,-0.02
392,Exit long,2025-03-19 03:10,Long Exit,3029.51,29,87899.87,-44.08,-0.05,13.92,0.02,-44.08,-0.05,-1627.47,-0.02
392,Entry long,2025-03-19 03:05," | F:70,106,0,0,2.5,0,1,41.52",3031.03,29,87899.87,-44.08,-0.05,13.92,0.02,-44.08,-0.05,-1627.47,-0.02
393,Exit short,2025-03-19 17:05,Short Exit,3031.97,19,57561.45,-45.98,-0.08,54.15,0.09,-45.98,-0.08,-1673.45,-0.02
393,Entry short,2025-03-19 16:30," | F:70,7,2,1,1.38,0,0,41.53",3029.55,19,57561.45,-45.98,-0.08,54.15,0.09,-45.98,-0.08,-1673.45,-0.02
394,Exit long,2025-03-20 04:35,Long Exit,3048.25,22,67108.14,-46.64,-0.07,39.38,0.06,-46.64,-0.07,-1720.09,-0.02
394,Entry long,2025-03-20 04:00," | F:65,44,0,0,0.65,0,1,42.96",3050.37,22,67108.14,-46.64,-0.07,39.38,0.06,-46.64,-0.07,-1720.09,-0.02
395,Exit long,2025-03-20 10:20,Long Exit,3040.41,23,69975.66,-46.23,-0.07,4.6,0.01,-46.23,-0.07,-1766.32,-0.02
395,Entry long,2025-03-20 10:10," | F:70,153,1,0,1.93,0,0,36.13",3042.42,23,69975.66,-46.23,-0.07,4.6,0.01,-46.23,-0.07,-1766.32,-0.02
396,Exit short,2025-03-21 08:45,Short Exit,3028.15,26,78838.5,106.6,0.14,106.6,0.14,-5.72,-0.01,-1659.72,-0.02
396,Entry short,2025-03-21 08:40," | F:70,46,0,1,0.44,0,0,60.15",3032.25,26,78838.5,106.6,0.14,106.6,0.14,-5.72,-0.01,-1659.72,-0.02
397,Exit long,2025-03-24 19:15,Long Exit,3007.12,20,60187.2,-44.8,-0.07,7.2,0.01,-44.8,-0.07,-1704.52,-0.02
397,Entry long,2025-03-24 19:00," | F:50,23,2,0,1.38,0,0,38.58",3009.36,20,60187.2,-44.8,-0.07,7.2,0.01,-44.8,-0.07,-1704.52,-0.02
398,Exit long,2025-03-25 11:30,Long Exit,3019.65,23,69496.57,-44.62,-0.06,3.68,0.01,-44.62,-0.06,-1749.14,-0.02
398,Entry long,2025-03-25 11:20," | F:70,8,1,0,1.26,0,1,65.97",3021.59,23,69496.57,-44.62,-0.06,3.68,0.01,-44.62,-0.06,-1749.14,-0.02
399,Exit long,2025-03-26 02:35,Long Exit,3019.39,31,93644.8,-43.71,-0.05,42.47,0.05,-43.71,-0.05,-1792.85,-0.02
399,Entry long,2025-03-26 00:00," | F:70,12,3,0,0.47,0,1,55.65",3020.8,31,93644.8,-43.71,-0.05,42.47,0.05,-43.71,-0.05,-1792.85,-0.02
400,Exit long,2025-03-26 04:50,Long Exit,3023.02,50,151191.5,-40.5,-0.03,12,0.01,-40.5,-0.03,-1833.35,-0.02
400,Entry long,2025-03-26 04:45," | F:65,12,0,0,0.91,0,1,55.47",3023.83,50,151191.5,-40.5,-0.03,12,0.01,-40.5,-0.03,-1833.35,-0.02
401,Exit short,2025-03-26 12:40,Short Exit,3023.79,40,120909.2,-42.4,-0.04,58.8,0.05,-42.4,-0.04,-1875.75,-0.02
401,Entry short,2025-03-26 12:25," | F:75,18,1,1,0.76,0,1,54.52",3022.73,40,120909.2,-42.4,-0.04,58.8,0.05,-42.4,-0.04,-1875.75,-0.02
402,Exit long,2025-03-28 00:55,Long Exit,3054.36,32,97783.36,-43.84,-0.04,55.04,0.06,-43.84,-0.04,-1919.59,-0.02
402,Entry long,2025-03-28 00:20," | F:70,36,3,0,0.71,0,1,48.94",3055.73,32,97783.36,-43.84,-0.04,55.04,0.06,-43.84,-0.04,-1919.59,-0.02
403,Exit long,2025-03-31 16:30,Long Exit,3113.79,14,43641.08,-48.02,-0.11,62.72,0.14,-48.02,-0.11,-1967.61,-0.02
403,Entry long,2025-03-31 16:05," | F:65,19,2,0,0.82,0,1,42.46",3117.22,14,43641.08,-48.02,-0.11,62.72,0.14,-48.02,-0.11,-1967.61,-0.02
404,Exit long,2025-04-02 13:50,Long Exit,3112.32,12,37393.92,-46.08,-0.12,6.84,0.02,-46.08,-0.12,-2013.69,-0.02
404,Entry long,2025-04-02 13:45," | F:55,44,1,0,1.37,0,0,21.34",3116.16,12,37393.92,-46.08,-0.12,6.84,0.02,-46.08,-0.12,-2013.69,-0.02
405,Exit short,2025-04-03 08:25,Short Exit,3129.88,7,22014.72,105.56,0.48,105.56,0.48,-36.4,-0.17,-1908.13,-0.02
405,Entry short,2025-04-03 06:05," | F:50,10,0,1,0.75,0,1,42.47",3144.96,7,22014.72,105.56,0.48,105.56,0.48,-36.4,-0.17,-1908.13,-0.02
406,Exit long,2025-04-04 03:15,Long Exit,3111.8,20,62281.4,-45.4,-0.07,16.4,0.03,-45.4,-0.07,-1953.53,-0.02
406,Entry long,2025-04-04 03:00," | F:65,8,0,0,0.71,0,1,52.66",3114.07,20,62281.4,-45.4,-0.07,16.4,0.03,-45.4,-0.07,-1953.53,-0.02
407,Exit long,2025-04-04 15:05,Long Exit,3095.35,3,9330.66,-44.61,-0.48,5.94,0.06,-44.61,-0.48,-1998.14,-0.02
407,Entry long,2025-04-04 14:45," | F:70,17,1,0,0.8,0,1,49.61",3110.22,3,9330.66,-44.61,-0.48,5.94,0.06,-44.61,-0.48,-1998.14,-0.02
408,Exit long,2025-04-04 15:25,Long Exit,3091.44,5,15504.15,-46.95,-0.30,16.55,0.11,-46.95,-0.30,-2045.09,-0.02
408,Entry long,2025-04-04 15:15," | F:50,28,2,0,0.36,0,0,44.42",3100.83,5,15504.15,-46.95,-0.30,16.55,0.11,-46.95,-0.30,-2045.09,-0.02
409,Exit long,2025-04-08 17:55,Long Exit,3008.21,11,33136.62,-46.31,-0.14,63.58,0.19,-46.31,-0.14,-2091.4,-0.02
409,Entry long,2025-04-08 17:25," | F:75,8,2,0,0.79,0,1,52.16",3012.42,11,33136.62,-46.31,-0.14,63.58,0.19,-46.31,-0.14,-2091.4,-0.02
410,Exit long,2025-04-08 20:25,Long Exit,2976.37,10,29810.3,-46.6,-0.16,31.4,0.11,-46.6,-0.16,-2138,-0.02
410,Entry long,2025-04-08 20:10," | F:50,242,2,0,1.59,0,0,25",2981.03,10,29810.3,-46.6,-0.16,31.4,0.11,-46.6,-0.16,-2138,-0.02
411,Exit short,2025-04-09 12:30,Short Exit,3048,11,33479.49,-48.51,-0.14,1.87,0.01,-48.51,-0.14,-2186.51,-0.02
411,Entry short,2025-04-09 12:25," | F:50,13,1,1,0.87,0,1,52.83",3043.59,11,33479.49,-48.51,-0.14,1.87,0.01,-48.51,-0.14,-2186.51,-0.02
412,Exit short,2025-04-14 22:45,Short Exit,3212.34,28,89901.56,-43.96,-0.05,61.04,0.07,-43.96,-0.05,-2230.47,-0.02
412,Entry short,2025-04-14 22:20," | F:70,14,2,1,0.42,0,0,55.09",3210.77,28,89901.56,-43.96,-0.05,61.04,0.07,-43.96,-0.05,-2230.47,-0.02
413,Exit short,2025-04-17 16:50,Short Exit,3315.95,6,20001.9,106.2,0.53,106.2,0.53,-5.4,-0.03,-2124.27,-0.02
413,Entry short,2025-04-17 15:15," | F:45,87,2,1,1.05,0,1,62.31",3333.65,6,20001.9,106.2,0.53,106.2,0.53,-5.4,-0.03,-2124.27,-0.02
414,Exit long,2025-04-22 09:45,Long Exit,3488.29,13,45241.17,106.6,0.24,106.6,0.24,-9.62,-0.02,-2017.67,-0.02
414,Entry long,2025-04-22 09:35," | F:70,42,0,0,0.68,0,1,44.14",3480.09,13,45241.17,106.6,0.24,106.6,0.24,-9.62,-0.02,-2017.67,-0.02
415,Exit long,2025-04-23 08:35,Long Exit,3328.98,5,16693.75,-48.85,-0.29,53.45,0.32,-48.85,-0.29,-2066.52,-0.02
415,Entry long,2025-04-23 06:15," | F:50,53,0,0,1.04,0,0,29.21",3338.75,5,16693.75,-48.85,-0.29,53.45,0.32,-48.85,-0.29,-2066.52,-0.02
416,Exit long,2025-04-23 14:15,Long Exit,3332.86,13,43224.74,102.44,0.24,102.44,0.24,-6.76,-0.02,-1964.08,-0.02
416,Entry long,2025-04-23 14:05," | F:55,14,1,0,1.32,0,0,47.08",3324.98,13,43224.74,102.44,0.24,102.44,0.24,-6.76,-0.02,-1964.08,-0.02
417,Exit long,2025-04-24 12:40,Long Exit,3328.43,19,63285.77,-45.6,-0.07,9.31,0.01,-45.6,-0.07,-2009.68,-0.02
417,Entry long,2025-04-24 12:35," | F:75,24,1,0,1.34,0,1,44.8",3330.83,19,63285.77,-45.6,-0.07,9.31,0.01,-45.6,-0.07,-2009.68,-0.02
418,Exit long,2025-04-30 08:55,Long Exit,3307.55,33,109192.38,-43.23,-0.04,50.82,0.05,-43.23,-0.04,-2052.91,-0.02
418,Entry long,2025-04-30 08:45," | F:50,10,0,0,0.65,0,0,49.55",3308.86,33,109192.38,-43.23,-0.04,50.82,0.05,-43.23,-0.04,-2052.91,-0.02
419,Exit short,2025-04-30 10:35,Short Exit,3312.42,29,96015.81,-44.37,-0.05,58.29,0.06,-44.37,-0.05,-2097.28,-0.02
419,Entry short,2025-04-30 10:25," | F:70,24,1,1,0.93,0,0,57.76",3310.89,29,96015.81,-44.37,-0.05,58.29,0.06,-44.37,-0.05,-2097.28,-0.02
420,Exit long,2025-05-02 19:10,Long Exit,3226.47,10,32313.3,-48.6,-0.15,5.6,0.02,-48.6,-0.15,-2145.88,-0.02
420,Entry long,2025-05-02 19:00," | F:70,230,2,0,0.52,0,0,31.07",3231.33,10,32313.3,-48.6,-0.15,5.6,0.02,-48.6,-0.15,-2145.88,-0.02
421,Exit short,2025-05-06 02:00,Short Exit,3332.91,30,99942.9,-44.4,-0.04,60.9,0.06,-44.4,-0.04,-2190.28,-0.02
421,Entry short,2025-05-06 01:40," | F:50,9,3,1,0.71,0,1,55.68",3331.43,30,99942.9,-44.4,-0.04,60.9,0.06,-44.4,-0.04,-2190.28,-0.02
422,Exit long,2025-05-06 17:25,Long Exit,3387.64,10,33922.3,-45.9,-0.14,58.2,0.17,-45.9,-0.14,-2236.18,-0.02
422,Entry long,2025-05-06 16:40," | F:65,10,2,0,0.64,0,1,58.11",3392.23,10,33922.3,-45.9,-0.14,58.2,0.17,-45.9,-0.14,-2236.18,-0.02
423,Exit long,2025-05-06 23:35,Long Exit,3428.85,8,27328.08,102.72,0.38,102.72,0.38,-45.84,-0.17,-2133.46,-0.02
423,Entry long,2025-05-06 20:35," | F:65,5,2,0,0.83,0,1,73.2",3416.01,8,27328.08,102.72,0.38,102.72,0.38,-45.84,-0.17,-2133.46,-0.02
424,Exit long,2025-05-07 03:35,Long Exit,3376.58,5,16929.55,-46.65,-0.28,93.45,0.55,-46.65,-0.28,-2180.11,-0.02
424,Entry long,2025-05-07 02:00," | F:70,115,3,0,0.32,0,0,34.9",3385.91,5,16929.55,-46.65,-0.28,93.45,0.55,-46.65,-0.28,-2180.11,-0.02
425,Exit long,2025-05-08 13:15,Long Exit,3340.32,15,50001.9,102.9,0.21,102.9,0.21,-8.25,-0.02,-2077.21,-0.02
425,Entry long,2025-05-08 13:00," | F:50,37,1,0,1.02,0,0,37.97",3333.46,15,50001.9,102.9,0.21,102.9,0.21,-8.25,-0.02,-2077.21,-0.02
426,Exit long,2025-05-08 15:15,Long Exit,3349.33,17,56835.59,103.02,0.18,103.02,0.18,-31.11,-0.05,-1974.19,-0.02
426,Entry long,2025-05-08 14:40," | F:50,7,1,0,0.67,0,0,54",3343.27,17,56835.59,103.02,0.18,103.02,0.18,-31.11,-0.05,-1974.19,-0.02
427,Exit long,2025-05-08 17:25,Long Exit,3351.43,10,33560.5,-46.2,-0.14,67.8,0.20,-46.2,-0.14,-2020.39,-0.02
427,Entry long,2025-05-08 17:00," | F:50,14,2,0,0.97,0,0,50.16",3356.05,10,33560.5,-46.2,-0.14,67.8,0.20,-46.2,-0.14,-2020.39,-0.02
428,Exit long,2025-05-09 13:00,Long Exit,3323.38,13,43250.22,-46.28,-0.11,6.11,0.01,-46.28,-0.11,-2066.67,-0.02
428,Entry long,2025-05-09 12:30," | F:75,12,1,0,0.8,0,1,54.6",3326.94,13,43250.22,-46.28,-0.11,6.11,0.01,-46.28,-0.11,-2066.67,-0.02
429,Exit long,2025-05-12 04:00,Long Exit,3271.75,9,29494.17,-48.42,-0.16,45.54,0.15,-48.42,-0.16,-2115.09,-0.02
429,Entry long,2025-05-12 03:45," | F:50,21,0,0,1.35,0,0,41.37",3277.13,9,29494.17,-48.42,-0.16,45.54,0.15,-48.42,-0.16,-2115.09,-0.02
430,Exit long,2025-05-12 08:35,Long Exit,3271.81,12,39311.16,-49.44,-0.13,6.84,0.02,-49.44,-0.13,-2164.53,-0.02
430,Entry long,2025-05-12 08:30," | F:45,30,0,0,0.66,0,0,45.6",3275.93,12,39311.16,-49.44,-0.13,6.84,0.02,-49.44,-0.13,-2164.53,-0.02
431,Exit short,2025-05-14 09:05,Short Exit,3235.16,26,84070.22,-43.94,-0.05,2.6,0.00,-43.94,-0.05,-2208.47,-0.02
431,Entry short,2025-05-14 09:00," | F:65,38,0,1,0.53,0,0,61.11",3233.47,26,84070.22,-43.94,-0.05,2.6,0.00,-43.94,-0.05,-2208.47,-0.02
432,Exit short,2025-05-14 18:25,Short Exit,3186.27,16,50934.08,-46.24,-0.09,12.8,0.03,-46.24,-0.09,-2254.71,-0.02
432,Entry short,2025-05-14 18:20," | F:75,7,2,1,1.08,0,0,43.38",3183.38,16,50934.08,-46.24,-0.09,12.8,0.03,-46.24,-0.09,-2254.71,-0.02
433,Exit long,2025-05-16 06:10,Long Exit,3210.45,11,35364.01,-49.06,-0.14,1.32,0.00,-49.06,-0.14,-2303.77,-0.02
433,Entry long,2025-05-16 06:00," | F:75,130,0,0,0.72,0,0,35.38",3214.91,11,35364.01,-49.06,-0.14,1.32,0.00,-49.06,-0.14,-2303.77,-0.02
434,Exit short,2025-05-16 10:20,Short Exit,3206.14,13,41784.6,104.78,0.25,104.78,0.25,-4.29,-0.01,-2198.99,-0.02
434,Entry short,2025-05-16 10:10," | F:70,8,1,1,1.08,0,0,43.23",3214.2,13,41784.6,104.78,0.25,104.78,0.25,-4.29,-0.01,-2198.99,-0.02
435,Exit long,2025-05-19 01:00,Long Exit,3211.83,7,22383.83,98.98,0.44,98.98,0.44,-22.47,-0.10,-2100.01,-0.02
435,Entry long,2025-05-16 23:00," | F:65,10,2,0,0.65,0,1,66.7",3197.69,7,22383.83,98.98,0.44,98.98,0.44,-22.47,-0.10,-2100.01,-0.02
436,Exit long,2025-05-19 17:00,Long Exit,3224.51,9,29069.64,-49.05,-0.17,41.4,0.14,-49.05,-0.17,-2149.06,-0.02
436,Entry long,2025-05-19 16:35," | F:65,80,2,0,0.56,0,1,39.26",3229.96,9,29069.64,-49.05,-0.17,41.4,0.14,-49.05,-0.17,-2149.06,-0.02
437,Exit long,2025-05-19 18:40,Long Exit,3231.75,14,45291.54,-47.04,-0.10,6.72,0.01,-47.04,-0.10,-2196.1,-0.02
437,Entry long,2025-05-19 18:20," | F:70,8,2,0,0.68,0,1,54.59",3235.11,14,45291.54,-47.04,-0.10,6.72,0.01,-47.04,-0.10,-2196.1,-0.02
438,Exit long,2025-05-20 08:35,Long Exit,3213.74,26,83602.22,-44.98,-0.05,76.96,0.09,-44.98,-0.05,-2241.08,-0.02
438,Entry long,2025-05-20 08:25," | F:50,10,0,0,0.91,0,0,52.92",3215.47,26,83602.22,-44.98,-0.05,76.96,0.09,-44.98,-0.05,-2241.08,-0.02
439,Exit long,2025-05-20 15:30,Long Exit,3243.6,16,51795.52,102.08,0.20,102.08,0.20,-1.12,0.00,-2139,-0.02
439,Entry long,2025-05-20 15:20," | F:70,21,2,0,0.62,0,1,50.59",3237.22,16,51795.52,102.08,0.20,102.08,0.20,-1.12,0.00,-2139,-0.02
440,Exit short,2025-05-21 13:30,Short Exit,3317.73,31,102806.54,-43.09,-0.04,50.53,0.05,-43.09,-0.04,-2182.09,-0.02
440,Entry short,2025-05-21 13:25," | F:50,43,1,1,1.41,0,1,63.77",3316.34,31,102806.54,-43.09,-0.04,50.53,0.05,-43.09,-0.04,-2182.09,-0.02
441,Exit long,2025-05-23 03:50,Long Exit,3293.33,9,29686.68,-46.71,-0.16,93.24,0.31,-46.71,-0.16,-2228.8,-0.02
441,Entry long,2025-05-23 03:05," | F:50,29,0,0,0.5,0,0,52.06",3298.52,9,29686.68,-46.71,-0.16,93.24,0.31,-46.71,-0.16,-2228.8,-0.02
442,Exit long,2025-05-23 14:15,Long Exit,3326.13,21,69894.51,-45.78,-0.07,33.6,0.05,-45.78,-0.07,-2274.58,-0.02
442,Entry long,2025-05-23 14:00," | F:70,6,1,0,0.73,0,1,49.84",3328.31,21,69894.51,-45.78,-0.07,33.6,0.05,-45.78,-0.07,-2274.58,-0.02
443,Exit short,2025-05-23 17:35,Short Exit,3354.08,20,67034.8,-46.8,-0.07,89.2,0.13,-46.8,-0.07,-2321.38,-0.02
443,Entry short,2025-05-23 17:20," | F:55,14,2,1,0.4,0,1,55.57",3351.74,20,67034.8,-46.8,-0.07,89.2,0.13,-46.8,-0.07,-2321.38,-0.02
444,Exit long,2025-05-26 08:25,Long Exit,3345.87,17,56927.56,-47.77,-0.08,5.1,0.01,-47.77,-0.08,-2369.15,-0.02
444,Entry long,2025-05-26 08:20," | F:70,23,0,0,0.75,0,1,51.11",3348.68,17,56927.56,-47.77,-0.08,5.1,0.01,-47.77,-0.08,-2369.15,-0.02
445,Exit long,2025-05-27 08:25,Long Exit,3327.4,15,49956.45,-45.45,-0.09,10.5,0.02,-45.45,-0.09,-2414.6,-0.02
445,Entry long,2025-05-27 08:05," | F:50,188,0,0,1.33,0,0,22.36",3330.43,15,49956.45,-45.45,-0.09,10.5,0.02,-45.45,-0.09,-2414.6,-0.02
446,Exit long,2025-05-28 05:05,Time Stop (Bars),3305.89,6,19831.44,3.9,0.02,62.82,0.32,-40.92,-0.21,-2410.7,-0.02
446,Entry long,2025-05-28 02:05," | F:50,61,3,0,0.73,0,0,55.18",3305.24,6,19831.44,3.9,0.02,62.82,0.32,-40.92,-0.21,-2410.7,-0.02
447,Exit long,2025-05-28 13:30,Long Exit,3318.1,20,66408.2,-46.2,-0.07,11.8,0.02,-46.2,-0.07,-2456.9,-0.02
447,Entry long,2025-05-28 13:20," | F:75,21,1,0,1.08,0,1,50.21",3320.41,20,66408.2,-46.2,-0.07,11.8,0.02,-46.2,-0.07,-2456.9,-0.02
448,Exit long,2025-05-28 14:10,Long Exit,3311,24,79509.84,-45.84,-0.06,16.8,0.02,-45.84,-0.06,-2502.74,-0.03
448,Entry long,2025-05-28 14:05," | F:75,42,1,0,1.51,0,1,33.38",3312.91,24,79509.84,-45.84,-0.06,16.8,0.02,-45.84,-0.06,-2502.74,-0.03
449,Exit short,2025-05-30 04:05,Short Exit,3315.45,16,52998.88,-48.32,-0.09,4,0.01,-48.32,-0.09,-2551.06,-0.03
449,Entry short,2025-05-30 04:00," | F:50,12,0,1,1.44,0,1,40.84",3312.43,16,52998.88,-48.32,-0.09,4,0.01,-48.32,-0.09,-2551.06,-0.03
450,Exit short,2025-06-05 11:40,Short Exit,3374.45,25,84317,-44.25,-0.05,88,0.10,-44.25,-0.05,-2595.31,-0.03
450,Entry short,2025-06-05 10:20," | F:70,44,1,1,0.44,0,1,62.96",3372.68,25,84317,-44.25,-0.05,88,0.10,-44.25,-0.05,-2595.31,-0.03
451,Exit long,2025-06-05 17:45,Long Exit,3367.11,5,16881.3,-45.75,-0.27,34.4,0.20,-45.75,-0.27,-2641.06,-0.03
451,Entry long,2025-06-05 17:05," | F:65,86,2,0,0.3,0,0,39.32",3376.26,5,16881.3,-45.75,-0.27,34.4,0.20,-45.75,-0.27,-2641.06,-0.03
452,Exit long,2025-06-06 03:45,Long Exit,3359.36,22,73950.8,-44.88,-0.06,6.82,0.01,-44.88,-0.06,-2685.94,-0.03
452,Entry long,2025-06-06 03:40," | F:45,12,0,0,0.77,0,0,53.2",3361.4,22,73950.8,-44.88,-0.06,6.82,0.01,-44.88,-0.06,-2685.94,-0.03
453,Exit long,2025-06-06 04:25,Long Exit,3367.23,13,43673.89,100.1,0.23,100.1,0.23,-13.52,-0.03,-2585.84,-0.03
453,Entry long,2025-06-06 04:00," | F:50,35,0,0,0.49,0,0,46.78",3359.53,13,43673.89,100.1,0.23,100.1,0.23,-13.52,-0.03,-2585.84,-0.03
454,Exit long,2025-06-09 15:15,Long Exit,3313.52,24,79570.56,-46.08,-0.06,22.8,0.03,-46.08,-0.06,-2631.92,-0.03
454,Entry long,2025-06-09 15:10," | F:55,16,2,0,0.69,0,0,44.7",3315.44,24,79570.56,-46.08,-0.06,22.8,0.03,-46.08,-0.06,-2631.92,-0.03
455,Exit long,2025-06-09 18:00,Long Exit,3323.33,20,66365,101.6,0.15,101.6,0.15,-9.2,-0.01,-2530.32,-0.03
455,Entry long,2025-06-09 17:40," | F:75,13,2,0,1.77,0,0,48.44",3318.25,20,66365,101.6,0.15,101.6,0.15,-9.2,-0.01,-2530.32,-0.03
456,Exit long,2025-06-10 12:15,Long Exit,3330.46,34,113130.24,105.4,0.09,105.4,0.09,-3.4,0.00,-2424.92,-0.02
456,Entry long,2025-06-10 11:45," | F:70,17,1,0,0.86,0,1,50.33",3327.36,34,113130.24,105.4,0.09,105.4,0.09,-3.4,0.00,-2424.92,-0.02
457,Exit long,2025-06-10 17:30,Long Exit,3331.08,15,50014.05,-47.85,-0.10,14.55,0.03,-47.85,-0.10,-2472.77,-0.02
457,Entry long,2025-06-10 17:20," | F:70,26,2,0,0.86,0,1,40.05",3334.27,15,50014.05,-47.85,-0.10,14.55,0.03,-47.85,-0.10,-2472.77,-0.02
458,Exit long,2025-06-11 05:40,Long Exit,3336.77,16,53282.08,106.24,0.20,106.24,0.20,-8.64,-0.02,-2366.53,-0.02
458,Entry long,2025-06-11 05:05," | F:70,25,0,0,1.24,0,1,48",3330.13,16,53282.08,106.24,0.20,106.24,0.20,-8.64,-0.02,-2366.53,-0.02
459,Exit long,2025-06-13 07:55,Long Exit,3425.58,16,54856.16,-46.88,-0.09,18.4,0.03,-46.88,-0.09,-2413.41,-0.02
459,Entry long,2025-06-13 07:35," | F:65,7,0,0,0.97,0,1,50.54",3428.51,16,54856.16,-46.88,-0.09,18.4,0.03,-46.88,-0.09,-2413.41,-0.02
460,Exit long,2025-06-13 13:35,Long Exit,3414.85,16,54685.76,-48.16,-0.09,99.52,0.18,-48.16,-0.09,-2461.57,-0.02
460,Entry long,2025-06-13 13:20," | F:75,29,1,0,0.66,0,1,39.85",3417.86,16,54685.76,-48.16,-0.09,99.52,0.18,-48.16,-0.09,-2461.57,-0.02
461,Exit long,2025-06-13 18:15,Long Exit,3422.61,10,34276.6,-50.5,-0.15,4,0.01,-50.5,-0.15,-2512.07,-0.03
461,Entry long,2025-06-13 18:05," | F:70,34,2,0,0.7,0,1,42.76",3427.66,10,34276.6,-50.5,-0.15,4,0.01,-50.5,-0.15,-2512.07,-0.03
462,Exit long,2025-06-16 19:10,Long Exit,3400.8,18,61261.2,-46.8,-0.08,9.36,0.02,-46.8,-0.08,-2558.87,-0.03
462,Entry long,2025-06-16 19:05," | F:55,10,2,0,0.82,0,0,52.38",3403.4,18,61261.2,-46.8,-0.08,9.36,0.02,-46.8,-0.08,-2558.87,-0.03
463,Exit long,2025-06-18 04:55,Long Exit,3379.04,18,60869.52,-46.8,-0.08,22.32,0.04,-46.8,-0.08,-2605.67,-0.03
463,Entry long,2025-06-18 04:45," | F:55,103,0,0,1.26,0,0,39.39",3381.64,18,60869.52,-46.8,-0.08,22.32,0.04,-46.8,-0.08,-2605.67,-0.03
464,Exit short,2025-06-18 13:45,Short Exit,3376.13,24,81131.28,104.16,0.13,104.16,0.13,-34.8,-0.04,-2501.51,-0.03
464,Entry short,2025-06-18 13:35," | F:75,15,1,1,0.55,0,0,48.73",3380.47,24,81131.28,104.16,0.13,104.16,0.13,-34.8,-0.04,-2501.51,-0.03
465,Exit long,2025-06-18 19:00,Long Exit,3394.29,11,37238.41,98.78,0.27,98.78,0.27,-8.58,-0.02,-2402.73,-0.02
465,Entry long,2025-06-18 18:15," | F:70,11,2,0,2.06,0,0,46.57",3385.31,11,37238.41,98.78,0.27,98.78,0.27,-8.58,-0.02,-2402.73,-0.02
466,Exit short,2025-06-18 20:00,Short Exit,3389.56,43,145860.3,109.22,0.07,109.22,0.07,-15.05,-0.01,-2293.51,-0.02
466,Entry short,2025-06-18 19:30," | F:50,6,2,1,0.83,0,1,57.8",3392.1,43,145860.3,109.22,0.07,109.22,0.07,-15.05,-0.01,-2293.51,-0.02
467,Exit short,2025-06-20 09:40,Short Exit,3341.26,12,40194.24,99.12,0.25,99.12,0.25,-3.12,-0.01,-2194.39,-0.02
467,Entry short,2025-06-20 08:40," | F:70,7,0,1,0.63,0,0,38.29",3349.52,12,40194.24,99.12,0.25,99.12,0.25,-3.12,-0.01,-2194.39,-0.02
468,Exit long,2025-06-20 14:45,Long Exit,3351.02,27,90521.82,-44.28,-0.05,76.41,0.08,-44.28,-0.05,-2238.67,-0.02
468,Entry long,2025-06-20 14:30," | F:55,31,1,0,0.76,0,0,42.82",3352.66,27,90521.82,-44.28,-0.05,76.41,0.08,-44.28,-0.05,-2238.67,-0.02
469,Exit long,2025-06-23 14:00,Long Exit,3369.01,29,97596.31,104.98,0.11,104.98,0.11,-24.94,-0.03,-2133.69,-0.02
469,Entry long,2025-06-23 13:10," | F:75,7,1,0,0.98,0,1,57.22",3365.39,29,97596.31,104.98,0.11,104.98,0.11,-24.94,-0.03,-2133.69,-0.02
470,Exit long,2025-06-23 21:15,Long Exit,3387.4,13,43929.86,106.34,0.24,106.34,0.24,-13,-0.03,-2027.35,-0.02
470,Entry long,2025-06-23 20:25," | F:75,40,2,0,1.71,0,1,37.11",3379.22,13,43929.86,106.34,0.24,106.34,0.24,-13,-0.03,-2027.35,-0.02
471,Exit long,2025-06-24 01:00,Long Exit,3367.13,14,47187.14,-47.32,-0.10,6.16,0.01,-47.32,-0.10,-2074.67,-0.02
471,Entry long,2025-06-23 23:40," | F:75,88,2,0,0.9,0,0,27.12",3370.51,14,47187.14,-47.32,-0.10,6.16,0.01,-47.32,-0.10,-2074.67,-0.02
472,Exit long,2025-06-24 11:50,Long Exit,3324.78,19,63218.32,-47.5,-0.08,21.28,0.03,-47.5,-0.08,-2122.17,-0.02
472,Entry long,2025-06-24 11:30," | F:50,9,1,0,0.84,0,0,49.41",3327.28,19,63218.32,-47.5,-0.08,21.28,0.03,-47.5,-0.08,-2122.17,-0.02
473,Exit long,2025-06-25 12:30,Long Exit,3321.79,23,76446.94,-45.77,-0.06,27.83,0.04,-45.77,-0.06,-2167.94,-0.02
473,Entry long,2025-06-25 12:15," | F:50,124,1,0,0.4,0,0,35.36",3323.78,23,76446.94,-45.77,-0.06,27.83,0.04,-45.77,-0.06,-2167.94,-0.02
474,Exit short,2025-06-25 15:05,Short Exit,3321.71,19,63215.09,102.6,0.16,102.6,0.16,-44.46,-0.07,-2065.34,-0.02
474,Entry short,2025-06-25 13:15," | F:75,19,1,1,0.54,0,0,53.16",3327.11,19,63215.09,102.6,0.16,102.6,0.16,-44.46,-0.07,-2065.34,-0.02
475,Exit long,2025-06-25 16:30,Long Exit,3313.68,19,63005.9,-45.98,-0.07,53.2,0.08,-45.98,-0.07,-2111.32,-0.02
475,Entry long,2025-06-25 16:15," | F:55,238,2,0,1.04,0,0,33.51",3316.1,19,63005.9,-45.98,-0.07,53.2,0.08,-45.98,-0.07,-2111.32,-0.02
476,Exit long,2025-06-26 16:30,Long Exit,3316.12,14,46472.16,-46.48,-0.10,83.58,0.18,-46.48,-0.10,-2157.8,-0.02
476,Entry long,2025-06-26 16:10," | F:55,267,2,0,0.62,0,0,27.45",3319.44,14,46472.16,-46.48,-0.10,83.58,0.18,-46.48,-0.10,-2157.8,-0.02
477,Exit short,2025-06-30 13:25,Short Exit,3285.22,42,138086.76,107.52,0.08,107.52,0.08,0,0.00,-2050.28,-0.02
477,Entry short,2025-06-30 13:00," | F:75,14,1,1,0.91,0,1,50.08",3287.78,42,138086.76,107.52,0.08,107.52,0.08,0,0.00,-2050.28,-0.02
478,Exit long,2025-06-30 14:30,Long Exit,3274.56,31,101555.07,-43.71,-0.04,0,0.00,-43.71,-0.04,-2093.99,-0.02
478,Entry long,2025-06-30 14:25," | F:70,115,1,0,1.24,0,0,29.2",3275.97,31,101555.07,-43.71,-0.04,0,0.00,-43.71,-0.04,-2093.99,-0.02
479,Exit long,2025-07-01 16:30,Long Exit,3346,20,66965.8,-45.8,-0.07,38.6,0.06,-45.8,-0.07,-2139.79,-0.02
479,Entry long,2025-07-01 16:15," | F:75,32,2,0,0.54,0,1,43.91",3348.29,20,66965.8,-45.8,-0.07,38.6,0.06,-45.8,-0.07,-2139.79,-0.02
480,Exit long,2025-07-02 04:35,Long Exit,3332.23,16,53363.2,-47.52,-0.09,9.12,0.02,-47.52,-0.09,-2187.31,-0.02
480,Entry long,2025-07-02 04:25," | F:70,210,0,0,0.69,0,0,42",3335.2,16,53363.2,-47.52,-0.09,9.12,0.02,-47.52,-0.09,-2187.31,-0.02
481,Exit long,2025-07-03 03:00,Long Exit,3348.7,23,77065.41,-45.31,-0.06,15.18,0.02,-45.31,-0.06,-2232.62,-0.02
481,Entry long,2025-07-03 02:40," | F:70,56,3,0,0.55,0,1,30.09",3350.67,23,77065.41,-45.31,-0.06,15.18,0.02,-45.31,-0.06,-2232.62,-0.02
482,Exit short,2025-07-03 11:40,Short Exit,3356.89,29,97305.15,-44.66,-0.05,40.89,0.04,-44.66,-0.05,-2277.28,-0.02
482,Entry short,2025-07-03 11:35," | F:55,13,1,1,1.31,0,1,50.17",3355.35,29,97305.15,-44.66,-0.05,40.89,0.04,-44.66,-0.05,-2277.28,-0.02
483,Exit short,2025-07-07 21:35,Short Exit,3332.02,24,79924.08,-44.4,-0.06,1.68,0.00,-44.4,-0.06,-2321.68,-0.02
483,Entry short,2025-07-07 21:30," | F:50,8,2,1,0.64,0,1,56.22",3330.17,24,79924.08,-44.4,-0.06,1.68,0.00,-44.4,-0.06,-2321.68,-0.02
484,Exit short,2025-07-08 05:45,Short Exit,3336.92,20,66692.2,-46.2,-0.07,45.8,0.07,-46.2,-0.07,-2367.88,-0.02
484,Entry short,2025-07-08 04:40," | F:45,18,0,1,0.58,0,1,51.04",3334.61,20,66692.2,-46.2,-0.07,45.8,0.07,-46.2,-0.07,-2367.88,-0.02
485,Exit long,2025-07-08 06:15,Long Exit,3331,30,99973.8,-43.8,-0.04,28.5,0.03,-43.8,-0.04,-2411.68,-0.02
485,Entry long,2025-07-08 06:05," | F:70,23,0,0,0.9,0,1,42.37",3332.46,30,99973.8,-43.8,-0.04,28.5,0.03,-43.8,-0.04,-2411.68,-0.02
486,Exit long,2025-07-08 12:30,Long Exit,3322.83,28,93083.76,-44.52,-0.05,64.96,0.07,-44.52,-0.05,-2456.2,-0.02
486,Entry long,2025-07-08 12:00," | F:70,189,1,0,0.69,0,0,35.05",3324.42,28,93083.76,-44.52,-0.05,64.96,0.07,-44.52,-0.05,-2456.2,-0.02
487,Exit long,2025-07-09 09:10,Long Exit,3287.95,26,85532.2,-45.5,-0.05,38.48,0.04,-45.5,-0.05,-2501.7,-0.03
487,Entry long,2025-07-09 09:00," | F:45,36,0,0,1.5,0,0,38.27",3289.7,26,85532.2,-45.5,-0.05,38.48,0.04,-45.5,-0.05,-2501.7,-0.03
488,Exit long,2025-07-09 14:40,Long Exit,3285.35,45,147882.15,-41.4,-0.03,22.05,0.01,-41.4,-0.03,-2543.1,-0.03
488,Entry long,2025-07-09 14:35," | F:55,32,1,0,0.78,0,0,34.83",3286.27,45,147882.15,-41.4,-0.03,22.05,0.01,-41.4,-0.03,-2543.1,-0.03
489,Exit long,2025-07-09 18:20,Long Exit,3307.34,57,188556.57,-38.19,-0.02,0,0.00,-38.19,-0.02,-2581.29,-0.03
489,Entry long,2025-07-09 18:15," | F:75,11,2,0,0.96,0,1,59.45",3308.01,57,188556.57,-38.19,-0.02,0,0.00,-38.19,-0.02,-2581.29,-0.03
490,Exit long,2025-07-11 19:40,Long Exit,3353.23,21,70463.19,-45.36,-0.06,20.79,0.03,-45.36,-0.06,-2626.65,-0.03
490,Entry long,2025-07-11 19:20," | F:75,25,2,0,1.29,0,1,41.36",3355.39,21,70463.19,-45.36,-0.06,20.79,0.03,-45.36,-0.06,-2626.65,-0.03
491,Exit long,2025-07-15 06:20,Long Exit,3355.8,15,50232,105,0.21,105,0.21,-17.85,-0.04,-2521.65,-0.03
491,Entry long,2025-07-15 05:05," | F:50,27,0,0,0.33,0,0,57.81",3348.8,15,50232,105,0.21,105,0.21,-17.85,-0.04,-2521.65,-0.03
492,Exit short,2025-07-15 07:35,Short Exit,3361.03,33,110870.1,-43.89,-0.04,4.29,0.00,-43.89,-0.04,-2565.54,-0.03
492,Entry short,2025-07-15 07:15," | F:70,180,0,1,1.38,0,1,73.85",3359.7,33,110870.1,-43.89,-0.04,4.29,0.00,-43.89,-0.04,-2565.54,-0.03
493,Exit long,2025-07-15 15:35,Long Exit,3349.28,8,26840.56,-46.32,-0.17,43.44,0.16,-46.32,-0.17,-2611.86,-0.03
493,Entry long,2025-07-15 15:20," | F:70,115,2,0,0.67,0,0,40.77",3355.07,8,26840.56,-46.32,-0.17,43.44,0.16,-46.32,-0.17,-2611.86,-0.03
494,Exit long,2025-07-15 16:10,Long Exit,3346.35,9,30163.23,-46.08,-0.15,30.6,0.10,-46.08,-0.15,-2657.94,-0.03
494,Entry long,2025-07-15 15:40," | F:50,129,2,0,0.48,0,0,38.29",3351.47,9,30163.23,-46.08,-0.15,30.6,0.10,-46.08,-0.15,-2657.94,-0.03
495,Exit long,2025-07-15 23:40,Long Exit,3327.46,63,209667.15,-37.17,-0.02,51.66,0.02,-37.17,-0.02,-2695.11,-0.03
495,Entry long,2025-07-15 23:25," | F:50,12,2,0,0.9,0,0,45.31",3328.05,63,209667.15,-37.17,-0.02,51.66,0.02,-37.17,-0.02,-2695.11,-0.03
496,Exit short,2025-07-16 15:30,Short Exit,3332.46,18,60089.76,105.48,0.18,105.48,0.18,-9,-0.01,-2589.63,-0.03
496,Entry short,2025-07-16 15:05," | F:55,27,2,1,0.41,0,1,52.24",3338.32,18,60089.76,105.48,0.18,105.48,0.18,-9,-0.01,-2589.63,-0.03
497,Exit long,2025-07-17 12:45,Long Exit,3327.64,46,153111.92,-40.48,-0.03,13.8,0.01,-40.48,-0.03,-2630.11,-0.03
497,Entry long,2025-07-17 12:40," | F:55,19,1,0,0.46,0,0,44.45",3328.52,46,153111.92,-40.48,-0.03,13.8,0.01,-40.48,-0.03,-2630.11,-0.03
498,Exit long,2025-07-18 14:40,Long Exit,3355.07,20,66999.4,102,0.15,102,0.15,-14.8,-0.02,-2528.11,-0.03
498,Entry long,2025-07-18 13:05," | F:75,14,1,0,0.87,0,1,50.62",3349.97,20,66999.4,102,0.15,102,0.15,-14.8,-0.02,-2528.11,-0.03
499,Exit long,2025-07-21 07:30,Long Exit,3355.49,30,100559.1,105.6,0.11,105.6,0.11,-38.4,-0.04,-2422.51,-0.02
499,Entry long,2025-07-21 07:05," | F:70,45,0,0,0.66,0,1,42.79",3351.97,30,100559.1,105.6,0.11,105.6,0.11,-38.4,-0.04,-2422.51,-0.02
500,Exit long,2025-07-22 03:25,Long Exit,3395.4,30,101757.6,104.4,0.10,104.4,0.10,-24.3,-0.02,-2318.11,-0.02
500,Entry long,2025-07-22 03:05," | F:75,110,0,0,1.98,0,1,31.48",3391.92,30,101757.6,104.4,0.10,104.4,0.10,-24.3,-0.02,-2318.11,-0.02
501,Exit short,2025-07-22 08:45,Short Exit,3385.87,25,84751.75,105,0.12,105,0.12,-8.75,-0.01,-2213.11,-0.02
501,Entry short,2025-07-22 08:00," | F:45,13,0,1,0.81,0,1,48.21",3390.07,25,84751.75,105,0.12,105,0.12,-8.75,-0.01,-2213.11,-0.02
502,Exit short,2025-07-22 09:10,Short Exit,3387.73,33,111752.19,-42.9,-0.04,19.47,0.02,-42.9,-0.04,-2256.01,-0.02
502,Entry short,2025-07-22 09:05," | F:65,7,0,1,0.9,0,0,40.74",3386.43,33,111752.19,-42.9,-0.04,19.47,0.02,-42.9,-0.04,-2256.01,-0.02
503,Exit short,2025-07-22 15:40,Short Exit,3401.57,18,61180.92,-47.34,-0.08,15.3,0.03,-47.34,-0.08,-2303.35,-0.02
503,Entry short,2025-07-22 15:30," | F:50,157,2,1,0.27,0,1,80.82",3398.94,18,61180.92,-47.34,-0.08,15.3,0.03,-47.34,-0.08,-2303.35,-0.02
504,Exit short,2025-07-23 13:00,Short Exit,3428.52,28,96103.28,104.72,0.11,104.72,0.11,-19.04,-0.02,-2198.63,-0.02
504,Entry short,2025-07-23 12:20," | F:45,108,1,1,2.44,0,1,69.39",3432.26,28,96103.28,104.72,0.11,104.72,0.11,-19.04,-0.02,-2198.63,-0.02
505,Exit short,2025-07-24 17:30,Short Exit,3374.37,22,74190.82,-45.32,-0.06,13.42,0.02,-45.32,-0.06,-2243.95,-0.02
505,Entry short,2025-07-24 17:20," | F:75,80,2,1,0.78,0,0,64.37",3372.31,22,74190.82,-45.32,-0.06,13.42,0.02,-45.32,-0.06,-2243.95,-0.02
506,Exit long,2025-07-24 21:30,Long Exit,3370.02,66,222282.72,138.6,0.06,138.6,0.06,-21.12,-0.01,-2105.35,-0.02
506,Entry long,2025-07-24 21:10," | F:45,14,2,0,0.72,0,0,42.1",3367.92,66,222282.72,138.6,0.06,138.6,0.06,-21.12,-0.01,-2105.35,-0.02
507,Exit long,2025-07-28 15:30,Long Exit,3328.27,21,69939.24,-45.57,-0.07,18.27,0.03,-45.57,-0.07,-2150.92,-0.02
507,Entry long,2025-07-28 15:25," | F:50,163,2,0,2.12,0,0,31.68",3330.44,21,69939.24,-45.57,-0.07,18.27,0.03,-45.57,-0.07,-2150.92,-0.02
508,Exit short,2025-07-29 19:35,Short Exit,3323.44,30,99658.5,-44.7,-0.04,36,0.04,-44.7,-0.04,-2195.62,-0.02
508,Entry short,2025-07-29 19:15," | F:75,8,2,1,0.67,0,1,46.29",3321.95,30,99658.5,-44.7,-0.04,36,0.04,-44.7,-0.04,-2195.62,-0.02
509,Exit long,2025-07-31 08:35,Long Exit,3294.94,47,154903.07,-40.89,-0.03,0,0.00,-40.89,-0.03,-2236.51,-0.02
509,Entry long,2025-07-31 08:30," | F:65,13,0,0,0.82,0,0,50.92",3295.81,47,154903.07,-40.89,-0.03,0,0.00,-40.89,-0.03,-2236.51,-0.02
510,Exit short,2025-07-31 19:10,Short Exit,3290.05,17,56035.57,104.72,0.19,104.72,0.19,-32.98,-0.06,-2131.79,-0.02
510,Entry short,2025-07-31 18:20," | F:75,14,2,1,0.69,0,0,43.45",3296.21,17,56035.57,104.72,0.19,104.72,0.19,-32.98,-0.06,-2131.79,-0.02
511,Exit short,2025-08-01 03:05,Short Exit,3286.85,18,59268.42,105.12,0.18,105.12,0.18,-6.66,-0.01,-2026.67,-0.02
511,Entry short,2025-08-01 02:00," | F:70,35,3,1,0.67,0,0,48.21",3292.69,18,59268.42,105.12,0.18,105.12,0.18,-6.66,-0.01,-2026.67,-0.02
512,Exit short,2025-08-01 07:30,Short Exit,3293.9,17,55948.7,-47.6,-0.09,15.13,0.03,-47.6,-0.09,-2074.27,-0.02
512,Entry short,2025-08-01 07:05," | F:70,11,0,1,1.57,0,0,48.84",3291.1,17,55948.7,-47.6,-0.09,15.13,0.03,-47.6,-0.09,-2074.27,-0.02
513,Exit long,2025-08-01 10:30,Long Exit,3289.36,18,59255.46,-46.98,-0.08,25.2,0.04,-46.98,-0.08,-2121.25,-0.02
513,Entry long,2025-08-01 10:05," | F:50,52,1,0,0.94,0,0,46.68",3291.97,18,59255.46,-46.98,-0.08,25.2,0.04,-46.98,-0.08,-2121.25,-0.02
514,Exit short,2025-08-01 12:45,Short Exit,3296.23,23,75767.75,-45.54,-0.06,35.42,0.05,-45.54,-0.06,-2166.79,-0.02
514,Entry short,2025-08-01 12:25," | F:50,41,1,1,0.5,0,1,62.43",3294.25,23,75767.75,-45.54,-0.06,35.42,0.05,-45.54,-0.06,-2166.79,-0.02
515,Exit short,2025-08-04 06:00,Short Exit,3355.15,38,127453.14,-42.56,-0.03,77.52,0.06,-42.56,-0.03,-2209.35,-0.02
515,Entry short,2025-08-04 05:25," | F:50,24,0,1,0.71,0,1,56.73",3354.03,38,127453.14,-42.56,-0.03,77.52,0.06,-42.56,-0.03,-2209.35,-0.02
516,Exit long,2025-08-04 18:20,Long Exit,3371.44,18,60731.64,-45.72,-0.08,15.84,0.03,-45.72,-0.08,-2255.07,-0.02
516,Entry long,2025-08-04 18:10," | F:75,25,2,0,0.73,0,1,48.37",3373.98,18,60731.64,-45.72,-0.08,15.84,0.03,-45.72,-0.08,-2255.07,-0.02
517,Exit short,2025-08-06 09:55,Short Exit,3374.41,34,114835.34,105.4,0.09,105.4,0.09,-14.62,-0.01,-2149.67,-0.02
517,Entry short,2025-08-06 09:35," | F:70,60,0,1,1.69,0,1,60.77",3377.51,34,114835.34,105.4,0.09,105.4,0.09,-14.62,-0.01,-2149.67,-0.02
518,Exit short,2025-08-07 04:25,Short Exit,3378.14,21,70894.32,-46.62,-0.07,2.1,0.00,-46.62,-0.07,-2196.29,-0.02
518,Entry short,2025-08-07 04:15," | F:50,98,0,1,0.96,0,1,63.83",3375.92,21,70894.32,-46.62,-0.07,2.1,0.00,-46.62,-0.07,-2196.29,-0.02
519,Exit long,2025-08-08 01:35,Long Exit,3400.19,12,40701.48,100.8,0.25,100.8,0.25,-41.76,-0.10,-2095.49,-0.02
519,Entry long,2025-08-08 01:20," | F:70,28,3,0,0.26,0,1,42.05",3391.79,12,40701.48,100.8,0.25,100.8,0.25,-41.76,-0.10,-2095.49,-0.02
520,Exit short,2025-08-08 13:15,Short Exit,3395.11,24,81588.72,106.08,0.13,106.08,0.13,-45.12,-0.06,-1989.41,-0.02
520,Entry short,2025-08-08 12:20," | F:55,13,1,1,0.31,0,1,54.54",3399.53,24,81588.72,106.08,0.13,106.08,0.13,-45.12,-0.06,-1989.41,-0.02
521,Exit short,2025-08-12 03:30,Short Exit,3353.22,25,83786.25,-44.25,-0.05,38,0.05,-44.25,-0.05,-2033.66,-0.02
521,Entry short,2025-08-12 03:15," | F:70,43,0,1,0.63,0,0,65.87",3351.45,25,83786.25,-44.25,-0.05,38,0.05,-44.25,-0.05,-2033.66,-0.02
522,Exit short,2025-08-12 04:05,Short Exit,3355.62,33,110692.56,-42.9,-0.04,4.95,0.00,-42.9,-0.04,-2076.56,-0.02
522,Entry short,2025-08-12 04:00," | F:70,61,0,1,0.64,0,0,67.69",3354.32,33,110692.56,-42.9,-0.04,4.95,0.00,-42.9,-0.04,-2076.56,-0.02
523,Exit short,2025-08-13 05:35,Short Exit,3352.17,26,87111.18,-45.24,-0.05,4.68,0.01,-45.24,-0.05,-2121.8,-0.02
523,Entry short,2025-08-13 05:30," | F:50,50,0,1,0.49,0,1,55.83",3350.43,26,87111.18,-45.24,-0.05,4.68,0.01,-45.24,-0.05,-2121.8,-0.02
524,Exit long,2025-08-13 07:00,Long Exit,3348.39,18,60316.74,-45.72,-0.08,37.08,0.06,-45.72,-0.08,-2167.52,-0.02
524,Entry long,2025-08-13 06:15," | F:70,14,0,0,0.96,0,1,53.33",3350.93,18,60316.74,-45.72,-0.08,37.08,0.06,-45.72,-0.08,-2167.52,-0.02
525,Exit short,2025-08-14 02:30,Short Exit,3361.34,52,174749.64,-40.04,-0.02,44.72,0.03,-40.04,-0.02,-2207.56,-0.02
525,Entry short,2025-08-14 02:05," | F:55,86,3,1,1.81,0,1,68.98",3360.57,52,174749.64,-40.04,-0.02,44.72,0.03,-40.04,-0.02,-2207.56,-0.02
526,Exit long,2025-08-15 01:15,Long Exit,3334.5,36,120084.84,-42.84,-0.04,73.8,0.06,-42.84,-0.04,-2250.4,-0.02
526,Entry long,2025-08-14 23:15," | F:45,39,2,0,1.94,0,0,36.93",3335.69,36,120084.84,-42.84,-0.04,73.8,0.06,-42.84,-0.04,-2250.4,-0.02
527,Exit long,2025-08-15 08:20,Long Exit,3343.33,25,83629,-45.75,-0.05,88,0.11,-45.75,-0.05,-2296.15,-0.02
527,Entry long,2025-08-15 07:40," | F:70,9,0,0,0.62,0,1,64.11",3345.16,25,83629,-45.75,-0.05,88,0.11,-45.75,-0.05,-2296.15,-0.02
528,Exit short,2025-08-15 19:00,Time Stop (Bars),3341.17,11,36758.81,5.94,0.02,97.79,0.27,-37.73,-0.10,-2290.21,-0.02
528,Entry short,2025-08-15 16:00," | F:75,60,2,1,0.8,0,1,53.13",3341.71,11,36758.81,5.94,0.02,97.79,0.27,-37.73,-0.10,-2290.21,-0.02
529,Exit short,2025-08-19 02:35,Short Exit,3331.11,49,163359.14,134.75,0.08,134.75,0.08,-35.28,-0.02,-2155.46,-0.02
529,Entry short,2025-08-19 01:25," | F:70,66,3,1,1.55,0,0,56.9",3333.86,49,163359.14,134.75,0.08,134.75,0.08,-35.28,-0.02,-2155.46,-0.02
530,Exit long,2025-08-19 09:40,Long Exit,3334.92,19,63409.27,-45.79,-0.07,25.27,0.04,-45.79,-0.07,-2201.25,-0.02
530,Entry long,2025-08-19 09:00," | F:70,16,0,0,1.01,0,1,49.5",3337.33,19,63409.27,-45.79,-0.07,25.27,0.04,-45.79,-0.07,-2201.25,-0.02
531,Exit short,2025-08-20 07:45,Short Exit,3320.71,74,245697.02,-35.52,-0.01,0,0.00,-35.52,-0.01,-2236.77,-0.02
531,Entry short,2025-08-20 07:40," | F:75,137,0,1,1.37,0,0,66.08",3320.23,74,245697.02,-35.52,-0.01,0,0.00,-35.52,-0.01,-2236.77,-0.02
532,Exit long,2025-08-20 14:05,Long Exit,3327.99,21,69783.21,104.58,0.15,104.58,0.15,-1.05,0.00,-2132.19,-0.02
532,Entry long,2025-08-20 11:35," | F:70,35,1,0,1.09,0,1,48.76",3323.01,21,69783.21,104.58,0.15,104.58,0.15,-1.05,0.00,-2132.19,-0.02
533,Exit short,2025-08-21 04:30,Short Exit,3344.63,23,76881.18,-45.31,-0.06,25.99,0.03,-45.31,-0.06,-2177.5,-0.02
533,Entry short,2025-08-21 04:15," | F:50,12,0,1,0.76,0,1,39.86",3342.66,23,76881.18,-45.31,-0.06,25.99,0.03,-45.31,-0.06,-2177.5,-0.02
534,Exit short,2025-08-21 15:20,Short Exit,3338.15,33,110266.53,107.58,0.10,107.58,0.10,-22.77,-0.02,-2069.92,-0.02
534,Entry short,2025-08-21 15:10," | F:70,103,2,1,0.46,0,1,67.84",3341.41,33,110266.53,107.58,0.10,107.58,0.10,-22.77,-0.02,-2069.92,-0.02
535,Exit short,2025-08-22 04:50,Short Exit,3336.01,36,120204.36,108,0.09,108,0.09,-27.36,-0.02,-1961.92,-0.02
535,Entry short,2025-08-22 04:00," | F:70,27,0,1,0.5,0,0,53.78",3339.01,36,120204.36,108,0.09,108,0.09,-27.36,-0.02,-1961.92,-0.02
536,Exit long,2025-08-22 06:55,Long Exit,3331.61,35,116649.05,-42.7,-0.04,87.5,0.08,-42.7,-0.04,-2004.62,-0.02
536,Entry long,2025-08-22 06:05," | F:45,175,0,0,1.09,0,0,37.72",3332.83,35,116649.05,-42.7,-0.04,87.5,0.08,-42.7,-0.04,-2004.62,-0.02
537,Exit short,2025-08-22 16:30,Short Exit,3329.88,16,53230.88,-47.2,-0.09,89.12,0.17,-47.2,-0.09,-2051.82,-0.02
537,Entry short,2025-08-22 15:20," | F:70,9,2,1,0.66,0,0,43.12",3326.93,16,53230.88,-47.2,-0.09,89.12,0.17,-47.2,-0.09,-2051.82,-0.02
538,Exit short,2025-08-25 05:55,Short Exit,3364.88,38,127823.64,-41.8,-0.03,20.14,0.02,-41.8,-0.03,-2093.62,-0.02
538,Entry short,2025-08-25 05:40," | F:50,16,0,1,0.95,0,1,50.74",3363.78,38,127823.64,-41.8,-0.03,20.14,0.02,-41.8,-0.03,-2093.62,-0.02
539,Exit long,2025-08-25 11:20,Long Exit,3364.64,28,94254.16,-44.24,-0.05,11.76,0.01,-44.24,-0.05,-2137.86,-0.02
539,Entry long,2025-08-25 11:05," | F:70,27,1,0,0.87,0,1,46.37",3366.22,28,94254.16,-44.24,-0.05,11.76,0.01,-44.24,-0.05,-2137.86,-0.02
540,Exit long,2025-08-26 08:40,Long Exit,3376.34,38,128193.76,107.16,0.08,107.16,0.08,-3.8,0.00,-2030.7,-0.02
540,Entry long,2025-08-26 08:30," | F:65,19,0,0,0.56,0,1,43.69",3373.52,38,128193.76,107.16,0.08,107.16,0.08,-3.8,0.00,-2030.7,-0.02
541,Exit long,2025-08-27 04:00,Long Exit,3388.69,30,101705.4,-44.7,-0.04,98.1,0.10,-44.7,-0.04,-2075.4,-0.02
541,Entry long,2025-08-27 01:20," | F:70,22,3,0,0.59,0,1,53.15",3390.18,30,101705.4,-44.7,-0.04,98.1,0.10,-44.7,-0.04,-2075.4,-0.02
542,Exit short,2025-08-28 09:50,Short Exit,3395.54,43,145966.51,-41.71,-0.03,10.75,0.01,-41.71,-0.03,-2117.11,-0.02
542,Entry short,2025-08-28 09:45," | F:50,73,0,1,1.48,0,1,63.4",3394.57,43,145966.51,-41.71,-0.03,10.75,0.01,-41.71,-0.03,-2117.11,-0.02
543,Exit short,2025-08-29 05:40,Short Exit,3413.39,30,102357.9,-43.8,-0.04,6,0.01,-43.8,-0.04,-2160.91,-0.02
543,Entry short,2025-08-29 05:25," | F:50,19,0,1,1.18,0,1,48.61",3411.93,30,102357.9,-43.8,-0.04,6,0.01,-43.8,-0.04,-2160.91,-0.02
544,Exit long,2025-08-29 10:20,Long Exit,3407.73,28,95461.24,-44.8,-0.05,93.24,0.10,-44.8,-0.05,-2205.71,-0.02
544,Entry long,2025-08-29 09:40," | F:45,16,0,0,0.72,0,0,43.87",3409.33,28,95461.24,-44.8,-0.05,93.24,0.10,-44.8,-0.05,-2205.71,-0.02
545,Exit long,2025-09-02 03:25,Long Exit,3483.79,16,55636.32,104.32,0.19,104.32,0.19,-31.04,-0.06,-2101.39,-0.02
545,Entry long,2025-09-02 02:00," | F:75,67,3,0,0.94,0,1,52.59",3477.27,16,55636.32,104.32,0.19,104.32,0.19,-31.04,-0.06,-2101.39,-0.02
546,Exit long,2025-09-03 05:35,Long Exit,3537.35,16,56643.36,-45.76,-0.08,3.52,0.01,-45.76,-0.08,-2147.15,-0.02
546,Entry long,2025-09-03 05:30," | F:70,9,0,0,0.76,0,1,53.81",3540.21,16,56643.36,-45.76,-0.08,3.52,0.01,-45.76,-0.08,-2147.15,-0.02
547,Exit short,2025-09-04 04:30,Short Exit,3551.14,12,42712.8,99.12,0.23,99.12,0.23,-32.76,-0.08,-2048.03,-0.02
547,Entry short,2025-09-04 04:00," | F:50,26,0,1,0.7,0,1,50.59",3559.4,12,42712.8,99.12,0.23,99.12,0.23,-32.76,-0.08,-2048.03,-0.02
548,Exit long,2025-09-04 14:45,Long Exit,3547.03,14,49557.62,100.8,0.20,100.8,0.20,-43.82,-0.09,-1947.23,-0.02
548,Entry long,2025-09-04 14:05," | F:55,45,1,0,0.64,0,0,48.16",3539.83,14,49557.62,100.8,0.20,100.8,0.20,-43.82,-0.09,-1947.23,-0.02
549,Exit short,2025-09-05 02:30,Short Exit,3544.5,23,81478.19,-45.31,-0.06,0,0.00,-45.31,-0.06,-1992.54,-0.02
549,Entry short,2025-09-05 02:20," | F:70,17,3,1,1.06,0,0,46.15",3542.53,23,81478.19,-45.31,-0.06,0,0.00,-45.31,-0.06,-1992.54,-0.02
550,Exit long,2025-09-09 21:40,Long Exit,3641.19,30,109280.1,-44.4,-0.04,72.9,0.07,-44.4,-0.04,-2036.94,-0.02
550,Entry long,2025-09-09 20:45," | F:55,27,2,0,1.21,0,0,44.04",3642.67,30,109280.1,-44.4,-0.04,72.9,0.07,-44.4,-0.04,-2036.94,-0.02
551,Exit short,2025-09-10 05:35,Short Exit,3635.35,21,76296.57,-45.78,-0.06,38.43,0.05,-45.78,-0.06,-2082.72,-0.02
551,Entry short,2025-09-10 05:25," | F:70,33,0,1,0.68,0,0,58.08",3633.17,21,76296.57,-45.78,-0.06,38.43,0.05,-45.78,-0.06,-2082.72,-0.02
552,Exit long,2025-09-11 05:15,Long Exit,3639.64,18,65560.86,-47.34,-0.07,21.06,0.03,-47.34,-0.07,-2130.06,-0.02
552,Entry long,2025-09-11 05:00," | F:45,36,0,0,0.66,0,0,44.99",3642.27,18,65560.86,-47.34,-0.07,21.06,0.03,-47.34,-0.07,-2130.06,-0.02
553,Exit short,2025-09-11 09:30,Short Exit,3634.22,20,72638.2,-46.2,-0.06,14.4,0.02,-46.2,-0.06,-2176.26,-0.02
553,Entry short,2025-09-11 09:20," | F:70,22,0,1,0.37,0,0,52.35",3631.91,20,72638.2,-46.2,-0.06,14.4,0.02,-46.2,-0.06,-2176.26,-0.02
554,Exit short,2025-09-12 11:10,Short Exit,3645.42,26,94887,106.08,0.11,106.08,0.11,0,0.00,-2070.18,-0.02
554,Entry short,2025-09-12 11:05," | F:55,8,1,1,1.01,0,1,45.11",3649.5,26,94887,106.08,0.11,106.08,0.11,0,0.00,-2070.18,-0.02
555,Exit long,2025-09-12 12:20,Long Exit,3644.37,22,80070.98,105.16,0.13,105.16,0.13,-1.32,0.00,-1965.02,-0.02
555,Entry long,2025-09-12 12:10," | F:70,99,1,0,0.76,0,0,32.33",3639.59,22,80070.98,105.16,0.13,105.16,0.13,-1.32,0.00,-1965.02,-0.02
556,Exit long,2025-09-12 22:05,Long Exit,3647.05,31,113102.88,-44.33,-0.04,31,0.03,-44.33,-0.04,-2009.35,-0.02
556,Entry long,2025-09-12 21:10," | F:75,19,2,0,1.16,0,1,51.64",3648.48,31,113102.88,-44.33,-0.04,31,0.03,-44.33,-0.04,-2009.35,-0.02
557,Exit long,2025-09-16 16:15,Long Exit,3685.38,23,84809.05,-45.31,-0.05,20.47,0.02,-45.31,-0.05,-2054.66,-0.02
557,Entry long,2025-09-16 16:10," | F:70,81,2,0,0.4,0,1,35.05",3687.35,23,84809.05,-45.31,-0.05,20.47,0.02,-45.31,-0.05,-2054.66,-0.02
558,Exit long,2025-09-17 03:45,Long Exit,3692.25,19,70198.54,-45.79,-0.07,12.16,0.02,-45.79,-0.07,-2100.45,-0.02
558,Entry long,2025-09-17 03:05," | F:65,14,0,0,0.78,0,1,58.56",3694.66,19,70198.54,-45.79,-0.07,12.16,0.02,-45.79,-0.07,-2100.45,-0.02
559,Exit long,2025-09-18 22:45,Long Exit,3644.25,39,142018.89,106.86,0.08,106.86,0.08,-36.66,-0.03,-1993.59,-0.02
559,Entry long,2025-09-18 21:05," | F:55,27,2,0,0.86,0,0,38.33",3641.51,39,142018.89,106.86,0.08,106.86,0.08,-36.66,-0.03,-1993.59,-0.02
560,Exit short,2025-09-19 20:10,Short Exit,3670.75,26,95395.56,-43.94,-0.05,43.94,0.05,-43.94,-0.05,-2037.53,-0.02
560,Entry short,2025-09-19 19:45," | F:55,9,2,1,0.97,0,1,53.71",3669.06,26,95395.56,-43.94,-0.05,43.94,0.05,-43.94,-0.05,-2037.53,-0.02
561,Exit short,2025-09-22 11:00,Short Exit,3716.32,17,63129.5,-47.94,-0.08,20.23,0.03,-47.94,-0.08,-2085.47,-0.02
561,Entry short,2025-09-22 10:30," | F:50,9,1,1,1.53,0,1,65.32",3713.5,17,63129.5,-47.94,-0.08,20.23,0.03,-47.94,-0.08,-2085.47,-0.02
562,Exit long,2025-09-23 16:45,Long Exit,3780.42,9,34071.3,-47.52,-0.14,27.09,0.08,-47.52,-0.14,-2132.99,-0.02
562,Entry long,2025-09-23 16:30," | F:70,13,2,0,1.22,0,1,56.58",3785.7,9,34071.3,-47.52,-0.14,27.09,0.08,-47.52,-0.14,-2132.99,-0.02
563,Exit short,2025-09-23 21:50,Short Exit,3774.35,13,49166.91,100.36,0.20,100.36,0.20,-11.05,-0.02,-2032.63,-0.02
563,Entry short,2025-09-23 20:25," | F:55,46,2,1,0.62,0,1,56.41",3782.07,13,49166.91,100.36,0.20,100.36,0.20,-11.05,-0.02,-2032.63,-0.02
564,Exit long,2025-09-23 22:25,Long Exit,3759.19,21,78837.57,105.42,0.13,105.42,0.13,-2.52,0.00,-1927.21,-0.02
564,Entry long,2025-09-23 22:20," | F:75,145,2,0,0.4,0,0,28.42",3754.17,21,78837.57,105.42,0.13,105.42,0.13,-2.52,0.00,-1927.21,-0.02
565,Exit long,2025-09-24 04:45,Long Exit,3756.94,18,67670.46,-45.54,-0.07,27.72,0.04,-45.54,-0.07,-1972.75,-0.02
565,Entry long,2025-09-24 04:35," | F:50,64,0,0,1.81,0,0,42.14",3759.47,18,67670.46,-45.54,-0.07,27.72,0.04,-45.54,-0.07,-1972.75,-0.02
566,Exit long,2025-09-25 04:35,Long Exit,3740.42,17,63634.23,-47.09,-0.07,66.3,0.10,-47.09,-0.07,-2019.84,-0.02
566,Entry long,2025-09-25 04:15," | F:50,22,0,0,0.56,0,0,46.55",3743.19,17,63634.23,-47.09,-0.07,66.3,0.10,-47.09,-0.07,-2019.84,-0.02
567,Exit short,2025-09-25 10:25,Short Exit,3744.7,29,108552.22,-44.08,-0.04,24.36,0.02,-44.08,-0.04,-2063.92,-0.02
567,Entry short,2025-09-25 10:15," | F:65,9,1,1,0.72,0,1,57.37",3743.18,29,108552.22,-44.08,-0.04,24.36,0.02,-44.08,-0.04,-2063.92,-0.02
568,Exit long,2025-09-26 17:00,Long Exit,3768.95,7,26276.25,106.4,0.40,106.4,0.40,-36.82,-0.14,-1957.52,-0.02
568,Entry long,2025-09-26 15:30," | F:70,16,2,0,0.43,0,1,60.42",3753.75,7,26276.25,106.4,0.40,106.4,0.40,-36.82,-0.14,-1957.52,-0.02
569,Exit long,2025-09-30 03:00,Long Exit,3835.49,15,57430.65,101.7,0.18,101.7,0.18,-31.35,-0.05,-1855.82,-0.02
569,Entry long,2025-09-30 01:20," | F:70,23,3,0,1.08,0,1,47.52",3828.71,15,57430.65,101.7,0.18,101.7,0.18,-31.35,-0.05,-1855.82,-0.02
570,Exit long,2025-10-08 12:30,Long Exit,4033.21,12,48447.6,-49.08,-0.10,32.52,0.07,-49.08,-0.10,-1904.9,-0.02
570,Entry long,2025-10-08 12:00," | F:70,13,1,0,1.11,0,1,54.38",4037.3,12,48447.6,-49.08,-0.10,32.52,0.07,-49.08,-0.10,-1904.9,-0.02
571,Exit short,2025-10-09 16:10,Short Exit,4057.32,14,56754.04,-48.44,-0.09,0,0.00,-48.44,-0.09,-1953.34,-0.02
571,Entry short,2025-10-09 16:05," | F:50,228,2,1,0.55,0,1,70.13",4053.86,14,56754.04,-48.44,-0.09,0,0.00,-48.44,-0.09,-1953.34,-0.02
572,Exit long,2025-10-09 17:20,Long Exit,4012.42,5,20111.6,-49.5,-0.25,34.05,0.17,-49.5,-0.25,-2002.84,-0.02
572,Entry long,2025-10-09 17:00," | F:50,138,2,0,0.96,0,0,32.5",4022.32,5,20111.6,-49.5,-0.25,34.05,0.17,-49.5,-0.25,-2002.84,-0.02
573,Exit long,2025-10-14 04:20,Long Exit,4148.13,6,24786.78,102,0.41,102,0.41,-23.88,-0.10,-1900.84,-0.02
573,Entry long,2025-10-14 04:00," | F:70,9,0,0,0.94,0,1,64.19",4131.13,6,24786.78,102,0.41,102,0.41,-23.88,-0.10,-1900.84,-0.02
574,Exit long,2025-10-15 15:20,Time Stop (Bars),4182.93,2,8367.96,-2.1,-0.03,44.3,0.53,-7.98,-0.10,-1902.94,-0.02
574,Entry long,2025-10-15 12:20," | F:70,102,1,0,0.9,0,1,26.84",4183.98,2,8367.96,-2.1,-0.03,44.3,0.53,-7.98,-0.10,-1902.94,-0.02
575,Exit long,2025-10-23 20:10,Long Exit,4138.65,11,45425.93,99.22,0.22,99.22,0.22,-19.03,-0.04,-1803.72,-0.02
575,Entry long,2025-10-23 19:45," | F:70,46,2,0,0.77,0,1,38.54",4129.63,11,45425.93,99.22,0.22,99.22,0.22,-19.03,-0.04,-1803.72,-0.02
576,Exit short,2025-10-24 16:40,Short Exit,4099.71,7,28804.37,106.4,0.37,106.4,0.37,-35.42,-0.12,-1697.32,-0.02
576,Entry short,2025-10-24 16:20," | F:70,113,2,1,0.27,0,1,73.06",4114.91,7,28804.37,106.4,0.37,106.4,0.37,-35.42,-0.12,-1697.32,-0.02
577,Exit short,2025-10-28 12:30,Short Exit,3910.98,7,27330.17,-46.69,-0.17,49.42,0.18,-46.69,-0.17,-1744.01,-0.02
577,Entry short,2025-10-28 11:45," | F:70,15,1,1,0.82,0,0,41.09",3904.31,7,27330.17,-46.69,-0.17,49.42,0.18,-46.69,-0.17,-1744.01,-0.02
578,Exit short,2025-10-30 08:55,Short Exit,3973.62,5,19823.3,-44.8,-0.23,43.35,0.22,-44.8,-0.23,-1788.81,-0.02
578,Entry short,2025-10-30 08:05," | F:70,12,0,1,0.67,0,1,55.97",3964.66,5,19823.3,-44.8,-0.23,43.35,0.22,-44.8,-0.23,-1788.81,-0.02
579,Exit short,2025-10-30 10:25,Short Exit,3971.88,11,43641.84,-48.84,-0.11,4.4,0.01,-48.84,-0.11,-1837.65,-0.02
579,Entry short,2025-10-30 10:20," | F:55,14,1,1,0.95,0,1,54.57",3967.44,11,43641.84,-48.84,-0.11,4.4,0.01,-48.84,-0.11,-1837.65,-0.02
580,Exit long,2025-10-31 03:10,Long Exit,4039.08,8,32206.24,106.4,0.33,106.4,0.33,-11.44,-0.04,-1731.25,-0.02
580,Entry long,2025-10-31 03:00," | F:65,32,0,0,0.66,0,1,45.38",4025.78,8,32206.24,106.4,0.33,106.4,0.33,-11.44,-0.04,-1731.25,-0.02
581,Exit short,2025-10-31 03:50,Short Exit,4018.18,7,28227.36,100.1,0.35,100.1,0.35,-23.52,-0.08,-1631.15,-0.02
581,Entry short,2025-10-31 03:10," | F:50,16,0,1,0.87,0,1,54.06",4032.48,7,28227.36,100.1,0.35,100.1,0.35,-23.52,-0.08,-1631.15,-0.02
582,Exit short,2025-10-31 18:00,Short Exit,4008.34,8,32168.8,102.08,0.32,102.08,0.32,-36.56,-0.11,-1529.07,-0.02
582,Entry short,2025-10-31 16:05," | F:55,9,2,1,0.75,0,1,51.01",4021.1,8,32168.8,102.08,0.32,102.08,0.32,-36.56,-0.11,-1529.07,-0.02
583,Exit long,2025-11-03 14:45,Time Stop (Bars),4011.96,6,24003.24,68.52,0.29,73.8,0.31,-38.16,-0.16,-1460.55,-0.01
583,Entry long,2025-11-03 11:45," | F:65,92,1,0,0.65,0,0,33.22",4000.54,6,24003.24,68.52,0.29,73.8,0.31,-38.16,-0.16,-1460.55,-0.01
584,Exit long,2025-11-03 20:30,Long Exit,4006.36,21,84030.24,103.32,0.12,103.32,0.12,-41.16,-0.05,-1357.23,-0.01
584,Entry long,2025-11-03 20:20," | F:55,22,2,0,1.03,0,0,38.12",4001.44,21,84030.24,103.32,0.12,103.32,0.12,-41.16,-0.05,-1357.23,-0.01
585,Exit short,2025-11-03 20:40,Short Exit,4009.4,25,100190.25,-44.75,-0.04,14.25,0.01,-44.75,-0.04,-1401.98,-0.01
585,Entry short,2025-11-03 20:35," | F:70,15,2,1,0.74,0,0,53.11",4007.61,25,100190.25,-44.75,-0.04,14.25,0.01,-44.75,-0.04,-1401.98,-0.01
586,Exit short,2025-11-04 15:20,Short Exit,3986,15,59892.3,102.3,0.17,102.3,0.17,-1.65,0.00,-1299.68,-0.01
586,Entry short,2025-11-04 15:15," | F:70,12,2,1,0.43,0,0,52.63",3992.82,15,59892.3,102.3,0.17,102.3,0.17,-1.65,0.00,-1299.68,-0.01
587,Exit long,2025-11-05 04:05,Long Exit,3943.09,17,66928.83,103.7,0.15,103.7,0.15,-3.57,-0.01,-1195.98,-0.01
587,Entry long,2025-11-05 04:00," | F:45,14,0,0,0.63,0,0,46.04",3936.99,17,66928.83,103.7,0.15,103.7,0.15,-3.57,-0.01,-1195.98,-0.01
588,Exit short,2025-11-05 05:20,Short Exit,3955.82,15,59291.25,-46.05,-0.08,0.9,0.00,-46.05,-0.08,-1242.03,-0.01
588,Entry short,2025-11-05 05:10," | F:70,98,0,1,0.58,0,0,66.94",3952.75,15,59291.25,-46.05,-0.08,0.9,0.00,-46.05,-0.08,-1242.03,-0.01
589,Exit long,2025-11-06 16:10,Long Exit,4006.55,19,76171.95,-47.5,-0.06,9.12,0.01,-47.5,-0.06,-1289.53,-0.01
589,Entry long,2025-11-06 16:05," | F:70,14,2,0,0.64,0,1,43.86",4009.05,19,76171.95,-47.5,-0.06,9.12,0.01,-47.5,-0.06,-1289.53,-0.01
590,Exit short,2025-11-11 11:20,Short Exit,4144.13,26,107703.44,-43.94,-0.04,41.86,0.04,-43.94,-0.04,-1333.47,-0.01
590,Entry short,2025-11-11 11:15," | F:50,53,1,1,0.79,0,1,65.39",4142.44,26,107703.44,-43.94,-0.04,41.86,0.04,-43.94,-0.04,-1333.47,-0.01
591,Exit long,2025-11-11 23:25,Long Exit,4127.92,36,148647.6,-42.48,-0.03,79.92,0.05,-42.48,-0.03,-1375.95,-0.01
591,Entry long,2025-11-11 23:05," | F:70,8,3,0,1.49,0,1,64.81",4129.1,36,148647.6,-42.48,-0.03,79.92,0.05,-42.48,-0.03,-1375.95,-0.01
592,Exit long,2025-11-12 15:35,Long Exit,4132.19,16,66009.44,105.6,0.16,105.6,0.16,-42.72,-0.06,-1270.35,-0.01
592,Entry long,2025-11-12 15:10," | F:75,33,2,0,0.89,0,1,41.32",4125.59,16,66009.44,105.6,0.16,105.6,0.16,-42.72,-0.06,-1270.35,-0.01
593,Exit long,2025-11-14 09:40,Long Exit,4172.35,11,45794.65,101.2,0.22,101.2,0.22,-5.06,-0.01,-1169.15,-0.01
593,Entry long,2025-11-14 09:25," | F:50,133,1,0,0.74,0,0,23.94",4163.15,11,45794.65,101.2,0.22,101.2,0.22,-5.06,-0.01,-1169.15,-0.01
594,Exit short,2025-11-17 18:00,Short Exit,4059.28,5,20407.2,110.8,0.54,110.8,0.54,-28.25,-0.14,-1058.35,-0.01
594,Entry short,2025-11-17 15:05," | F:75,60,2,1,0.77,0,0,52.47",4081.44,5,20407.2,110.8,0.54,110.8,0.54,-28.25,-0.14,-1058.35,-0.01
595,Exit long,2025-11-18 08:10,Long Exit,4013.5,15,60250.5,-48,-0.08,3.15,0.01,-48,-0.08,-1106.35,-0.01
595,Entry long,2025-11-18 08:05," | F:50,12,0,0,1.21,0,0,49.36",4016.7,15,60250.5,-48,-0.08,3.15,0.01,-48,-0.08,-1106.35,-0.01
596,Exit short,2025-11-18 09:40,Short Exit,4013.38,9,36072.9,-47.52,-0.13,93.24,0.26,-47.52,-0.13,-1153.87,-0.01
596,Entry short,2025-11-18 09:15," | F:70,6,1,1,1.24,0,0,40.58",4008.1,9,36072.9,-47.52,-0.13,93.24,0.26,-47.52,-0.13,-1153.87,-0.01
597,Exit short,2025-11-20 08:25,Short Exit,4064.24,11,44806.74,100.1,0.22,100.1,0.22,-14.52,-0.03,-1053.77,-0.01
597,Entry short,2025-11-20 08:10," | F:70,16,0,1,0.5,0,0,51.98",4073.34,11,44806.74,100.1,0.22,100.1,0.22,-14.52,-0.03,-1053.77,-0.01
598,Exit short,2025-11-24 11:05,Short Exit,4067.44,10,40625.1,-49.3,-0.12,43.9,0.11,-49.3,-0.12,-1103.07,-0.01
598,Entry short,2025-11-24 09:45," | F:70,82,1,1,0.89,0,1,64.18",4062.51,10,40625.1,-49.3,-0.12,43.9,0.11,-49.3,-0.12,-1103.07,-0.01
599,Exit short,2025-11-25 14:15,Short Exit,4137.22,14,57873.34,-47.74,-0.08,78.26,0.14,-47.74,-0.08,-1150.81,-0.01
599,Entry short,2025-11-25 13:15," | F:55,12,1,1,0.51,0,1,54.63",4133.81,14,57873.34,-47.74,-0.08,78.26,0.14,-47.74,-0.08,-1150.81,-0.01
600,Exit short,2025-11-25 15:30,Short Exit,4146.74,9,37271.34,-49.32,-0.13,32.49,0.09,-49.32,-0.13,-1200.13,-0.01
600,Entry short,2025-11-25 15:20," | F:45,85,2,1,0.54,0,1,59.76",4141.26,9,37271.34,-49.32,-0.13,32.49,0.09,-49.32,-0.13,-1200.13,-0.01
601,Exit short,2025-11-26 02:55,Short Exit,4142.63,11,45520.31,-48.62,-0.11,41.69,0.09,-48.62,-0.11,-1248.75,-0.01
601,Entry short,2025-11-26 02:30," | F:45,60,0,1,1.05,0,1,58.33",4138.21,11,45520.31,-48.62,-0.11,41.69,0.09,-48.62,-0.11,-1248.75,-0.01
602,Exit long,2025-11-26 14:40,Long Exit,4159.17,15,62435.85,-48.3,-0.08,7.95,0.01,-48.3,-0.08,-1297.05,-0.01
602,Entry long,2025-11-26 14:30," | F:70,17,2,0,0.8,0,1,44.88",4162.39,15,62435.85,-48.3,-0.08,7.95,0.01,-48.3,-0.08,-1297.05,-0.01
603,Exit long,2025-11-26 15:40,Long Exit,4153.65,9,37430.28,-47.43,-0.13,0,0.00,-47.43,-0.13,-1344.48,-0.01
603,Entry long,2025-11-26 15:35," | F:70,9,2,0,0.74,0,1,45.32",4158.92,9,37430.28,-47.43,-0.13,0,0.00,-47.43,-0.13,-1344.48,-0.01
604,Exit long,2025-11-27 02:00,Time Stop (Bars),4164.25,17,70783.92,8.33,0.01,88.06,0.12,-36.89,-0.05,-1336.15,-0.01
604,Entry long,2025-11-26 22:00," | F:70,16,2,0,1.47,0,1,46.46",4163.76,17,70783.92,8.33,0.01,88.06,0.12,-36.89,-0.05,-1336.15,-0.01
605,Exit long,2025-11-27 11:50,Long Exit,4158.92,14,58122.12,102.76,0.18,102.76,0.18,-24.78,-0.04,-1233.39,-0.01
605,Entry long,2025-11-27 11:20," | F:50,41,1,0,0.85,0,0,33.61",4151.58,14,58122.12,102.76,0.18,102.76,0.18,-24.78,-0.04,-1233.39,-0.01
606,Exit long,2025-12-01 03:55,Long Exit,4246.32,6,25369.08,108.84,0.43,108.84,0.43,-24.36,-0.10,-1124.55,-0.01
606,Entry long,2025-12-01 03:10," | F:65,10,0,0,0.72,0,1,53.14",4228.18,6,25369.08,108.84,0.43,108.84,0.43,-24.36,-0.10,-1124.55,-0.01
607,Exit long,2025-12-01 16:35,Long Exit,4238.53,5,21237.9,-45.25,-0.21,8.3,0.04,-45.25,-0.21,-1169.8,-0.01
607,Entry long,2025-12-01 16:05," | F:75,64,2,0,0.8,0,1,43.26",4247.58,5,21237.9,-45.25,-0.21,8.3,0.04,-45.25,-0.21,-1169.8,-0.01
608,Exit long,2025-12-02 06:30,Long Exit,4214.42,11,46406.8,-48.18,-0.10,82.39,0.18,-48.18,-0.10,-1217.98,-0.01
608,Entry long,2025-12-02 04:30," | F:50,10,0,0,1.21,0,0,49.16",4218.8,11,46406.8,-48.18,-0.10,82.39,0.18,-48.18,-0.10,-1217.98,-0.01
609,Exit long,2025-12-04 05:00,Long Exit,4198.64,9,37834.11,-46.35,-0.12,32.94,0.09,-46.35,-0.12,-1264.33,-0.01
609,Entry long,2025-12-04 04:05," | F:45,74,0,0,0.95,0,0,38.69",4203.79,9,37834.11,-46.35,-0.12,32.94,0.09,-46.35,-0.12,-1264.33,-0.01
610,Exit long,2025-12-04 11:55,Long Exit,4201.6,8,33514.08,98.72,0.29,98.72,0.29,-14.96,-0.04,-1165.61,-0.01
610,Entry long,2025-12-04 11:00," | F:50,31,1,0,0.65,0,0,47.2",4189.26,8,33514.08,98.72,0.29,98.72,0.29,-14.96,-0.04,-1165.61,-0.01
611,Exit short,2025-12-04 13:05,Short Exit,4202.54,15,62991.6,-46.5,-0.07,44.25,0.07,-46.5,-0.07,-1212.11,-0.01
611,Entry short,2025-12-04 12:10," | F:65,88,1,1,0.8,0,1,63.22",4199.44,15,62991.6,-46.5,-0.07,44.25,0.07,-46.5,-0.07,-1212.11,-0.01
612,Exit long,2025-12-05 02:30,Long Exit,4203.71,21,88324.32,-46.41,-0.05,95.97,0.11,-46.41,-0.05,-1258.52,-0.01
612,Entry long,2025-12-05 01:40," | F:70,40,3,0,1.87,0,1,40.93",4205.92,21,88324.32,-46.41,-0.05,95.97,0.11,-46.41,-0.05,-1258.52,-0.01
613,Exit long,2025-12-05 16:45,Long Exit,4242.02,11,46558.38,103.84,0.22,103.84,0.22,-14.96,-0.03,-1154.68,-0.01
613,Entry long,2025-12-05 16:35," | F:75,16,2,0,0.86,0,1,53.09",4232.58,11,46558.38,103.84,0.22,103.84,0.22,-14.96,-0.03,-1154.68,-0.01
614,Exit long,2025-12-08 02:35,Long Exit,4209.71,12,50414.28,102.24,0.20,102.24,0.20,-24.96,-0.05,-1052.44,-0.01
614,Entry long,2025-12-08 01:45," | F:45,6,3,0,0.57,0,0,50.86",4201.19,12,50414.28,102.24,0.20,102.24,0.20,-24.96,-0.05,-1052.44,-0.01
615,Exit long,2025-12-08 07:30,Long Exit,4211.59,21,88338.39,105,0.12,105,0.12,-10.92,-0.01,-947.44,-0.01
615,Entry long,2025-12-08 07:20," | F:50,34,0,0,2.17,0,0,43.78",4206.59,21,88338.39,105,0.12,105,0.12,-10.92,-0.01,-947.44,-0.01
616,Exit short,2025-12-09 01:20,Short Exit,4193.54,25,104793,-45.5,-0.04,33.75,0.03,-45.5,-0.04,-992.94,-0.01
616,Entry short,2025-12-09 01:05," | F:70,17,3,1,1.04,0,0,55.3",4191.72,25,104793,-45.5,-0.04,33.75,0.03,-45.5,-0.04,-992.94,-0.01
617,Exit short,2025-12-09 14:15,Short Exit,4199.6,11,46294.38,98.78,0.21,98.78,0.21,-5.06,-0.01,-894.16,-0.01
617,Entry short,2025-12-09 11:20," | F:65,233,1,1,0.62,0,1,84",4208.58,11,46294.38,98.78,0.21,98.78,0.21,-5.06,-0.01,-894.16,-0.01
618,Exit short,2025-12-10 04:40,Short Exit,4218.02,22,92750.24,-46.2,-0.05,97.46,0.11,-46.2,-0.05,-940.36,-0.01
618,Entry short,2025-12-10 03:20," | F:55,92,0,1,1.57,0,1,68.9",4215.92,22,92750.24,-46.2,-0.05,97.46,0.11,-46.2,-0.05,-940.36,-0.01
619,Exit short,2025-12-10 09:50,Short Exit,4203.63,27,113603.31,105.3,0.09,105.3,0.09,-34.29,-0.03,-835.06,-0.01
619,Entry short,2025-12-10 09:05," | F:65,11,1,1,0.67,0,1,50.3",4207.53,27,113603.31,105.3,0.09,105.3,0.09,-34.29,-0.03,-835.06,-0.01
620,Exit short,2025-12-10 15:40,Short Exit,4200.15,16,67156,-46.4,-0.07,69.44,0.10,-46.4,-0.07,-881.46,-0.01
620,Entry short,2025-12-10 15:05," | F:70,11,2,1,0.83,0,0,51.59",4197.25,16,67156,-46.4,-0.07,69.44,0.10,-46.4,-0.07,-881.46,-0.01
621,Exit short,2025-12-10 16:20,Short Exit,4200.36,23,96714.08,105.8,0.11,105.8,0.11,-25.76,-0.03,-775.66,-0.01
621,Entry short,2025-12-10 16:10," | F:75,79,2,1,0.43,0,1,67.35",4204.96,23,96714.08,105.8,0.11,105.8,0.11,-25.76,-0.03,-775.66,-0.01
622,Exit long,2025-12-11 03:35,Long Exit,4232.91,18,76240.08,-47.7,-0.06,0.54,0.00,-47.7,-0.06,-823.36,-0.01
622,Entry long,2025-12-11 03:30," | F:70,19,0,0,0.76,0,1,48.42",4235.56,18,76240.08,-47.7,-0.06,0.54,0.00,-47.7,-0.06,-823.36,-0.01
623,Exit long,2025-12-11 11:20,Long Exit,4215.76,27,113720.22,105.3,0.09,105.3,0.09,-23.22,-0.02,-718.06,-0.01
623,Entry long,2025-12-11 11:10," | F:50,35,1,0,0.91,0,0,43.3",4211.86,27,113720.22,105.3,0.09,105.3,0.09,-23.22,-0.02,-718.06,-0.01
624,Exit long,2025-12-11 12:30,Long Exit,4215.95,34,143385.14,-42.84,-0.03,17.68,0.01,-42.84,-0.03,-760.9,-0.01
624,Entry long,2025-12-11 12:25," | F:70,10,1,0,0.53,0,1,50.56",4217.21,34,143385.14,-42.84,-0.03,17.68,0.01,-42.84,-0.03,-760.9,-0.01
625,Exit short,2025-12-17 06:10,Short Exit,4325.11,17,73479.61,-47.26,-0.06,18.87,0.03,-47.26,-0.06,-808.16,-0.01
625,Entry short,2025-12-17 06:00," | F:45,25,0,1,0.75,0,1,58.15",4322.33,17,73479.61,-47.26,-0.06,18.87,0.03,-47.26,-0.06,-808.16,-0.01
626,Exit long,2025-12-17 14:20,Long Exit,4322.36,9,38803.68,97.56,0.25,97.56,0.25,-0.18,0.00,-710.6,-0.01
626,Entry long,2025-12-17 12:35," | F:70,133,1,0,0.39,0,0,34.71",4311.52,9,38803.68,97.56,0.25,97.56,0.25,-0.18,0.00,-710.6,-0.01
627,Exit long,2025-12-19 05:00,Long Exit,4313.86,17,73382.54,-46.92,-0.06,33.49,0.05,-46.92,-0.06,-757.52,-0.01
627,Entry long,2025-12-19 04:45," | F:50,15,0,0,1.62,0,0,38.65",4316.62,17,73382.54,-46.92,-0.06,33.49,0.05,-46.92,-0.06,-757.52,-0.01
628,Exit long,2025-12-19 13:35,Long Exit,4325.48,52,224964.48,-39.52,-0.02,123.76,0.06,-39.52,-0.02,-797.04,-0.01
628,Entry long,2025-12-19 13:10," | F:75,7,1,0,0.91,0,0,45.98",4326.24,52,224964.48,-39.52,-0.02,123.76,0.06,-39.52,-0.02,-797.04,-0.01
629,Exit short,2025-12-19 16:45,Short Exit,4328.03,15,65021.55,101.1,0.16,101.1,0.16,-3.3,-0.01,-695.94,-0.01
629,Entry short,2025-12-19 16:40," | F:70,229,2,1,0.8,0,1,59.08",4334.77,15,65021.55,101.1,0.16,101.1,0.16,-3.3,-0.01,-695.94,-0.01
630,Exit long,2025-12-22 20:45,Long Exit,4431.94,10,44368,-48.6,-0.11,20.7,0.05,-48.6,-0.11,-744.54,-0.01
630,Entry long,2025-12-22 19:35," | F:75,19,2,0,0.94,0,1,55.84",4436.8,10,44368,-48.6,-0.11,20.7,0.05,-48.6,-0.11,-744.54,-0.01
631,Exit short,2025-12-23 08:10,Short Exit,4471.53,11,49291.11,104.28,0.21,104.28,0.21,-16.28,-0.03,-640.26,-0.01
631,Entry short,2025-12-23 07:40," | F:50,13,0,1,0.68,0,1,44.7",4481.01,11,49291.11,104.28,0.21,104.28,0.21,-16.28,-0.03,-640.26,-0.01
632,Exit short,2025-12-23 09:15,Short Exit,4482.94,25,112027.75,-45.75,-0.04,22.25,0.02,-45.75,-0.04,-686.01,-0.01
632,Entry short,2025-12-23 09:05," | F:50,18,1,1,0.78,0,1,54.63",4481.11,25,112027.75,-45.75,-0.04,22.25,0.02,-45.75,-0.04,-686.01,-0.01
633,Exit long,2025-12-23 16:30,Long Exit,4454.09,3,13407.39,-45.12,-0.34,9.21,0.07,-45.12,-0.34,-731.13,-0.01
633,Entry long,2025-12-23 16:05," | F:70,174,2,0,0.42,0,0,27.75",4469.13,3,13407.39,-45.12,-0.34,9.21,0.07,-45.12,-0.34,-731.13,-0.01
634,Exit short,2025-12-26 10:45,Short Exit,4517.46,23,103857.19,-44.39,-0.04,57.5,0.06,-44.39,-0.04,-775.52,-0.01
634,Entry short,2025-12-26 10:20," | F:45,20,1,1,0.85,0,1,67.34",4515.53,23,103857.19,-44.39,-0.04,57.5,0.06,-44.39,-0.04,-775.52,-0.01
635,Exit long,2025-12-30 03:45,Long Exit,4350.82,6,25996.92,108,0.42,108,0.42,-6.42,-0.02,-667.52,-0.01
635,Entry long,2025-12-30 03:05," | F:45,75,0,0,0.73,0,0,44.22",4332.82,6,25996.92,108,0.42,108,0.42,-6.42,-0.02,-667.52,-0.01
636,Exit short,2025-12-31 03:00,Short Exit,4346.56,12,52112.52,-46.2,-0.09,81.96,0.16,-46.2,-0.09,-713.72,-0.01
636,Entry short,2025-12-31 02:40," | F:70,24,0,1,0.57,0,0,51.83",4342.71,12,52112.52,-46.2,-0.09,81.96,0.16,-46.2,-0.09,-713.72,-0.01
637,Exit long,2025-12-31 14:20,Long Exit,4305.46,12,51711.96,-46.44,-0.09,23.88,0.05,-46.44,-0.09,-760.16,-0.01
637,Entry long,2025-12-31 14:05," | F:45,13,2,0,1.03,0,0,41.81",4309.33,12,51711.96,-46.44,-0.09,23.88,0.05,-46.44,-0.09,-760.16,-0.01
638,Exit long,2026-01-05 08:00,Long Exit,4416.23,10,44058.1,104.2,0.24,104.2,0.24,-1.5,0.00,-655.96,-0.01
638,Entry long,2026-01-05 07:45," | F:65,19,0,0,0.58,0,1,50.5",4405.81,10,44058.1,104.2,0.24,104.2,0.24,-1.5,0.00,-655.96,-0.01
639,Exit short,2026-01-06 16:05,Short Exit,4471.47,12,53610.48,-47.16,-0.09,16.2,0.03,-47.16,-0.09,-703.12,-0.01
639,Entry short,2026-01-06 16:00," | F:55,67,2,1,1.37,0,1,59.77",4467.54,12,53610.48,-47.16,-0.09,16.2,0.03,-47.16,-0.09,-703.12,-0.01
640,Exit long,2026-01-06 18:35,Long Exit,4486.58,6,26823.72,95.76,0.36,95.76,0.36,-1.74,-0.01,-607.36,-0.01
640,Entry long,2026-01-06 17:35," | F:70,22,2,0,1,0,1,46.7",4470.62,6,26823.72,95.76,0.36,95.76,0.36,-1.74,-0.01,-607.36,-0.01
641,Exit long,2026-01-08 01:00,Long Exit,4461.22,13,57892.64,103.22,0.18,103.22,0.18,-18.72,-0.03,-504.14,-0.01
641,Entry long,2026-01-07 23:00," | F:50,21,3,0,1.12,0,0,44.91",4453.28,13,57892.64,103.22,0.18,103.22,0.18,-18.72,-0.03,-504.14,-0.01
642,Exit short,2026-01-09 07:15,Short Exit,4460.45,23,102696.15,105.8,0.10,105.8,0.10,-15.87,-0.02,-398.34,0.00
642,Entry short,2026-01-09 07:00," | F:50,25,0,1,1.34,0,1,51.51",4465.05,23,102696.15,105.8,0.10,105.8,0.10,-15.87,-0.02,-398.34,0.00
643,Exit long,2026-01-09 15:30,Long Exit,4460.98,10,44659.9,-50.1,-0.11,86.6,0.19,-50.1,-0.11,-448.44,0.00
643,Entry long,2026-01-09 14:35," | F:65,87,2,0,1.67,0,0,37.88",4465.99,10,44659.9,-50.1,-0.11,86.6,0.19,-50.1,-0.11,-448.44,0.00
644,Exit short,2026-01-12 12:50,Short Exit,4594.54,7,32111.87,-49.91,-0.16,0.91,0.00,-49.91,-0.16,-498.35,0.00
644,Entry short,2026-01-12 12:30," | F:55,10,1,1,0.79,0,1,45.57",4587.41,7,32111.87,-49.91,-0.16,0.91,0.00,-49.91,-0.16,-498.35,0.00
645,Exit long,2026-01-12 19:35,Long Exit,4611.99,11,50778.75,-46.86,-0.09,15.51,0.03,-46.86,-0.09,-545.21,-0.01
645,Entry long,2026-01-12 19:20," | F:75,8,2,0,1.12,0,1,50.24",4616.25,11,50778.75,-46.86,-0.09,15.51,0.03,-46.86,-0.09,-545.21,-0.01
646,Exit long,2026-01-13 08:35,Long Exit,4578.96,10,45837.8,-48.2,-0.11,7.3,0.02,-48.2,-0.11,-593.41,-0.01
646,Entry long,2026-01-13 08:30," | F:45,55,0,0,1.13,0,0,32.89",4583.78,10,45837.8,-48.2,-0.11,7.3,0.02,-48.2,-0.11,-593.41,-0.01
647,Exit long,2026-01-13 13:45,Long Exit,4590.5,15,68753.1,104.4,0.15,104.4,0.15,-41.1,-0.06,-489.01,0.00
647,Entry long,2026-01-13 12:10," | F:55,28,1,0,0.95,0,0,38.05",4583.54,15,68753.1,104.4,0.15,104.4,0.15,-41.1,-0.06,-489.01,0.00
648,Exit short,2026-01-13 15:55,Short Exit,4610.99,15,69266.85,102,0.15,102,0.15,-17.25,-0.02,-387.01,0.00
648,Entry short,2026-01-13 15:45," | F:50,243,2,1,0.66,0,1,78.06",4617.79,15,69266.85,102,0.15,102,0.15,-17.25,-0.02,-387.01,0.00
649,Exit short,2026-01-15 03:20,Short Exit,4600.62,5,23111.2,108.1,0.47,108.1,0.47,-3.7,-0.02,-278.91,0.00
649,Entry short,2026-01-15 01:00," | F:70,13,3,1,0.42,0,0,41.68",4622.24,5,23111.2,108.1,0.47,108.1,0.47,-3.7,-0.02,-278.91,0.00
650,Exit long,2026-01-15 11:35,Long Exit,4609.96,12,55219.92,99.6,0.18,99.6,0.18,-29.64,-0.05,-179.31,0.00
650,Entry long,2026-01-15 10:05," | F:50,26,1,0,1.29,0,0,46.33",4601.66,12,55219.92,99.6,0.18,99.6,0.18,-29.64,-0.05,-179.31,0.00
651,Exit short,2026-01-16 20:40,Short Exit,4596.02,15,68892.75,-47.55,-0.07,5.7,0.01,-47.55,-0.07,-226.86,0.00
651,Entry short,2026-01-16 20:35," | F:70,23,2,1,0.77,0,0,57.27",4592.85,15,68892.75,-47.55,-0.07,5.7,0.01,-47.55,-0.07,-226.86,0.00